{
  "label": "q32b1n_baseline_nid001461_g3",
  "num_cells": 8,
  "graph_mode": 1,
  "mode": "GRAPH",
  "mean_ms": 0.5453516805171966,
  "per_cell_ms": 0.06816896006464958,
  "p95_ms": 0.5511135786771775,
  "p99_ms": 0.5547436863183975,
  "miss_1ms": 0.0,
  "raw": [
    0.5438399910926819,
    0.5454400181770325,
    0.5455039739608765,
    0.5432000160217285,
    0.5432000160217285,
    0.5510079860687256,
    0.5456640124320984,
    0.5457919836044312,
    0.544704020023346,
    0.5448960065841675,
    0.5436480045318604,
    0.5424960255622864,
    0.5428479909896851,
    0.543071985244751,
    0.5574719905853271,
    0.5501120090484619,
    0.5428799986839294,
    0.5453119874000549,
    0.5430399775505066,
    0.5414720177650452,
    0.541375994682312,
    0.5453760027885437,
    0.5422400236129761,
    0.551904022693634,
    0.542464017868042,
    0.5452479720115662,
    0.5430399775505066,
    0.5495039820671082,
    0.5511999726295471,
    0.5456960201263428,
    0.5442240238189697,
    0.5421760082244873,
    0.5484480261802673,
    0.5426560044288635,
    0.5495679974555969,
    0.5412480235099792,
    0.5452799797058105,
    0.5468800067901611,
    0.5432639718055725,
    0.5430399775505066,
    0.5434560179710388,
    0.5461440086364746,
    0.5447679758071899,
    0.5452160239219666,
    0.545087993144989,
    0.5460159778594971,
    0.5485119819641113,
    0.5437440276145935,
    0.5437120199203491,
    0.550495982170105
  ]
}