{
  "label": "sm10_1cell_with72b",
  "sm_pct": 10,
  "stats": {
    "name": "sm10_1cell_with72b",
    "count": 100,
    "mean_ms": 2.4062960004806517,
    "std_ms": 4.297256197888081,
    "p50_ms": 1.0758880376815796,
    "p95_ms": 10.570172595977782,
    "p99_ms": 13.1354314517976,
    "min_ms": 0.8263999819755554,
    "max_ms": 35.36601638793945,
    "jitter": 1.7858385655919782
  },
  "miss_1ms": 0.63,
  "raw": [
    1.1325440406799316,
    0.902176022529602,
    1.1107200384140015,
    10.391615867614746,
    12.072128295898438,
    5.20582389831543,
    1.328160047531128,
    11.124608039855957,
    12.910880088806152,
    12.081215858459473,
    1.0967040061950684,
    0.8797760009765625,
    1.1151039600372314,
    0.8421440124511719,
    1.0642240047454834,
    0.8395199775695801,
    1.0705280303955078,
    0.8413119912147522,
    1.0521279573440552,
    0.8924160003662109,
    1.1068799495697021,
    0.8826879858970642,
    1.0519360303878784,
    0.8846399784088135,
    1.1158720254898071,
    2.199615955352783,
    4.5793280601501465,
    0.8840000033378601,
    1.1192959547042847,
    0.8778560161590576,
    1.0989760160446167,
    0.8736960291862488,
    1.0975359678268433,
    0.8611199855804443,
    1.0563839673995972,
    0.833791971206665,
    1.098304033279419,
    0.8817600011825562,
    1.114240050315857,
    0.8461120128631592,
    1.0812480449676514,
    0.8408960103988647,
    1.0511679649353027,
    1.8760960102081299,
    3.9343039989471436,
    2.0586559772491455,
    1.123136043548584,
    0.8399680256843567,
    1.09660804271698,
    0.8769279718399048,
    1.1161919832229614,
    0.8354880213737488,
    1.0546560287475586,
    0.8448320031166077,
    1.1144640445709229,
    0.8611199855804443,
    1.0447039604187012,
    0.8460800051689148,
    7.282559871673584,
    2.002079963684082,
    6.702816009521484,
    35.36601638793945,
    1.40009605884552,
    10.54099178314209,
    1.1155840158462524,
    0.8926399946212769,
    1.046463966369629,
    0.8834879994392395,
    1.102687954902649,
    0.8443840146064758,
    1.096735954284668,
    0.8372799754142761,
    1.0895359516143799,
    0.8830080032348633,
    1.1009600162506104,
    1.5693440437316895,
    3.656575918197632,
    8.253024101257324,
    1.1203839778900146,
    0.8850560188293457,
    1.113312005996704,
    0.8372160196304321,
    1.0431679487228394,
    0.8324800133705139,
    1.0407999753952026,
    0.8766080141067505,
    1.1383999586105347,
    0.8263999819755554,
    1.115488052368164,
    0.8805760145187378,
    1.0533440113067627,
    0.8327680230140686,
    1.049056053161621,
    0.8333119750022888,
    3.4369919300079346,
    2.0936319828033447,
    4.237023830413818,
    0.8872320055961609,
    1.0816320180892944,
    0.8341439962387085
  ]
}