{
  "label": "bench_4c_STREAM",
  "num_cells": 4,
  "graph_mode": 0,
  "mode": "STREAM",
  "mean_ms": 0.7383635210990905,
  "per_cell_ms": 0.18459088027477263,
  "p95_ms": 0.7428223997354507,
  "p99_ms": 0.7431235349178315,
  "miss_1ms": 0.0,
  "raw": [
    0.737280011177063,
    0.7406719923019409,
    0.7360000014305115,
    0.7367039918899536,
    0.7429440021514893,
    0.737663984298706,
    0.7371519804000854,
    0.7363520264625549,
    0.7353280186653137,
    0.7370560169219971,
    0.7364159822463989,
    0.7355200052261353,
    0.7338240146636963,
    0.7363200187683105,
    0.7349119782447815,
    0.7432960271835327,
    0.7398399710655212,
    0.7380480170249939,
    0.7374079823493958,
    0.7415680289268494,
    0.7394559979438782,
    0.7347840070724487,
    0.7415040135383606,
    0.7427520155906677,
    0.7391359806060791,
    0.7370560169219971,
    0.7428799867630005,
    0.7398080229759216,
    0.7403839826583862,
    0.7413759827613831,
    0.7416639924049377,
    0.7395840287208557,
    0.7406399846076965,
    0.7423359751701355,
    0.7410879731178284,
    0.7363520264625549,
    0.7377920150756836,
    0.7396159768104553,
    0.7410240173339844,
    0.7382400035858154,
    0.7386879920959473,
    0.7364799976348877,
    0.7353600263595581,
    0.7343999743461609,
    0.7340480089187622,
    0.7379840016365051,
    0.7399359941482544,
    0.7390080094337463,
    0.7331200242042542,
    0.7373759746551514
  ]
}