{
  "label": "heavy_baseline_final",
  "num_cells": 20,
  "num_tx": 4,
  "num_rx": 4,
  "mcs": 2,
  "hbm_pct": 22.0,
  "stats": {
    "name": "heavy_baseline_final",
    "count": 100,
    "mean_ms": 17.166808288693428,
    "std_ms": 8.936707600619842,
    "p50_ms": 14.670064061880112,
    "p95_ms": 30.39573712944983,
    "p99_ms": 53.82668705940257,
    "min_ms": 14.566239953041077,
    "max_ms": 75.13462322950363,
    "jitter": 0.520580614074069
  },
  "miss_1ms": 1.0,
  "raw": [
    14.8854079246521,
    16.049791991710663,
    16.2399041056633,
    14.682112038135529,
    14.632832050323486,
    14.69955199956894,
    14.706304013729095,
    14.692607879638672,
    14.725471913814545,
    14.724863886833191,
    14.636416018009186,
    17.456255853176117,
    14.726207911968231,
    35.35993629693985,
    15.213536024093628,
    14.615776002407074,
    14.66889601945877,
    14.63369607925415,
    14.685407996177673,
    14.674784004688263,
    14.665791928768158,
    14.671232104301453,
    14.646624028682709,
    14.694688081741333,
    15.882463991641998,
    16.65702396631241,
    14.61843204498291,
    14.623487949371338,
    14.67443197965622,
    14.640384018421173,
    14.597472012043,
    14.677760124206543,
    14.655007898807526,
    14.652095973491669,
    14.705152034759521,
    14.701567888259888,
    50.70764774084091,
    30.134463489055634,
    14.763007998466492,
    14.654975950717926,
    14.628032147884369,
    14.595296084880829,
    14.600127935409546,
    14.620479941368103,
    14.662944078445435,
    14.942400097846985,
    14.967807948589325,
    15.469056010246277,
    20.70172816514969,
    14.682815849781036,
    14.60915207862854,
    14.656895875930786,
    15.348480105400085,
    14.891359984874725,
    14.665088057518005,
    14.637759983539581,
    14.70608001947403,
    14.603264153003693,
    14.660608112812042,
    48.67244738340378,
    29.803167819976807,
    14.673503994941711,
    14.651455998420715,
    17.51958405971527,
    14.672511994838715,
    14.647999882698059,
    14.665215969085693,
    14.681631922721863,
    14.566239953041077,
    14.628671944141388,
    15.134720087051392,
    17.052000045776367,
    14.65452790260315,
    14.634783864021301,
    14.57504004240036,
    14.608447909355164,
    14.60287994146347,
    14.605759978294373,
    14.581440031528473,
    14.6004798412323,
    14.677504003047943,
    14.592640042304993,
    75.13462322950363,
    53.611455380916595,
    14.572383999824524,
    14.661184132099152,
    14.627360165119171,
    14.591071963310242,
    14.727967977523804,
    14.73030400276184,
    17.41295975446701,
    14.60588800907135,
    14.575392007827759,
    16.112960040569305,
    17.31203192472458,
    14.64303994178772,
    14.666816055774689,
    14.628863990306854,
    14.603519856929779,
    14.577503979206085
  ]
}