{
  "label": "mig32_4n_qwen_nid001537_g2",
  "num_cells": 8,
  "graph_mode": 1,
  "mode": "GRAPH",
  "mean_ms": 0.4684627199172974,
  "per_cell_ms": 0.05855783998966217,
  "p95_ms": 0.47060159146785735,
  "p99_ms": 0.4718924820423126,
  "miss_1ms": 0.0,
  "raw": [
    0.4675840139389038,
    0.4694080054759979,
    0.4704959988594055,
    0.46835198998451233,
    0.4686720073223114,
    0.4700799882411957,
    0.472896009683609,
    0.46825599670410156,
    0.4689280092716217,
    0.46905601024627686,
    0.4696640074253082,
    0.4679360091686249,
    0.4695039987564087,
    0.46825599670410156,
    0.4696640074253082,
    0.4663040041923523,
    0.4686720073223114,
    0.46963199973106384,
    0.46857601404190063,
    0.47068798542022705,
    0.46540799736976624,
    0.4683839976787567,
    0.46937599778175354,
    0.4689599871635437,
    0.4662719964981079,
    0.4679679870605469,
    0.469184011220932,
    0.4678719937801361,
    0.4694400131702423,
    0.4675840139389038,
    0.4673280119895935,
    0.4679679870605469,
    0.4687039852142334,
    0.4681920111179352,
    0.46720001101493835,
    0.469184011220932,
    0.4673599898815155,
    0.4692479968070984,
    0.46649599075317383,
    0.46566399931907654,
    0.4655359983444214,
    0.4689599871635437,
    0.469215989112854,
    0.4708479940891266,
    0.4667840003967285,
    0.4700799882411957,
    0.46985599398612976,
    0.46835198998451233,
    0.46566399931907654,
    0.4674240052700043
  ]
}