{
  "label": "mig32_1n_qwen_nid001533_g1",
  "num_cells": 8,
  "graph_mode": 1,
  "mode": "GRAPH",
  "mean_ms": 0.46957568168640135,
  "per_cell_ms": 0.05869696021080017,
  "p95_ms": 0.4725952073931694,
  "p99_ms": 0.47674560129642485,
  "miss_1ms": 0.0,
  "raw": [
    0.4671359956264496,
    0.4713599979877472,
    0.4691520035266876,
    0.4689280092716217,
    0.46851199865341187,
    0.46931201219558716,
    0.469215989112854,
    0.46937599778175354,
    0.47094398736953735,
    0.47177600860595703,
    0.4716159999370575,
    0.4675520062446594,
    0.4676800072193146,
    0.4676159918308258,
    0.46905601024627686,
    0.4667840003967285,
    0.4691520035266876,
    0.4711360037326813,
    0.4723840057849884,
    0.4684480130672455,
    0.4681600034236908,
    0.4699839949607849,
    0.47145599126815796,
    0.47152000665664673,
    0.468639999628067,
    0.4787839949131012,
    0.47462400794029236,
    0.4675840139389038,
    0.4689919948577881,
    0.4700480103492737,
    0.4705919921398163,
    0.4682239890098572,
    0.4678080081939697,
    0.46857601404190063,
    0.46854400634765625,
    0.469760000705719,
    0.4684160053730011,
    0.469184011220932,
    0.4678719937801361,
    0.4679360091686249,
    0.46908798813819885,
    0.47276800870895386,
    0.46860799193382263,
    0.46777600049972534,
    0.4718720018863678,
    0.46876800060272217,
    0.4692800045013428,
    0.4681279957294464,
    0.4682239890098572,
    0.47043201327323914
  ]
}