{
  "label": "bench_8c_GRAPH",
  "num_cells": 8,
  "graph_mode": 1,
  "mode": "GRAPH",
  "mean_ms": 0.4751295989751816,
  "per_cell_ms": 0.0593911998718977,
  "p95_ms": 0.4784480005502701,
  "p99_ms": 0.4798742392659187,
  "miss_1ms": 0.0,
  "raw": [
    0.47494399547576904,
    0.47577598690986633,
    0.4750399887561798,
    0.47539201378822327,
    0.47356799244880676,
    0.4752640128135681,
    0.4749760031700134,
    0.4760960042476654,
    0.47593599557876587,
    0.4756479859352112,
    0.4724479913711548,
    0.4718720018863678,
    0.4713599979877472,
    0.4764479994773865,
    0.47440001368522644,
    0.4758079946041107,
    0.4753600060939789,
    0.4763520061969757,
    0.4758400022983551,
    0.47366398572921753,
    0.47046399116516113,
    0.4748480021953583,
    0.4750719964504242,
    0.47414401173591614,
    0.47363200783729553,
    0.4782719910144806,
    0.4756479859352112,
    0.4744960069656372,
    0.47385600209236145,
    0.4761280119419098,
    0.47727999091148376,
    0.47491198778152466,
    0.47305598855018616,
    0.47779199481010437,
    0.47782400250434875,
    0.47603198885917664,
    0.4721280038356781,
    0.47702398896217346,
    0.47894400358200073,
    0.48076799511909485,
    0.47436800599098206,
    0.47574400901794434,
    0.4744960069656372,
    0.4745280146598816,
    0.47382399439811707,
    0.4750399887561798,
    0.47433599829673767,
    0.4731200039386749,
    0.47391998767852783,
    0.47859200835227966
  ]
}