{
  "label": "s2n4g_baseline_nid002689_g1",
  "num_cells": 8,
  "graph_mode": 1,
  "mode": "GRAPH",
  "mean_ms": 0.4351315206289291,
  "per_cell_ms": 0.05439144007861614,
  "p95_ms": 0.4392975941300392,
  "p99_ms": 0.4488128042221069,
  "miss_1ms": 0.0,
  "raw": [
    0.43804800510406494,
    0.4355199933052063,
    0.4350079894065857,
    0.43644800782203674,
    0.4349119961261749,
    0.4373759925365448,
    0.435808002948761,
    0.4322560131549835,
    0.4336960017681122,
    0.43539199233055115,
    0.4357120096683502,
    0.43532800674438477,
    0.43408000469207764,
    0.43667200207710266,
    0.4307839870452881,
    0.4352000057697296,
    0.4344640076160431,
    0.43587198853492737,
    0.4366399943828583,
    0.43558400869369507,
    0.4336639940738678,
    0.4345279932022095,
    0.43379199504852295,
    0.4331200122833252,
    0.4336960017681122,
    0.4350079894065857,
    0.43670400977134705,
    0.43356800079345703,
    0.4354879856109619,
    0.4362879991531372,
    0.4339199960231781,
    0.4318400025367737,
    0.4320639967918396,
    0.43327999114990234,
    0.4349440038204193,
    0.4317440092563629,
    0.4330559968948364,
    0.4333440065383911,
    0.4365119934082031,
    0.4328640103340149,
    0.4322560131549835,
    0.4328640103340149,
    0.4336000084877014,
    0.43193599581718445,
    0.43248000741004944,
    0.43379199504852295,
    0.43769600987434387,
    0.4432640075683594,
    0.4541440010070801,
    0.4403199851512909
  ]
}