{
  "label": "real_neuralrx_low",
  "num_cells": 8,
  "num_tx": 4,
  "num_rx": 4,
  "mcs": 2,
  "hbm_pct": 22.9,
  "stats": {
    "name": "real_neuralrx_low",
    "count": 100,
    "mean_ms": 5.983774074316025,
    "std_ms": 0.41118699401737696,
    "p50_ms": 5.886415988206863,
    "p95_ms": 6.316095930337906,
    "p99_ms": 8.726750054359437,
    "min_ms": 5.8447359800338745,
    "max_ms": 8.755072057247162,
    "jitter": 0.06871699848801155
  },
  "miss_1ms": 1.0,
  "raw": [
    6.28300803899765,
    6.3367680311203,
    6.3398080468177795,
    6.40422397851944,
    6.309824049472809,
    6.297504007816315,
    6.315007925033569,
    5.944768011569977,
    5.87913590669632,
    5.87664008140564,
    5.994559943675995,
    5.947135925292969,
    5.883711993694305,
    5.908415973186493,
    5.859840095043182,
    5.918304026126862,
    5.92521595954895,
    5.870655953884125,
    5.9827839732170105,
    5.993567943572998,
    5.925823986530304,
    8.726463973522186,
    5.960640013217926,
    5.875743925571442,
    5.8629119992256165,
    5.896255970001221,
    5.859776020050049,
    5.882080018520355,
    5.874880075454712,
    5.944096088409424,
    5.869952082633972,
    5.914207935333252,
    5.857312023639679,
    5.869248032569885,
    5.9112319350242615,
    5.992255985736847,
    5.873152017593384,
    5.898655891418457,
    5.972352027893066,
    5.896287977695465,
    5.8629119992256165,
    5.903648018836975,
    5.868319988250732,
    5.980480074882507,
    6.016543924808502,
    5.856576025485992,
    5.8966400027275085,
    5.885536015033722,
    5.881215989589691,
    5.871743977069855,
    5.849791944026947,
    5.848031938076019,
    5.914560079574585,
    5.876800000667572,
    5.878368079662323,
    5.879552006721497,
    5.855296015739441,
    5.916991949081421,
    5.8447359800338745,
    5.852672100067139,
    5.874911963939667,
    5.929151952266693,
    5.888063967227936,
    5.890496015548706,
    5.872608006000519,
    5.850976049900055,
    5.970911920070648,
    5.859264016151428,
    5.910143971443176,
    5.859008014202118,
    5.926560044288635,
    5.877056002616882,
    5.849247992038727,
    5.844927906990051,
    5.895904004573822,
    5.852991998195648,
    5.913951933383942,
    5.93584007024765,
    5.8582398891448975,
    5.8889599442481995,
    5.995936036109924,
    6.0625279545784,
    5.8616639375686646,
    5.8477760553359985,
    5.850847959518433,
    5.874879956245422,
    5.859679996967316,
    5.864896059036255,
    5.868607938289642,
    5.8690879344940186,
    5.862655997276306,
    5.887295961380005,
    5.846816003322601,
    5.952031970024109,
    5.88755202293396,
    8.755072057247162,
    5.882175981998444,
    5.930176019668579,
    5.878112018108368,
    5.915775954723358
  ]
}