{
  "label": "mig72_4n_base_nid008637_g1",
  "num_cells": 8,
  "graph_mode": 1,
  "mode": "GRAPH",
  "mean_ms": 0.4708940815925598,
  "per_cell_ms": 0.058861760199069975,
  "p95_ms": 0.4799600124359131,
  "p99_ms": 0.515139206945896,
  "miss_1ms": 0.0,
  "raw": [
    0.46751999855041504,
    0.46854400634765625,
    0.4694719910621643,
    0.4679360091686249,
    0.46832001209259033,
    0.4692800045013428,
    0.46902400255203247,
    0.4681279957294464,
    0.46694400906562805,
    0.47065600752830505,
    0.47283199429512024,
    0.4681279957294464,
    0.46700799465179443,
    0.4707840085029602,
    0.46854400634765625,
    0.4673280119895935,
    0.46643200516700745,
    0.46745601296424866,
    0.4711360037326813,
    0.466048002243042,
    0.46646401286125183,
    0.4663679897785187,
    0.4715839922428131,
    0.4673280119895935,
    0.4670400023460388,
    0.46963199973106384,
    0.4689599871635437,
    0.4663679897785187,
    0.46716800332069397,
    0.47600001096725464,
    0.47062399983406067,
    0.4699519872665405,
    0.4662399888038635,
    0.46806401014328003,
    0.4720959961414337,
    0.4700160026550293,
    0.46726399660110474,
    0.4689599871635437,
    0.4711360037326813,
    0.5419520139694214,
    0.4832000136375427,
    0.46860799193382263,
    0.4700480103492737,
    0.4697920083999634,
    0.4672960042953491,
    0.46908798813819885,
    0.4697279930114746,
    0.4683839976787567,
    0.466592013835907,
    0.4872319996356964
  ]
}