{
  "label": "resnet_baseline_final",
  "stats": {
    "name": "resnet_baseline_final",
    "count": 100,
    "mean_ms": 2.295383670926094,
    "std_ms": 3.274953663741746,
    "p50_ms": 1.0798879861831665,
    "p95_ms": 8.109254312515258,
    "p99_ms": 16.11293518066409,
    "min_ms": 0.8450239896774292,
    "max_ms": 20.938528060913086,
    "jitter": 1.4267565397554804
  },
  "miss_1ms": 0.62,
  "raw": [
    1.09443199634552,
    0.9026560187339783,
    1.1395519971847534,
    0.894976019859314,
    1.1162559986114502,
    0.8519039750099182,
    1.1318399906158447,
    0.9141119718551636,
    1.1673599481582642,
    0.8571199774742126,
    1.0800319910049438,
    0.8514879941940308,
    1.0777599811553955,
    0.9070720076560974,
    1.0939840078353882,
    3.3994240760803223,
    16.064191818237305,
    2.9581758975982666,
    6.836671829223633,
    3.3072640895843506,
    1.0794880390167236,
    0.868831992149353,
    1.0837119817733765,
    0.8574399948120117,
    1.0802240371704102,
    0.8526719808578491,
    1.0758399963378906,
    0.84934401512146,
    1.0733760595321655,
    0.8497599959373474,
    1.8213119506835938,
    8.307583808898926,
    8.09881591796875,
    1.607424020767212,
    7.831711769104004,
    0.9562559723854065,
    1.1467519998550415,
    0.9071360230445862,
    1.1332160234451294,
    0.8950080275535583,
    1.119711995124817,
    0.8484479784965515,
    1.0755200386047363,
    0.902400016784668,
    1.080448031425476,
    0.8537279963493347,
    1.0827840566635132,
    0.8564800024032593,
    1.076159954071045,
    0.8498240113258362,
    9.552224159240723,
    2.9765119552612305,
    7.965023994445801,
    3.3753280639648438,
    1.1475199460983276,
    0.8920639753341675,
    1.0812480449676514,
    0.8514559864997864,
    1.075584053993225,
    0.8922560214996338,
    1.1251200437545776,
    0.8482239842414856,
    1.0746560096740723,
    0.8511040210723877,
    1.081663966178894,
    0.8513280153274536,
    1.072864055633545,
    0.9343039989471436,
    1.0797439813613892,
    0.8589119911193848,
    4.081120014190674,
    2.871040105819702,
    7.888000011444092,
    4.364799976348877,
    7.503967761993408,
    0.9031040072441101,
    1.077407956123352,
    0.8584640026092529,
    1.0814080238342285,
    0.8516160249710083,
    1.1271040439605713,
    0.8468800187110901,
    1.1140799522399902,
    1.1715519428253174,
    1.071328043937683,
    0.8468480110168457,
    1.3237440586090088,
    0.8450239896774292,
    1.1131199598312378,
    0.8970239758491516,
    3.9837119579315186,
    3.021440029144287,
    13.451423645019531,
    1.97052800655365,
    20.938528060913086,
    0.8640000224113464,
    1.1155200004577637,
    0.9039999842643738,
    1.1222399473190308,
    0.9745280146598816
  ]
}