{
  "label": "mig72_4n_base_nid008636_g0",
  "num_cells": 8,
  "graph_mode": 1,
  "mode": "GRAPH",
  "mean_ms": 0.4702732819318771,
  "per_cell_ms": 0.05878416024148464,
  "p95_ms": 0.47847680747509,
  "p99_ms": 0.4886208027601242,
  "miss_1ms": 0.0,
  "raw": [
    0.46880000829696655,
    0.4699519872665405,
    0.4694080054759979,
    0.46956801414489746,
    0.4668160080909729,
    0.4681279957294464,
    0.46911999583244324,
    0.4743039906024933,
    0.46777600049972534,
    0.4676800072193146,
    0.46751999855041504,
    0.47833600640296936,
    0.4665279984474182,
    0.46902400255203247,
    0.469215989112854,
    0.46592000126838684,
    0.4665279984474182,
    0.46803200244903564,
    0.46854400634765625,
    0.4665279984474182,
    0.4675840139389038,
    0.4689599871635437,
    0.4681279957294464,
    0.4689599871635437,
    0.466592013835907,
    0.4678080081939697,
    0.46726399660110474,
    0.466592013835907,
    0.4694719910621643,
    0.4663040041923523,
    0.4671359956264496,
    0.4736959934234619,
    0.474016010761261,
    0.4697920083999634,
    0.46854400634765625,
    0.47699201107025146,
    0.4665600061416626,
    0.46937599778175354,
    0.46902400255203247,
    0.4656960070133209,
    0.4715520143508911,
    0.4708159863948822,
    0.4689919948577881,
    0.47017601132392883,
    0.4779840111732483,
    0.48796799778938293,
    0.48924800753593445,
    0.4718399941921234,
    0.4702720046043396,
    0.47859200835227966
  ]
}