{
  "label": "nv_neuralrx",
  "num_cells": 8,
  "graph_mode": 1,
  "mode": "GRAPH",
  "mean_ms": 0.5985587191581726,
  "per_cell_ms": 0.07481983989477158,
  "p95_ms": 0.6107888042926788,
  "p99_ms": 0.6140876621007919,
  "miss_1ms": 0.0,
  "raw": [
    0.5957760214805603,
    0.5950080156326294,
    0.6098560094833374,
    0.5991680026054382,
    0.5951039791107178,
    0.6016319990158081,
    0.5963839888572693,
    0.5998719930648804,
    0.6038399934768677,
    0.5963519811630249,
    0.6006079912185669,
    0.5947520136833191,
    0.6136959791183472,
    0.5948799848556519,
    0.5958080291748047,
    0.6018880009651184,
    0.601472020149231,
    0.596127986907959,
    0.5962880253791809,
    0.5946239829063416,
    0.5958080291748047,
    0.604960024356842,
    0.59552001953125,
    0.6028479933738708,
    0.6016960144042969,
    0.5977920293807983,
    0.6002240180969238,
    0.5935999751091003,
    0.5958719849586487,
    0.6000319719314575,
    0.5966079831123352,
    0.600383996963501,
    0.5929279923439026,
    0.5953599810600281,
    0.5967360138893127,
    0.5926079750061035,
    0.5941439867019653,
    0.5966399908065796,
    0.5979520082473755,
    0.5943999886512756,
    0.6115520000457764,
    0.5967040061950684,
    0.5967360138893127,
    0.5990719795227051,
    0.595583975315094,
    0.6144639849662781,
    0.5979840159416199,
    0.5957760214805603,
    0.5939840078353882,
    0.5968319773674011
  ]
}