{
  "label": "hthresh_hbm_0.5GB",
  "num_cells": 20,
  "num_tx": 4,
  "num_rx": 4,
  "mcs": 2,
  "hbm_pct": 24.5,
  "stats": {
    "name": "hthresh_hbm_0.5GB",
    "count": 100,
    "mean_ms": 151.34856228351592,
    "std_ms": 6.440056922302141,
    "p50_ms": 150.02249670028687,
    "p95_ms": 155.56303927898406,
    "p99_ms": 186.60609093189242,
    "min_ms": 145.16105604171753,
    "max_ms": 190.03164911270142,
    "jitter": 0.04255116021675984
  },
  "miss_1ms": 1.0,
  "raw": [
    152.04140663146973,
    152.09420776367188,
    156.62886428833008,
    151.4470090866089,
    150.3331208229065,
    152.58800077438354,
    148.50902318954468,
    146.24348735809326,
    149.76758289337158,
    148.557758808136,
    152.04204845428467,
    150.86761713027954,
    149.7786569595337,
    151.45596837997437,
    147.43670415878296,
    148.0344319343567,
    147.99779176712036,
    153.18547248840332,
    149.09084844589233,
    151.53500699996948,
    151.4954252243042,
    154.32854461669922,
    149.69164896011353,
    149.78681564331055,
    155.5006079673767,
    149.7176308631897,
    145.16105604171753,
    146.24342346191406,
    149.23027181625366,
    154.94374418258667,
    153.17337703704834,
    149.23923206329346,
    147.48918533325195,
    149.12435150146484,
    149.13312005996704,
    148.00441598892212,
    190.03164911270142,
    152.063711643219,
    149.76009464263916,
    150.89388847351074,
    149.1556477546692,
    149.74390363693237,
    150.35481595993042,
    150.91788721084595,
    151.46470403671265,
    149.73830318450928,
    150.3382067680359,
    148.00144004821777,
    176.14979124069214,
    149.199200630188,
    150.29516744613647,
    149.75123262405396,
    148.5803837776184,
    146.85247993469238,
    150.32604789733887,
    148.06368017196655,
    150.86307382583618,
    154.36633586883545,
    149.72688007354736,
    148.5840311050415,
    155.4883532524109,
    149.15939140319824,
    150.27439880371094,
    152.10009717941284,
    150.2842893600464,
    153.2421097755432,
    148.61811208724976,
    150.3336958885193,
    146.2569613456726,
    152.01187324523926,
    148.61001539230347,
    150.90240049362183,
    148.01337480545044,
    152.62668800354004,
    147.43567943572998,
    149.72720050811768,
    150.25532913208008,
    147.44937467575073,
    150.29849672317505,
    150.96105670928955,
    150.3177604675293,
    151.44230270385742,
    165.8606734275818,
    149.78966426849365,
    149.15903997421265,
    150.84921598434448,
    146.34531259536743,
    149.7509765625,
    151.465247631073,
    155.5069432258606,
    149.78172779083252,
    148.63036727905273,
    149.68905591964722,
    150.3410234451294,
    186.57148933410645,
    148.0159044265747,
    150.3239026069641,
    149.18544101715088,
    149.75510358810425,
    150.90576171875
  ]
}