{
  "label": "heavy_sm10",
  "num_cells": 20,
  "num_tx": 4,
  "num_rx": 4,
  "mcs": 2,
  "hbm_pct": 21.5,
  "stats": {
    "name": "heavy_sm10",
    "count": 100,
    "mean_ms": 16.64524863243103,
    "std_ms": 6.935511591189302,
    "p50_ms": 14.79966402053833,
    "p95_ms": 19.389631912112204,
    "p99_ms": 50.763833968043386,
    "min_ms": 14.642592012882233,
    "max_ms": 61.436255753040314,
    "jitter": 0.41666614565770976
  },
  "miss_1ms": 1.0,
  "raw": [
    18.830271899700165,
    17.209247946739197,
    17.361664056777954,
    15.567615926265717,
    15.637248039245605,
    15.68016004562378,
    15.59609603881836,
    14.836640000343323,
    14.829919993877411,
    14.78358393907547,
    14.737599968910217,
    14.75791984796524,
    14.697119951248169,
    17.326816022396088,
    15.224992036819458,
    14.749632060527802,
    14.715295970439911,
    15.040991842746735,
    14.836351931095123,
    14.73961591720581,
    14.823135793209076,
    14.788224160671234,
    14.72076803445816,
    14.76611202955246,
    42.26643222570419,
    39.666527926921844,
    17.3361599445343,
    14.73574411869049,
    14.922816038131714,
    14.850528061389923,
    14.906559944152832,
    14.802304029464722,
    14.837695896625519,
    14.798080027103424,
    14.780799925327301,
    14.799616038799286,
    17.152191996574402,
    15.429216027259827,
    14.742048025131226,
    14.753279983997345,
    14.81331193447113,
    14.737311899662018,
    14.702751994132996,
    14.821408092975616,
    14.702719926834106,
    14.68422394990921,
    14.69209611415863,
    30.01747214794159,
    50.65603172779083,
    14.800704061985016,
    14.874144077301025,
    14.798751831054688,
    14.806208074092865,
    17.54182404279709,
    14.800096035003662,
    14.678528070449829,
    14.670176088809967,
    14.749407887458801,
    14.724512100219727,
    16.73872011899948,
    15.723903954029083,
    14.681599915027618,
    14.698976039886475,
    14.754560053348541,
    14.754848003387451,
    14.702592015266418,
    14.714751899242401,
    14.899455845355988,
    14.693312168121338,
    14.767647981643677,
    16.86572778224945,
    61.436255753040314,
    14.831807911396027,
    14.852255940437317,
    14.989951968193054,
    14.744095981121063,
    14.688127934932709,
    14.768383920192719,
    14.779263973236084,
    14.776256084442139,
    17.50457590818405,
    14.692575991153717,
    16.47814416885376,
    15.934272050857544,
    14.791999995708466,
    14.827840030193329,
    14.727392017841339,
    14.679424047470093,
    14.757408142089844,
    14.671487987041473,
    14.76144003868103,
    14.799712002277374,
    14.824095964431763,
    14.995519995689392,
    17.470464050769806,
    14.684959948062897,
    14.642592012882233,
    14.799871981143951,
    14.647103905677795,
    14.662784039974213
  ]
}