{
  "label": "g40_thresh_baseline",
  "num_cells": 20,
  "num_tx": 4,
  "num_rx": 4,
  "mcs": 2,
  "hbm_pct": 44.2,
  "stats": {
    "name": "g40_thresh_baseline",
    "count": 100,
    "mean_ms": 15.978677759170532,
    "std_ms": 5.609655238192808,
    "p50_ms": 14.499087929725647,
    "p95_ms": 26.13451350927353,
    "p99_ms": 40.37934578597555,
    "min_ms": 14.375968098640442,
    "max_ms": 58.54012817144394,
    "jitter": 0.3510713040679037
  },
  "miss_1ms": 1.0,
  "raw": [
    14.805248022079468,
    16.196384012699127,
    16.483424127101898,
    14.693727910518646,
    14.961536049842834,
    14.704095840454102,
    14.812959909439087,
    14.893280029296875,
    14.71478396654129,
    14.712159991264343,
    14.767296075820923,
    14.491968095302582,
    14.44544005393982,
    30.712096095085144,
    14.967999935150146,
    14.556319892406464,
    14.472288072109222,
    14.467648088932037,
    17.688991844654083,
    14.693247973918915,
    14.531488001346588,
    14.551872074604034,
    14.453567802906036,
    14.447776019573212,
    15.849408030509949,
    16.49187207221985,
    14.465279936790466,
    14.460319995880127,
    14.480063915252686,
    14.475776016712189,
    14.473568081855774,
    14.509280025959015,
    14.60316801071167,
    14.38784009218216,
    14.515583872795105,
    14.495647966861725,
    58.54012817144394,
    26.6632000207901,
    14.57529604434967,
    14.463680028915405,
    14.506048083305359,
    14.438816010951996,
    14.517887830734253,
    14.492863953113556,
    14.512095987796783,
    14.391711950302124,
    14.418016016483307,
    15.305471897125244,
    16.661536157131195,
    14.575263977050781,
    14.588831961154938,
    14.440832078456879,
    14.440191984176636,
    14.422400176525116,
    14.415327966213226,
    14.587231874465942,
    14.426432073116302,
    14.49504005908966,
    14.425759971141815,
    26.106687903404236,
    40.19590353965759,
    14.398944020271301,
    14.39382404088974,
    14.493887901306152,
    14.543327867984772,
    14.487007975578308,
    14.41510409116745,
    14.421568036079407,
    14.780384004116058,
    14.580223858356476,
    14.984864056110382,
    17.02380794286728,
    14.452160060405731,
    14.411456048488617,
    14.44019204378128,
    14.484192073345184,
    14.438496053218842,
    14.41817593574524,
    14.408576011657715,
    14.405984103679657,
    14.445279896259308,
    14.375968098640442,
    16.233503997325897,
    15.692671954631805,
    14.441312074661255,
    14.486176073551178,
    14.377151906490326,
    14.455872178077698,
    14.485920071601868,
    14.482463955879211,
    14.422527968883514,
    14.455520033836365,
    14.648095965385437,
    19.308255970478058,
    27.0100160241127,
    14.515103936195374,
    14.502527892589569,
    14.562784016132355,
    14.429952025413513,
    14.51443213224411
  ]
}