{
  "label": "q32b4n_qwen32b_nid001764_g2",
  "num_cells": 8,
  "graph_mode": 1,
  "mode": "GRAPH",
  "mean_ms": 0.45196671843528746,
  "per_cell_ms": 0.05649583980441093,
  "p95_ms": 0.4686751991510391,
  "p99_ms": 0.472329281270504,
  "miss_1ms": 0.0,
  "raw": [
    0.46828800439834595,
    0.4710400104522705,
    0.47356799244880676,
    0.4689919948577881,
    0.46691200137138367,
    0.4676159918308258,
    0.4641599953174591,
    0.45897600054740906,
    0.4657280147075653,
    0.4504320025444031,
    0.4504320025444031,
    0.45046401023864746,
    0.4500479996204376,
    0.45107200741767883,
    0.4505600035190582,
    0.4495680034160614,
    0.4503999948501587,
    0.45206400752067566,
    0.45135998725891113,
    0.4487999975681305,
    0.4485119879245758,
    0.45628800988197327,
    0.4536319971084595,
    0.45558398962020874,
    0.4527040123939514,
    0.45552000403404236,
    0.453792005777359,
    0.44739198684692383,
    0.45100799202919006,
    0.45260798931121826,
    0.45052799582481384,
    0.44892799854278564,
    0.4562239944934845,
    0.44419199228286743,
    0.44230398535728455,
    0.4448640048503876,
    0.4429759979248047,
    0.44412800669670105,
    0.4439679980278015,
    0.4422079920768738,
    0.4412800073623657,
    0.4461120069026947,
    0.45523199439048767,
    0.44268798828125,
    0.4428800046443939,
    0.4461759924888611,
    0.4442879855632782,
    0.4434880018234253,
    0.44230398535728455,
    0.44604799151420593
  ]
}