{
  "label": "s4n4g_baseline_nid001269_g0",
  "num_cells": 8,
  "graph_mode": 1,
  "mode": "GRAPH",
  "mean_ms": 0.434617600440979,
  "per_cell_ms": 0.05432720005512238,
  "p95_ms": 0.43993120789527895,
  "p99_ms": 0.4404656049609184,
  "miss_1ms": 0.0,
  "raw": [
    0.4357759952545166,
    0.4355199933052063,
    0.43747198581695557,
    0.4355199933052063,
    0.4400320053100586,
    0.4360640048980713,
    0.43587198853492737,
    0.4331839978694916,
    0.4315199851989746,
    0.4352959990501404,
    0.435232013463974,
    0.43433600664138794,
    0.43139201402664185,
    0.434112012386322,
    0.4365440011024475,
    0.43558400869369507,
    0.432096004486084,
    0.4339520037174225,
    0.4338879883289337,
    0.4336960017681122,
    0.4318079948425293,
    0.4405440092086792,
    0.43724799156188965,
    0.4336319863796234,
    0.43167999386787415,
    0.4336319863796234,
    0.43487998843193054,
    0.4326080083847046,
    0.4310719966888428,
    0.4362240135669708,
    0.43532800674438477,
    0.4317759871482849,
    0.43167999386787415,
    0.43779200315475464,
    0.435232013463974,
    0.43324801325798035,
    0.43238401412963867,
    0.4363200068473816,
    0.4354879856109619,
    0.4328320026397705,
    0.43273600935935974,
    0.4333760142326355,
    0.44038400053977966,
    0.43372800946235657,
    0.4315199851989746,
    0.4398080110549927,
    0.4355520009994507,
    0.4333440065383911,
    0.43142399191856384,
    0.4365119934082031
  ]
}