{
  "label": "s4n4g_baseline_nid003956_g0",
  "num_cells": 8,
  "graph_mode": 1,
  "mode": "GRAPH",
  "mean_ms": 0.43573887944221495,
  "per_cell_ms": 0.05446735993027687,
  "p95_ms": 0.4438528046011925,
  "p99_ms": 0.44786048531532285,
  "miss_1ms": 0.0,
  "raw": [
    0.43510401248931885,
    0.4357759952545166,
    0.43561598658561707,
    0.4344640076160431,
    0.43587198853492737,
    0.435263991355896,
    0.43542400002479553,
    0.4349760115146637,
    0.4360960125923157,
    0.43833601474761963,
    0.4347200095653534,
    0.43241599202156067,
    0.4338879883289337,
    0.4334079921245575,
    0.4343680143356323,
    0.4442560076713562,
    0.43222400546073914,
    0.43516799807548523,
    0.43724799156188965,
    0.435808002948761,
    0.4349440038204193,
    0.44886401295661926,
    0.4370560050010681,
    0.43372800946235657,
    0.4338560104370117,
    0.43427199125289917,
    0.4345279932022095,
    0.4357120096683502,
    0.4410879909992218,
    0.43251198530197144,
    0.43401598930358887,
    0.4339199960231781,
    0.4333440065383911,
    0.43321600556373596,
    0.43481600284576416,
    0.44150400161743164,
    0.4326399862766266,
    0.43462398648262024,
    0.43590399622917175,
    0.4322879910469055,
    0.434688001871109,
    0.4359999895095825,
    0.43408000469207764,
    0.4323520064353943,
    0.43401598930358887,
    0.44681599736213684,
    0.435263991355896,
    0.4329279959201813,
    0.4341759979724884,
    0.44336000084877014
  ]
}