{
  "label": "eval_B_resnet",
  "num_cells": 8,
  "graph_mode": 1,
  "mode": "GRAPH",
  "mean_ms": 0.647183358669281,
  "per_cell_ms": 0.08089791983366013,
  "p95_ms": 0.9984447836875908,
  "p99_ms": 1.2144960141181944,
  "miss_1ms": 0.06,
  "raw": [
    0.8261119723320007,
    0.6842880249023438,
    0.646943986415863,
    0.5539839863777161,
    0.7101759910583496,
    0.5358719825744629,
    0.5262399911880493,
    0.686303973197937,
    0.5064640045166016,
    0.50627201795578,
    0.5618240237236023,
    0.5419840216636658,
    0.7024319767951965,
    0.648032009601593,
    0.6159359812736511,
    1.2756479978561401,
    0.6563519835472107,
    0.6353279948234558,
    1.1508480310440063,
    0.5308480262756348,
    0.5949119925498962,
    1.1166399717330933,
    0.853983998298645,
    0.5686720013618469,
    0.551584005355835,
    0.6228160262107849,
    0.6728640198707581,
    0.6060159802436829,
    0.6911360025405884,
    0.5333439707756042,
    0.7304319739341736,
    0.5694720149040222,
    0.5726400017738342,
    0.6583999991416931,
    0.582751989364624,
    0.5634559988975525,
    0.8266559839248657,
    0.5552319884300232,
    0.5257599949836731,
    0.8253120183944702,
    0.5767040252685547,
    0.6337599754333496,
    0.6169919967651367,
    0.669920027256012,
    0.5300480127334595,
    0.5342400074005127,
    0.5160319805145264,
    0.5073599815368652,
    0.5146880149841309,
    0.5354560017585754
  ]
}