{
  "label": "mig72_2n_base_nid008660_g3",
  "num_cells": 8,
  "graph_mode": 1,
  "mode": "GRAPH",
  "mean_ms": 0.468202241063118,
  "per_cell_ms": 0.05852528013288975,
  "p95_ms": 0.47373760789632796,
  "p99_ms": 0.48269089311361313,
  "miss_1ms": 0.0,
  "raw": [
    0.4675520062446594,
    0.4676800072193146,
    0.46931201219558716,
    0.4657920002937317,
    0.4660159945487976,
    0.46691200137138367,
    0.46540799736976624,
    0.46639999747276306,
    0.4723840057849884,
    0.4696640074253082,
    0.46851199865341187,
    0.4642240107059479,
    0.4660159945487976,
    0.46716800332069397,
    0.4676159918308258,
    0.47328001260757446,
    0.4639680087566376,
    0.46697598695755005,
    0.46803200244903564,
    0.4667840003967285,
    0.4650239944458008,
    0.4663040041923523,
    0.46649599075317383,
    0.4662719964981079,
    0.4660800099372864,
    0.46726399660110474,
    0.4689280092716217,
    0.4652799963951111,
    0.46614399552345276,
    0.46646401286125183,
    0.4668799936771393,
    0.46537598967552185,
    0.4684799909591675,
    0.4663040041923523,
    0.46774399280548096,
    0.46505600214004517,
    0.47302401065826416,
    0.4684160053730011,
    0.469760000705719,
    0.47411200404167175,
    0.4644159972667694,
    0.46803200244903564,
    0.4732159972190857,
    0.4652479887008667,
    0.46560001373291016,
    0.46934399008750916,
    0.4691520035266876,
    0.4851840138435364,
    0.47071999311447144,
    0.4800960123538971
  ]
}