{
  "label": "mig72_4n_qwen_nid008636_g3",
  "num_cells": 8,
  "graph_mode": 1,
  "mode": "GRAPH",
  "mean_ms": 0.5696211189031601,
  "per_cell_ms": 0.07120263986289502,
  "p95_ms": 1.0313743948936462,
  "p99_ms": 1.5532537639141066,
  "miss_1ms": 0.08,
  "raw": [
    0.5149440169334412,
    0.5372800230979919,
    0.533407986164093,
    0.5058240294456482,
    0.5403839945793152,
    0.49503999948501587,
    0.5152959823608398,
    0.4999360144138336,
    1.1139520406723022,
    1.975327968597412,
    0.5993279814720154,
    0.5476160049438477,
    0.5124160051345825,
    0.5171520113945007,
    0.5264959931373596,
    0.49612799286842346,
    0.5006719827651978,
    0.5069760084152222,
    0.5289279818534851,
    0.5230720043182373,
    0.4975680112838745,
    0.5187199711799622,
    0.4936639964580536,
    0.48553600907325745,
    0.496832013130188,
    0.4982079863548279,
    0.5038400292396545,
    0.49219200015068054,
    0.4973439872264862,
    0.4933440089225769,
    0.5052800178527832,
    0.48921599984169006,
    1.033951997756958,
    0.48236799240112305,
    0.4830720126628876,
    0.4784640073776245,
    0.4776960015296936,
    0.48105600476264954,
    0.48073598742485046,
    0.4787519872188568,
    0.4769279956817627,
    0.511680006980896,
    0.5232319831848145,
    0.5090879797935486,
    0.5179839730262756,
    1.028223991394043,
    0.5256959795951843,
    0.5101439952850342,
    0.515999972820282,
    0.5040640234947205
  ]
}