{
  "label": "heavy_sm50",
  "num_cells": 20,
  "num_tx": 4,
  "num_rx": 4,
  "mcs": 2,
  "hbm_pct": 21.7,
  "stats": {
    "name": "heavy_sm50",
    "count": 100,
    "mean_ms": 15.95035999894142,
    "std_ms": 5.50308523233445,
    "p50_ms": 14.678512006998062,
    "p95_ms": 17.466519969701768,
    "p99_ms": 47.52312125861649,
    "min_ms": 14.54697597026825,
    "max_ms": 55.536703407764435,
    "jitter": 0.3450132305916402
  },
  "miss_1ms": 1.0,
  "raw": [
    15.711935937404633,
    17.125631988048553,
    17.451263964176178,
    15.45827203989029,
    15.484352111816406,
    15.422688007354736,
    15.424799919128418,
    14.760576069355011,
    14.666592001914978,
    14.614751994609833,
    14.664991974830627,
    14.67686402797699,
    14.735360145568848,
    17.20300805568695,
    15.038368046283722,
    14.602688014507294,
    14.636799991130829,
    14.751807928085327,
    14.622720003128052,
    14.660479962825775,
    14.704607963562012,
    14.678688049316406,
    14.70166391134262,
    14.652736067771912,
    33.300480246543884,
    55.536703407764435,
    14.691391944885254,
    14.71884799003601,
    14.666783928871155,
    14.767007887363434,
    14.576031923294067,
    14.646207988262177,
    14.609728038311005,
    14.60287994146347,
    14.66732805967331,
    14.614912033081055,
    16.95772796869278,
    15.464479982852936,
    14.692639827728271,
    14.71369594335556,
    14.60617595911026,
    14.67574405670166,
    14.592095971107483,
    14.68998408317566,
    14.629568040370941,
    14.678335964679718,
    14.681343972682953,
    20.81302398443222,
    47.44217598438263,
    14.62220811843872,
    14.645919919013977,
    14.56108808517456,
    14.65011191368103,
    14.565471827983856,
    14.6981760263443,
    14.671808063983917,
    14.729696154594421,
    14.727360010147095,
    14.624672055244446,
    16.717983901500702,
    15.809824049472809,
    14.708895981311798,
    14.751968145370483,
    14.680671989917755,
    14.638847947120667,
    17.756384074687958,
    14.63948792219162,
    14.598303854465485,
    14.66211199760437,
    14.631231963634491,
    15.214112162590027,
    17.081888139247894,
    14.700512051582336,
    14.695904076099396,
    14.599647760391235,
    14.560384035110474,
    14.579008042812347,
    14.571936070919037,
    14.593887984752655,
    14.60860788822174,
    14.766560018062592,
    14.741184055805206,
    16.464735984802246,
    16.0032000541687,
    14.616640031337738,
    14.54697597026825,
    14.73139202594757,
    14.618047952651978,
    14.683872044086456,
    14.590560138225555,
    14.666879892349243,
    14.64441603422165,
    14.64387196302414,
    14.83190405368805,
    17.37302392721176,
    14.649056017398834,
    14.65174412727356,
    14.63427197933197,
    14.769728064537048,
    14.622880041599274
  ]
}