{
  "label": "m4n_full_nid001760_g2",
  "num_cells": 8,
  "graph_mode": 1,
  "mode": "GRAPH",
  "mean_ms": 2.2601843094825744,
  "per_cell_ms": 0.2825230386853218,
  "p95_ms": 4.331371068954466,
  "p99_ms": 4.688395175933837,
  "miss_1ms": 0.94,
  "raw": [
    1.3626559972763062,
    1.4510400295257568,
    1.029695987701416,
    2.975615978240967,
    3.829024076461792,
    3.4130239486694336,
    2.5978879928588867,
    1.5001599788665771,
    1.9099520444869995,
    2.417952060699463,
    1.5915199518203735,
    1.40447998046875,
    1.5255039930343628,
    1.387328028678894,
    1.2411199808120728,
    0.9921919703483582,
    2.8195838928222656,
    2.7445759773254395,
    3.8737919330596924,
    4.541855812072754,
    2.6744959354400635,
    2.1975040435791016,
    2.4827520847320557,
    1.3682880401611328,
    1.5166399478912354,
    1.5400960445404053,
    1.3389760255813599,
    1.7061760425567627,
    0.9916800260543823,
    2.819551944732666,
    2.7467200756073,
    3.87990403175354,
    4.562975883483887,
    2.6749119758605957,
    1.5053759813308716,
    2.4824960231781006,
    1.5933760404586792,
    0.8041920065879822,
    1.3917440176010132,
    1.4926400184631348,
    1.2897919416427612,
    1.134559988975525,
    4.0741119384765625,
    4.808896064758301,
    3.427583932876587,
    3.9795520305633545,
    2.2143359184265137,
    2.217855930328369,
    2.091871976852417,
    1.3911999464035034
  ]
}