{
  "label": "m1n_baseline_nid001277_g0",
  "num_cells": 8,
  "graph_mode": 1,
  "mode": "GRAPH",
  "mean_ms": 0.5475097584724427,
  "per_cell_ms": 0.06843871980905533,
  "p95_ms": 0.5533999919891357,
  "p99_ms": 0.5567043232917785,
  "miss_1ms": 0.0,
  "raw": [
    0.5511040091514587,
    0.5472959876060486,
    0.5434880256652832,
    0.5455359816551208,
    0.5452479720115662,
    0.5440000295639038,
    0.547327995300293,
    0.5450239777565002,
    0.5513280034065247,
    0.544543981552124,
    0.5446079969406128,
    0.5443840026855469,
    0.5421440005302429,
    0.5459200143814087,
    0.5431039929389954,
    0.5457280278205872,
    0.5484480261802673,
    0.5472319722175598,
    0.5416319966316223,
    0.5427200198173523,
    0.5517759919166565,
    0.5464959740638733,
    0.5533120036125183,
    0.5453119874000549,
    0.550495982170105,
    0.5460799932479858,
    0.5461440086364746,
    0.5534719824790955,
    0.5590720176696777,
    0.5472319722175598,
    0.5477120280265808,
    0.5464320182800293,
    0.5452160239219666,
    0.5502719879150391,
    0.5542399883270264,
    0.5443840026855469,
    0.5516480207443237,
    0.546239972114563,
    0.5451200008392334,
    0.5511360168457031,
    0.5523520112037659,
    0.5505920052528381,
    0.5468800067901611,
    0.5462719798088074,
    0.5510720014572144,
    0.550495982170105,
    0.5455679893493652,
    0.5442559719085693,
    0.5430399775505066,
    0.5523520112037659
  ]
}