{
  "label": "m4n_full_nid001760_g3",
  "num_cells": 8,
  "graph_mode": 1,
  "mode": "GRAPH",
  "mean_ms": 0.9218246340751648,
  "per_cell_ms": 0.1152280792593956,
  "p95_ms": 1.07283998131752,
  "p99_ms": 1.0786454164981842,
  "miss_1ms": 0.28,
  "raw": [
    0.9650560021400452,
    0.863103985786438,
    0.8925439715385437,
    1.0314879417419434,
    0.7008960247039795,
    1.0804799795150757,
    0.9527360200881958,
    1.0450880527496338,
    0.9336320161819458,
    0.9484480023384094,
    0.8591039776802063,
    1.035264015197754,
    0.8743360042572021,
    1.0683519840240479,
    0.8764479756355286,
    1.0166720151901245,
    0.6970239877700806,
    0.8758080005645752,
    1.0103039741516113,
    0.7103999853134155,
    0.6937919855117798,
    0.8595839738845825,
    0.8611519932746887,
    0.9674239754676819,
    1.041152000427246,
    0.8899840116500854,
    0.9969279766082764,
    0.952895998954773,
    1.0399359464645386,
    0.8783680200576782,
    0.9322879910469055,
    0.9580159783363342,
    1.0493760108947754,
    0.8885440230369568,
    0.9932799935340881,
    0.6992959976196289,
    0.6938239932060242,
    1.0765119791030884,
    0.9248639941215515,
    1.0767359733581543,
    0.9308159947395325,
    0.9366719722747803,
    0.9266240000724792,
    1.0221120119094849,
    0.9595199823379517,
    0.8672320246696472,
    0.9456959962844849,
    1.0203520059585571,
    0.7044479846954346,
    0.8666239976882935
  ]
}