{
  "label": "72b_baseline",
  "stats": {
    "name": "72b_baseline",
    "count": 100,
    "mean_ms": 2.246863997578621,
    "std_ms": 2.98837729476108,
    "p50_ms": 1.153503954410553,
    "p95_ms": 7.793486571311949,
    "p99_ms": 8.67970820426949,
    "min_ms": 0.8966079950332642,
    "max_ms": 24.42742347717285,
    "jitter": 1.3300214423220835
  },
  "miss_1ms": 0.64,
  "raw": [
    1.1442240476608276,
    0.9045439958572388,
    1.1812800168991089,
    1.1749119758605957,
    7.657631874084473,
    3.0889599323272705,
    8.194432258605957,
    0.9485759735107422,
    1.1928960084915161,
    0.9045439958572388,
    1.1859519481658936,
    0.8975679874420166,
    1.1383999586105347,
    0.9400960206985474,
    1.1487360000610352,
    0.9544000029563904,
    1.194815993309021,
    0.8976960182189941,
    1.128767967224121,
    0.9103040099143982,
    1.1958400011062622,
    0.8991039991378784,
    1.1312639713287354,
    2.6703040599823,
    6.776544094085693,
    3.1061758995056152,
    7.659808158874512,
    3.105664014816284,
    5.1472320556640625,
    0.9429759979248047,
    1.1526720523834229,
    0.9008640050888062,
    1.17084801197052,
    0.9127680063247681,
    1.1342719793319702,
    0.9092159867286682,
    1.1606080532073975,
    0.8999680280685425,
    1.1710079908370972,
    0.8966079950332642,
    1.134335994720459,
    0.8983680009841919,
    1.1542079448699951,
    0.8978239893913269,
    4.526591777801514,
    0.9521600008010864,
    8.52064037322998,
    3.1468799114227295,
    4.572480201721191,
    3.05132794380188,
    1.1919360160827637,
    0.9412800073623657,
    1.1798720359802246,
    0.9043520092964172,
    1.1778240203857422,
    0.9396799802780151,
    1.1767040491104126,
    0.8979520201683044,
    1.13046395778656,
    0.902400016784668,
    2.7130239009857178,
    1.8197760581970215,
    7.772384166717529,
    3.4675838947296143,
    4.821631908416748,
    2.926464080810547,
    1.1527999639511108,
    0.8992319703102112,
    1.190335988998413,
    0.9053120017051697,
    1.1987199783325195,
    0.9470400214195251,
    3.132672071456909,
    0.9223359823226929,
    1.1949759721755981,
    0.9385920166969299,
    1.174496054649353,
    0.9416639804840088,
    1.1861439943313599,
    0.9035519957542419,
    3.591871976852417,
    3.3224000930786133,
    8.295295715332031,
    8.317055702209473,
    24.42742347717285,
    2.8657920360565186,
    1.1440320014953613,
    0.9175040125846863,
    1.1815359592437744,
    1.0312960147857666,
    1.1896320581436157,
    0.9168000221252441,
    1.1739200353622437,
    0.9016960263252258,
    1.1599040031433105,
    0.9203839898109436,
    1.1421120166778564,
    0.9107840061187744,
    1.1403520107269287,
    0.8981119990348816
  ]
}