{
  "label": "q32b4n_qwen32b_nid001533_g3",
  "num_cells": 8,
  "graph_mode": 1,
  "mode": "GRAPH",
  "mean_ms": 0.8140256011486053,
  "per_cell_ms": 0.10175320014357567,
  "p95_ms": 2.6983247637748717,
  "p99_ms": 3.55697598695755,
  "miss_1ms": 0.16,
  "raw": [
    0.43584001064300537,
    0.4338560104370117,
    0.4346559941768646,
    0.43273600935935974,
    0.4322879910469055,
    0.43612799048423767,
    0.4376319944858551,
    0.43347200751304626,
    0.43408000469207764,
    0.4366399943828583,
    0.43670400977134705,
    0.4345279932022095,
    0.43161600828170776,
    0.43459200859069824,
    0.43721601366996765,
    0.4343999922275543,
    0.43353599309921265,
    0.4328640103340149,
    0.4349440038204193,
    0.43487998843193054,
    0.43753600120544434,
    0.43561598658561707,
    0.43859198689460754,
    0.43299201130867004,
    0.4334399998188019,
    0.44761601090431213,
    0.4334399998188019,
    0.43401598930358887,
    0.435232013463974,
    0.4371199905872345,
    0.4349760115146637,
    0.4312640130519867,
    0.44336000084877014,
    0.43647998571395874,
    0.4432640075683594,
    0.4328320026397705,
    0.4402559995651245,
    0.6013439893722534,
    3.557760000228882,
    0.7135040163993835,
    2.633824110031128,
    2.703263998031616,
    0.9304959774017334,
    2.61081600189209,
    1.6393920183181763,
    0.690015971660614,
    1.6684160232543945,
    2.6922879219055176,
    0.5833600163459778,
    3.5561599731445312
  ]
}