{
  "label": "mig32_2n_qwen_nid001460_g3",
  "num_cells": 8,
  "graph_mode": 1,
  "mode": "GRAPH",
  "mean_ms": 0.48978944301605226,
  "per_cell_ms": 0.06122368037700653,
  "p95_ms": 0.5398943901062011,
  "p99_ms": 0.5558697563409805,
  "miss_1ms": 0.0,
  "raw": [
    0.46832001209259033,
    0.47228801250457764,
    0.4705280065536499,
    0.47174400091171265,
    0.47065600752830505,
    0.4695039987564087,
    0.47011199593544006,
    0.46876800060272217,
    0.47625601291656494,
    0.4705919921398163,
    0.46902400255203247,
    0.4689919948577881,
    0.46835198998451233,
    0.4694080054759979,
    0.46806401014328003,
    0.46876800060272217,
    0.46931201219558716,
    0.46963199973106384,
    0.4696959853172302,
    0.4713920056819916,
    0.4675840139389038,
    0.47228801250457764,
    0.4697279930114746,
    0.4687359929084778,
    0.46806401014328003,
    0.4697920083999634,
    0.4713599979877472,
    0.46803200244903564,
    0.4695360064506531,
    0.4679360091686249,
    0.4700160026550293,
    0.4683839976787567,
    0.4662719964981079,
    0.46931201219558716,
    0.5502719879150391,
    0.5424000024795532,
    0.5208640098571777,
    0.5347520112991333,
    0.5363519787788391,
    0.5368319749832153,
    0.5159040093421936,
    0.5612480044364929,
    0.5352960228919983,
    0.5229439735412598,
    0.5328320264816284,
    0.5224320292472839,
    0.5230399966239929,
    0.5264000296592712,
    0.5313599705696106,
    0.5280960202217102
  ]
}