{
  "label": "eval_C_resnet",
  "num_cells": 8,
  "graph_mode": 1,
  "mode": "GRAPH",
  "mean_ms": 0.6557644784450531,
  "per_cell_ms": 0.08197055980563164,
  "p95_ms": 0.9380064159631728,
  "p99_ms": 1.1164290964603423,
  "miss_1ms": 0.04,
  "raw": [
    0.6381440162658691,
    0.5156159996986389,
    0.5725759863853455,
    0.708736002445221,
    0.5400639772415161,
    0.5483840107917786,
    0.7928959727287292,
    0.5597119927406311,
    0.6304320096969604,
    0.5625280141830444,
    0.7109760046005249,
    0.5323839783668518,
    0.5241280198097229,
    0.6733120083808899,
    0.5097919702529907,
    0.5137280225753784,
    0.5120639801025391,
    0.7733439803123474,
    0.6303359866142273,
    0.5576959848403931,
    0.5757120251655579,
    0.5884159803390503,
    0.6014080047607422,
    0.5668799877166748,
    0.5802879929542542,
    0.6805760264396667,
    0.6863679885864258,
    1.0839359760284424,
    0.5910720229148865,
    0.6037120223045349,
    0.6957759857177734,
    1.1476479768753052,
    0.5957440137863159,
    0.9212160110473633,
    0.6058239936828613,
    0.951744019985199,
    0.5942400097846985,
    0.9048320055007935,
    0.5469759702682495,
    0.5948799848556519,
    0.5797439813613892,
    0.8248000144958496,
    0.6605439782142639,
    0.5300800204277039,
    0.8367040157318115,
    0.7043840289115906,
    0.522271990776062,
    0.8281279802322388,
    0.5440319776535034,
    0.6334400177001953
  ]
}