{
  "label": "sm100_1cell_with72b",
  "sm_pct": 100,
  "stats": {
    "name": "sm100_1cell_with72b",
    "count": 100,
    "mean_ms": 2.4533600038290024,
    "std_ms": 2.692650255418718,
    "p50_ms": 1.6732800006866455,
    "p95_ms": 6.493694400787353,
    "p99_ms": 15.35401119232178,
    "min_ms": 0.9784960150718689,
    "max_ms": 15.644960403442383,
    "jitter": 1.0975357270095913
  },
  "miss_1ms": 0.99,
  "raw": [
    1.8708159923553467,
    1.2231680154800415,
    4.5253119468688965,
    2.557215929031372,
    2.4867520332336426,
    1.8567039966583252,
    2.1716160774230957,
    1.590432047843933,
    2.1989760398864746,
    1.7426879405975342,
    14.76307201385498,
    1.802016019821167,
    2.0043840408325195,
    1.3391679525375366,
    1.6977280378341675,
    1.9994879961013794,
    2.0596160888671875,
    15.644960403442383,
    2.3134400844573975,
    1.9554239511489868,
    3.12719988822937,
    1.9678080081939697,
    1.8893439769744873,
    1.5816960334777832,
    5.836671829223633,
    1.9376319646835327,
    1.6560959815979004,
    1.3371200561523438,
    1.9639359712600708,
    1.1337599754333496,
    1.666975975036621,
    1.5481280088424683,
    1.67958402633667,
    1.8699519634246826,
    1.6418880224227905,
    1.0610239505767822,
    1.709920048713684,
    1.0915199518203735,
    6.524672031402588,
    2.4356160163879395,
    1.4084800481796265,
    1.319200038909912,
    1.5485119819641113,
    1.233024001121521,
    1.3365440368652344,
    12.907039642333984,
    1.4251519441604614,
    1.057536005973816,
    1.3036799430847168,
    1.1702079772949219,
    3.497567892074585,
    2.293760061264038,
    1.7742079496383667,
    1.4266879558563232,
    1.5335359573364258,
    1.0982400178909302,
    1.5424319505691528,
    1.1033600568771362,
    4.174816131591797,
    1.1666239500045776,
    1.5234559774398804,
    1.5662720203399658,
    1.606335997581482,
    2.386784076690674,
    1.3894720077514648,
    1.0826239585876465,
    1.363935947418213,
    2.2795519828796387,
    1.6232320070266724,
    1.0808000564575195,
    1.3671679496765137,
    1.6390719413757324,
    1.550271987915039,
    1.7737599611282349,
    1.3719680309295654,
    6.492063999176025,
    3.201280117034912,
    1.4672960042953491,
    1.748576045036316,
    2.718816041946411,
    1.8314239978790283,
    1.3862080574035645,
    15.351072311401367,
    1.5063999891281128,
    1.555999994277954,
    1.1208640336990356,
    1.4002879858016968,
    0.9784960150718689,
    1.438048005104065,
    1.1280319690704346,
    1.4440640211105347,
    1.4015040397644043,
    3.326080083847046,
    2.907360076904297,
    2.631903886795044,
    1.710495948791504,
    1.9450559616088867,
    2.6524159908294678,
    2.0537919998168945,
    2.5496320724487305
  ]
}