{
  "label": "q32b4n_qwen32b_nid001461_g3",
  "num_cells": 8,
  "graph_mode": 1,
  "mode": "GRAPH",
  "mean_ms": 0.4429702413082123,
  "per_cell_ms": 0.055371280163526534,
  "p95_ms": 0.45060319900512696,
  "p99_ms": 0.4513788712024689,
  "miss_1ms": 0.0,
  "raw": [
    0.44441598653793335,
    0.44492799043655396,
    0.45151999592781067,
    0.4469760060310364,
    0.44284799695014954,
    0.44995200634002686,
    0.44495999813079834,
    0.4511359930038452,
    0.4453119933605194,
    0.44435200095176697,
    0.4436799883842468,
    0.44377601146698,
    0.44393599033355713,
    0.4440320134162903,
    0.4431680142879486,
    0.442111998796463,
    0.43430399894714355,
    0.44576001167297363,
    0.4389120042324066,
    0.43487998843193054,
    0.44204801321029663,
    0.4453119933605194,
    0.4431999921798706,
    0.4458880126476288,
    0.4434559941291809,
    0.43702399730682373,
    0.4376319944858551,
    0.4444800019264221,
    0.44582399725914,
    0.4458880126476288,
    0.44435200095176697,
    0.43670400977134705,
    0.4429120123386383,
    0.44409599900245667,
    0.4360960125923157,
    0.451231986284256,
    0.44703999161720276,
    0.4411199986934662,
    0.4432640075683594,
    0.4415999948978424,
    0.43590399622917175,
    0.4375680088996887,
    0.44732800126075745,
    0.4429120123386383,
    0.4421760141849518,
    0.4442560076713562,
    0.435232013463974,
    0.4433920085430145,
    0.44358399510383606,
    0.4360319972038269
  ]
}