{
  "label": "s4n_baseline_n3",
  "num_cells": 8,
  "graph_mode": 1,
  "mode": "GRAPH",
  "mean_ms": 0.4335552006959915,
  "per_cell_ms": 0.05419440008699894,
  "p95_ms": 0.4361792132258415,
  "p99_ms": 0.43770528614521026,
  "miss_1ms": 0.0,
  "raw": [
    0.4352959990501404,
    0.436352014541626,
    0.4359680116176605,
    0.4318079948425293,
    0.43244799971580505,
    0.434112012386322,
    0.4352959990501404,
    0.4336639940738678,
    0.43164798617362976,
    0.4336319863796234,
    0.43372800946235657,
    0.43222400546073914,
    0.4325760006904602,
    0.43558400869369507,
    0.438944011926651,
    0.4318400025367737,
    0.43219199776649475,
    0.43356800079345703,
    0.4334079921245575,
    0.4334399998188019,
    0.4328320026397705,
    0.4325439929962158,
    0.43139201402664185,
    0.43241599202156067,
    0.4339520037174225,
    0.43542400002479553,
    0.43542400002479553,
    0.43302398920059204,
    0.43302398920059204,
    0.4331839978694916,
    0.43299201130867004,
    0.4323199987411499,
    0.4320000112056732,
    0.43270400166511536,
    0.43382400274276733,
    0.43088001012802124,
    0.4350079894065857,
    0.435808002948761,
    0.43641600012779236,
    0.43212801218032837,
    0.43164798617362976,
    0.4330880045890808,
    0.4325760006904602,
    0.4325760006904602,
    0.4320319890975952,
    0.4350399971008301,
    0.43584001064300537,
    0.43164798617362976,
    0.4344319999217987,
    0.4338560104370117
  ]
}