{
  "label": "mig32_4n_qwen_nid001541_g2",
  "num_cells": 8,
  "graph_mode": 1,
  "mode": "GRAPH",
  "mean_ms": 0.46769088208675386,
  "per_cell_ms": 0.05846136026084423,
  "p95_ms": 0.4700336068868637,
  "p99_ms": 0.47118975669145585,
  "miss_1ms": 0.0,
  "raw": [
    0.4676159918308258,
    0.47225600481033325,
    0.4686720073223114,
    0.469760000705719,
    0.46720001101493835,
    0.46988800168037415,
    0.4681600034236908,
    0.46825599670410156,
    0.4665279984474182,
    0.4700480103492737,
    0.4684480130672455,
    0.46649599075317383,
    0.4673280119895935,
    0.46857601404190063,
    0.46777600049972534,
    0.4642559885978699,
    0.46691200137138367,
    0.4700160026550293,
    0.4681920111179352,
    0.4630720019340515,
    0.465472012758255,
    0.4681600034236908,
    0.4688960015773773,
    0.4673919975757599,
    0.46566399931907654,
    0.4700799882411957,
    0.46876800060272217,
    0.4663040041923523,
    0.4657920002937317,
    0.4670720100402832,
    0.4679360091686249,
    0.4676159918308258,
    0.4673280119895935,
    0.46639999747276306,
    0.4672960042953491,
    0.46876800060272217,
    0.46748799085617065,
    0.4687359929084778,
    0.46828800439834595,
    0.4675840139389038,
    0.4662399888038635,
    0.4675520062446594,
    0.4668799936771393,
    0.466592013835907,
    0.4684160053730011,
    0.4684160053730011,
    0.46857601404190063,
    0.46649599075317383,
    0.46716800332069397,
    0.4677119851112366
  ]
}