{
  "label": "g40_baseline_final",
  "num_cells": 20,
  "num_tx": 4,
  "num_rx": 4,
  "mcs": 2,
  "hbm_pct": 44.2,
  "stats": {
    "name": "g40_baseline_final",
    "count": 100,
    "mean_ms": 14.97929601073265,
    "std_ms": 0.997988685176598,
    "p50_ms": 14.535616040229797,
    "p95_ms": 17.206646439433097,
    "p99_ms": 18.365765461921697,
    "min_ms": 14.472192168235779,
    "max_ms": 19.693695902824402,
    "jitter": 0.0666245385939059
  },
  "miss_1ms": 1.0,
  "raw": [
    19.693695902824402,
    18.352352023124695,
    17.55804795026779,
    14.801184117794037,
    14.652831971645355,
    14.637984037399292,
    14.63318407535553,
    14.602495908737183,
    14.60044801235199,
    14.628639996051788,
    14.52812796831131,
    14.543839871883392,
    14.544032156467438,
    17.30556809902191,
    14.97216010093689,
    14.56083220243454,
    14.527744054794312,
    14.539648115634918,
    14.575744092464447,
    14.53084796667099,
    14.510016143321991,
    14.542559921741486,
    14.494143962860107,
    14.517312049865723,
    15.676928162574768,
    16.53238409757614,
    14.626047968864441,
    14.548096120357513,
    17.129792034626007,
    14.559615969657898,
    14.598623931407928,
    14.560800075531006,
    14.553343951702118,
    14.52732801437378,
    14.491679847240448,
    14.502623915672302,
    16.928543984889984,
    15.230784058570862,
    14.532768070697784,
    14.532832086086273,
    14.541599988937378,
    14.544351935386658,
    14.515136003494263,
    14.515904068946838,
    14.521632015705109,
    14.509343981742859,
    14.534464061260223,
    15.326111853122711,
    16.69535994529724,
    14.524351954460144,
    14.500480055809021,
    14.536768019199371,
    14.561280071735382,
    14.537311851978302,
    14.50246411561966,
    14.520319938659668,
    14.497503936290741,
    14.519711971282959,
    17.06367999315262,
    16.556191861629486,
    15.467040121555328,
    14.517663955688477,
    14.490240037441254,
    14.512896060943604,
    14.472192168235779,
    14.526176035404205,
    14.539071917533875,
    14.513920068740845,
    14.531808137893677,
    14.505792081356049,
    15.163616061210632,
    16.92524802684784,
    14.517984092235565,
    14.506175935268402,
    14.49695998430252,
    14.516479909420013,
    14.523616075515747,
    14.586079955101013,
    14.503455936908722,
    14.527679979801178,
    14.504608035087585,
    14.498495936393738,
    16.261023998260498,
    15.759392023086548,
    14.492255926132202,
    14.516160130500793,
    14.522527992725372,
    17.42313587665558,
    14.51996797323227,
    14.479423880577087,
    14.525504171848297,
    14.568031907081604,
    14.522463858127594,
    14.762528002262115,
    17.201440036296844,
    14.544096052646637,
    14.50540816783905,
    14.519455969333649,
    14.531007945537567,
    14.518976032733917
  ]
}