{
  "label": "conc_sm30",
  "num_cells": 20,
  "num_tx": 4,
  "num_rx": 4,
  "mcs": 2,
  "concurrent": true,
  "hbm_pct": 43.4,
  "stats": {
    "mean_ms": 16.51258239746094,
    "p50_ms": 14.543712139129639,
    "p95_ms": 33.84169597625732,
    "p99_ms": 44.78860187530519,
    "jitter": 0.36857440365190713
  },
  "miss_1ms": 1.0,
  "raw": [
    16.756864547729492,
    36.2655029296875,
    47.071998596191406,
    14.529631614685059,
    15.225919723510742,
    14.540384292602539,
    17.591487884521484,
    14.531392097473145,
    14.518688201904297,
    14.496159553527832,
    14.506367683410645,
    14.456416130065918,
    14.555647850036621,
    17.339712142944336,
    20.07151985168457,
    14.483296394348145,
    14.47753620147705,
    14.54259204864502,
    14.482560157775879,
    14.460000038146973,
    14.639871597290039,
    17.351200103759766,
    14.471967697143555,
    14.506848335266113,
    17.791616439819336,
    16.44758415222168,
    14.554335594177246,
    17.52774429321289,
    14.755200386047363,
    14.590751647949219,
    14.587295532226562,
    14.550368309020996,
    14.580512046813965,
    14.470720291137695,
    14.476927757263184,
    17.540096282958984,
    16.94451141357422,
    15.239295959472656,
    14.701855659484863,
    14.576128005981445,
    14.63043212890625,
    14.477855682373047,
    20.28223991394043,
    14.824383735656738,
    14.488448143005371,
    14.527263641357422,
    14.488351821899414,
    15.389856338500977,
    17.263551712036133,
    14.552895545959473,
    14.619359970092773,
    14.498527526855469,
    14.458304405212402,
    14.553824424743652,
    14.46713638305664,
    14.647007942199707,
    14.52121639251709,
    14.469663619995117,
    14.524415969848633,
    44.76553726196289,
    40.167423248291016,
    14.508864402770996,
    14.464096069335938,
    14.477120399475098,
    14.577471733093262,
    14.544832229614258,
    14.501503944396973,
    14.498016357421875,
    14.48361587524414,
    14.60431957244873,
    15.250080108642578,
    16.9453125,
    14.482463836669922,
    14.438528060913086,
    14.47436809539795,
    14.580896377563477,
    14.625663757324219,
    14.444416046142578,
    14.477055549621582,
    14.618592262268066,
    14.492704391479492,
    14.602272033691406,
    36.22137451171875,
    33.71644973754883,
    14.479392051696777,
    14.473471641540527,
    14.541664123535156,
    14.515359878540039,
    14.535840034484863,
    14.449407577514648,
    14.474495887756348,
    14.716032028198242,
    14.540767669677734,
    14.854592323303223,
    17.2475528717041,
    14.469344139099121,
    14.625472068786621,
    14.512063980102539,
    14.484928131103516,
    14.481632232666016
  ]
}