{
  "label": "bora_matmul",
  "num_cells": 8,
  "graph_mode": 1,
  "mode": "GRAPH",
  "mean_ms": 0.5435814368724823,
  "per_cell_ms": 0.06794767960906029,
  "p95_ms": 0.5543312013149262,
  "p99_ms": 0.5677123320102692,
  "miss_1ms": 0.0,
  "raw": [
    0.547104001045227,
    0.5358080267906189,
    0.5360640287399292,
    0.5390400290489197,
    0.5350080132484436,
    0.5463039875030518,
    0.5505599975585938,
    0.5457919836044312,
    0.5495359897613525,
    0.5516480207443237,
    0.5428799986839294,
    0.5289279818534851,
    0.5509759783744812,
    0.5415040254592896,
    0.5353919863700867,
    0.535647988319397,
    0.5447999835014343,
    0.543071985244751,
    0.5450239777565002,
    0.5336639881134033,
    0.5419520139694214,
    0.5360640287399292,
    0.5366079807281494,
    0.5394240021705627,
    0.5368319749832153,
    0.5492799878120422,
    0.5472000241279602,
    0.541920006275177,
    0.5409600138664246,
    0.5473600029945374,
    0.5427839756011963,
    0.5558720231056213,
    0.5488640069961548,
    0.5507199764251709,
    0.5457919836044312,
    0.5524479746818542,
    0.535647988319397,
    0.5619840025901794,
    0.5420479774475098,
    0.5398079752922058,
    0.5321599841117859,
    0.5732160210609436,
    0.544543981552124,
    0.5472959876060486,
    0.5385599732398987,
    0.5385919809341431,
    0.543008029460907,
    0.5425599813461304,
    0.5426880121231079,
    0.5441280007362366
  ]
}