{
  "label": "gintf_stream_neuralrx_high",
  "num_cells": 8,
  "graph_mode": 0,
  "mode": "STREAM",
  "mean_ms": 2.033912317752838,
  "per_cell_ms": 0.2542390397191048,
  "p95_ms": 2.147443187236786,
  "p99_ms": 2.2221308279037473,
  "miss_1ms": 1.0,
  "raw": [
    2.1142079830169678,
    1.918336033821106,
    1.9208320379257202,
    2.153439998626709,
    2.152224063873291,
    1.9209599494934082,
    1.9199680089950562,
    2.116863965988159,
    2.124511957168579,
    1.9414080381393433,
    1.9228160381317139,
    2.0579841136932373,
    2.126591920852661,
    2.0412800312042236,
    2.0616960525512695,
    2.077536106109619,
    1.9269119501113892,
    1.944383978843689,
    1.9254080057144165,
    2.0912320613861084,
    2.125663995742798,
    1.9430079460144043,
    1.9252159595489502,
    2.1116480827331543,
    2.11081600189209,
    1.9205759763717651,
    1.9221760034561157,
    2.075360059738159,
    2.1328320503234863,
    1.9420479536056519,
    1.937600016593933,
    2.068063974380493,
    2.1250240802764893,
    1.9401600360870361,
    1.9154880046844482,
    2.125920057296753,
    2.0779519081115723,
    1.9222400188446045,
    1.9179199934005737,
    2.0910398960113525,
    2.132767915725708,
    2.035968065261841,
    2.070175886154175,
    2.0870399475097656,
    2.0692479610443115,
    2.0251200199127197,
    2.1303999423980713,
    2.288127899169922,
    2.1415998935699463,
    1.9258240461349487
  ]
}