{
  "label": "mig32_4n_qwen_nid001540_g0",
  "num_cells": 8,
  "graph_mode": 1,
  "mode": "GRAPH",
  "mean_ms": 0.5416083192825317,
  "per_cell_ms": 0.06770103991031647,
  "p95_ms": 0.6495151787996292,
  "p99_ms": 0.6894691038131713,
  "miss_1ms": 0.0,
  "raw": [
    0.5141760110855103,
    0.6757439970970154,
    0.5501120090484619,
    0.5210559964179993,
    0.528223991394043,
    0.5211840271949768,
    0.5288320183753967,
    0.5188800096511841,
    0.5956159830093384,
    0.5427839756011963,
    0.5211520195007324,
    0.5197439789772034,
    0.523904025554657,
    0.5250239968299866,
    0.5152639746665955,
    0.6506239771842957,
    0.5394880175590515,
    0.5231360197067261,
    0.5218560099601746,
    0.5222399830818176,
    0.5479999780654907,
    0.5219839811325073,
    0.5717440247535706,
    0.5466560125350952,
    0.5188480019569397,
    0.5225279927253723,
    0.5208320021629333,
    0.5549759864807129,
    0.5177279710769653,
    0.7026559710502625,
    0.5198400020599365,
    0.5256320238113403,
    0.5223680138587952,
    0.5275840163230896,
    0.6481599807739258,
    0.5262719988822937,
    0.514847993850708,
    0.51910400390625,
    0.5325760245323181,
    0.5237119793891907,
    0.5521280169487,
    0.5251200199127197,
    0.5247039794921875,
    0.5261120200157166,
    0.5145279765129089,
    0.527999997138977,
    0.5275200009346008,
    0.5840319991111755,
    0.5232319831848145,
    0.5299519896507263
  ]
}