{
  "label": "m4n_baseline_nid001761_g0",
  "num_cells": 8,
  "graph_mode": 1,
  "mode": "GRAPH",
  "mean_ms": 0.43616831958293917,
  "per_cell_ms": 0.054521039947867396,
  "p95_ms": 0.4437120035290718,
  "p99_ms": 0.4517948883771896,
  "miss_1ms": 0.0,
  "raw": [
    0.43510401248931885,
    0.43644800782203674,
    0.4359680116176605,
    0.4352000057697296,
    0.4357120096683502,
    0.43769600987434387,
    0.4366399943828583,
    0.4359999895095825,
    0.4338879883289337,
    0.43539199233055115,
    0.4334079921245575,
    0.432096004486084,
    0.4334079921245575,
    0.4408639967441559,
    0.43644800782203674,
    0.43513599038124084,
    0.43324801325798035,
    0.43487998843193054,
    0.43516799807548523,
    0.43459200859069824,
    0.4343999922275543,
    0.43456000089645386,
    0.4344640076160431,
    0.43430399894714355,
    0.43375998735427856,
    0.4343680143356323,
    0.43481600284576416,
    0.43299201130867004,
    0.43615999817848206,
    0.4344959855079651,
    0.43513599038124084,
    0.4333440065383911,
    0.4440000057220459,
    0.435263991355896,
    0.4347519874572754,
    0.4334399998188019,
    0.43327999114990234,
    0.4341759979724884,
    0.4362240135669708,
    0.44329598546028137,
    0.43327999114990234,
    0.43456000089645386,
    0.4344319999217987,
    0.4336000084877014,
    0.43267199397087097,
    0.43798398971557617,
    0.44675201177597046,
    0.44336000084877014,
    0.4406079947948456,
    0.45664000511169434
  ]
}