{
  "label": "hthresh_hbm_4.0GB",
  "num_cells": 20,
  "num_tx": 4,
  "num_rx": 4,
  "mcs": 2,
  "hbm_pct": 32.7,
  "stats": {
    "name": "hthresh_hbm_4.0GB",
    "count": 100,
    "mean_ms": 985.6965262985229,
    "std_ms": 12.023354095349376,
    "p50_ms": 986.40966796875,
    "p95_ms": 1004.8656911849976,
    "p99_ms": 1013.7398257446289,
    "min_ms": 954.8922576904297,
    "max_ms": 1018.0869674682617,
    "jitter": 0.012197825369740671
  },
  "miss_1ms": 1.0,
  "raw": [
    981.8266181945801,
    968.2584266662598,
    986.3583984375,
    995.5431671142578,
    1013.695915222168,
    972.6919364929199,
    977.3079719543457,
    981.9821128845215,
    972.8770484924316,
    972.7448654174805,
    986.4266204833984,
    991.0068473815918,
    986.4261169433594,
    990.982364654541,
    990.8797836303711,
    963.6702651977539,
    977.3069076538086,
    972.7320899963379,
    995.5153694152832,
    972.8422431945801,
    954.8922576904297,
    981.6547431945801,
    986.4488334655762,
    982.1199722290039,
    981.8617324829102,
    991.0479278564453,
    977.3520011901855,
    977.1256217956543,
    981.9364471435547,
    968.1946334838867,
    1004.6435203552246,
    1000.0501518249512,
    1000.0856590270996,
    986.4570503234863,
    959.300651550293,
    990.9046058654785,
    972.6828804016113,
    972.9551086425781,
    1018.0869674682617,
    986.5640983581543,
    977.3371200561523,
    981.8346290588379,
    986.5106582641602,
    991.0343627929688,
    986.3742408752441,
    986.3932189941406,
    991.0871658325195,
    991.0555572509766,
    1009.0869369506836,
    977.3945846557617,
    995.4699554443359,
    1000.2435760498047,
    995.4485130310059,
    972.767333984375,
    995.5827217102051,
    972.7638702392578,
    986.329532623291,
    981.8337631225586,
    986.4627532958984,
    990.9302673339844,
    972.8071060180664,
    1000.0628128051758,
    991.0442161560059,
    981.8871192932129,
    981.8855018615723,
    977.3890266418457,
    981.843334197998,
    981.8361663818359,
    1004.5143394470215,
    986.3403511047363,
    991.0842819213867,
    986.4933433532715,
    968.250373840332,
    990.9003562927246,
    990.9047355651855,
    986.5587844848633,
    990.9041290283203,
    1000.019962310791,
    990.8598709106445,
    995.5479049682617,
    972.7577896118164,
    959.2131843566895,
    968.1955604553223,
    986.3798751831055,
    972.8735046386719,
    995.5254058837891,
    1009.273567199707,
    977.2949714660645,
    990.753532409668,
    1000.1441650390625,
    977.4343414306641,
    991.023193359375,
    1004.4664268493652,
    972.8169860839844,
    1004.5259208679199,
    990.8432235717773,
    991.0337600708008,
    977.2090148925781,
    1009.1174736022949,
    986.2563209533691
  ]
}