{
  "label": "8cell_baseline_final",
  "num_cells": 8,
  "hbm_used_pct": 20.0,
  "stats": {
    "name": "8cell_baseline_final",
    "count": 100,
    "mean_ms": 7.80521151304245,
    "std_ms": 2.0788658022235187,
    "p50_ms": 6.752000033855438,
    "p95_ms": 11.373184046149253,
    "p99_ms": 14.180310435891174,
    "min_ms": 6.362847924232483,
    "max_ms": 18.677887558937073,
    "jitter": 0.2663433013634223
  },
  "miss_1ms": 1.0,
  "raw": [
    9.105823993682861,
    6.65145605802536,
    9.436064064502716,
    7.309536039829254,
    6.693920075893402,
    6.716736018657684,
    6.631103992462158,
    10.295616090297699,
    6.566112041473389,
    6.526816010475159,
    11.108512043952942,
    6.822239935398102,
    6.9636799693107605,
    6.653567910194397,
    6.7482879757881165,
    9.587103843688965,
    6.724031925201416,
    8.837215960025787,
    8.839360117912292,
    6.617472052574158,
    7.7316800355911255,
    7.078112065792084,
    6.684927999973297,
    6.645055949687958,
    6.592864036560059,
    6.779296040534973,
    6.57699191570282,
    6.362847924232483,
    6.763520002365112,
    6.666368067264557,
    10.823647916316986,
    6.8475199937820435,
    8.65369588136673,
    6.633567988872528,
    6.895935952663422,
    6.681280016899109,
    6.465440034866333,
    6.643583953380585,
    11.304448008537292,
    6.649184048175812,
    11.299199879169464,
    7.4996479749679565,
    6.707872033119202,
    6.572095990180969,
    6.513056039810181,
    6.550976037979126,
    12.503904163837433,
    7.368671953678131,
    11.48444801568985,
    6.847743928432465,
    6.689855873584747,
    6.630015969276428,
    6.678591966629028,
    8.939327895641327,
    6.6006399393081665,
    6.578656017780304,
    10.475903809070587,
    6.9715200662612915,
    9.09910398721695,
    6.849024057388306,
    6.671616017818451,
    6.653503954410553,
    6.4471359848976135,
    6.508160054683685,
    9.960575938224792,
    6.60614401102066,
    9.469247996807098,
    6.712480008602142,
    6.701792001724243,
    6.842463970184326,
    6.788255989551544,
    8.593439996242523,
    8.943552076816559,
    6.627935945987701,
    13.505760073661804,
    6.79804801940918,
    6.609503924846649,
    6.740895986557007,
    6.625855982303619,
    18.677887558937073,
    6.684479892253876,
    6.579391956329346,
    11.36732804775238,
    6.803551912307739,
    6.746367871761322,
    6.752960026264191,
    11.239648163318634,
    6.799359977245331,
    6.798367977142334,
    6.751040041446686,
    6.568736016750336,
    6.726175963878632,
    9.49017584323883,
    6.7030399441719055,
    11.158304035663605,
    6.816544055938721,
    14.134880363941193,
    7.573088109493256,
    6.68339204788208,
    6.485184013843536
  ]
}