{
  "label": "same_gpu_gpt2",
  "stats": {
    "name": "same_gpu_gpt2",
    "count": 100,
    "mean_ms": 2.1211520075798034,
    "std_ms": 2.431386737152682,
    "p50_ms": 1.093183994293213,
    "p95_ms": 8.005552172660826,
    "p99_ms": 9.814137544631974,
    "min_ms": 0.8503360152244568,
    "max_ms": 12.88646411895752,
    "jitter": 1.1462576602074128
  },
  "miss_1ms": 0.64,
  "raw": [
    1.1138240098953247,
    0.9092159867286682,
    1.137984037399292,
    0.8623359799385071,
    1.111456036567688,
    1.2695039510726929,
    1.2149120569229126,
    0.9202240109443665,
    1.1526399850845337,
    0.8568639755249023,
    1.1116160154342651,
    0.8958079814910889,
    1.0870399475097656,
    0.8538560271263123,
    3.3565759658813477,
    3.579263925552368,
    6.298655986785889,
    3.106048107147217,
    9.693504333496094,
    0.8956159949302673,
    1.1531840562820435,
    0.9070079922676086,
    1.114143967628479,
    0.860480010509491,
    1.0829440355300903,
    0.8560320138931274,
    1.0861760377883911,
    0.8596159815788269,
    1.0894399881362915,
    0.8565760254859924,
    1.0906239748001099,
    0.8541439771652222,
    1.10697603225708,
    0.8845120072364807,
    1.080288052558899,
    1.7163200378417969,
    7.985184192657471,
    1.68668794631958,
    7.701791763305664,
    2.831007957458496,
    1.1505600214004517,
    0.9089599847793579,
    1.1152960062026978,
    0.9083200097084045,
    1.0898239612579346,
    0.8503360152244568,
    1.0816960334777832,
    0.9042879939079285,
    1.0849920511245728,
    0.8531519770622253,
    1.1008000373840332,
    0.8511679768562317,
    1.0843520164489746,
    0.9161279797554016,
    1.0841920375823975,
    0.8513280153274536,
    8.862048149108887,
    2.9128639698028564,
    12.88646411895752,
    2.4417600631713867,
    7.321184158325195,
    0.9079679846763611,
    1.1449919939041138,
    0.8841599822044373,
    1.0993599891662598,
    0.9050559997558594,
    1.1221760511398315,
    0.9032959938049316,
    1.1327999830245972,
    0.8508480191230774,
    1.082368016242981,
    0.8526719808578491,
    1.083359956741333,
    0.8557119965553284,
    1.0956799983978271,
    0.8976320028305054,
    4.201888084411621,
    3.273184061050415,
    7.896063804626465,
    3.362175941467285,
    9.783103942871094,
    3.0151360034942627,
    1.1398719549179077,
    0.9036800265312195,
    1.142143964767456,
    0.9046720266342163,
    1.1310399770736694,
    0.8984959721565247,
    1.108288049697876,
    0.8882240056991577,
    1.1024320125579834,
    2.8414080142974854,
    8.39254379272461,
    3.262432098388672,
    6.6642560958862305,
    2.909152030944824,
    1.1104320287704468,
    0.9193599820137024,
    1.0906879901885986,
    0.8666560053825378
  ]
}