{
  "label": "bora_A_nid008353_g2",
  "config": "A",
  "mean_ms": 0.4765062403678894,
  "p99_ms": 0.48699423372745515,
  "miss_1ms": 0.0,
  "raw": [
    0.47574400901794434,
    0.4780159890651703,
    0.47788798809051514,
    0.4764159917831421,
    0.47654399275779724,
    0.47839999198913574,
    0.4784319996833801,
    0.4756160080432892,
    0.48076799511909485,
    0.4761599898338318,
    0.4774399995803833,
    0.47174400091171265,
    0.4752640128135681,
    0.47753599286079407,
    0.4782400131225586,
    0.48524799942970276,
    0.4753600060939789,
    0.4755200147628784,
    0.4768959879875183,
    0.47516798973083496,
    0.47465598583221436,
    0.47676798701286316,
    0.4763199985027313,
    0.47353601455688477,
    0.47513601183891296,
    0.4771200120449066,
    0.47625601291656494,
    0.47516798973083496,
    0.4747200012207031,
    0.4785600006580353,
    0.4782400131225586,
    0.47673600912094116,
    0.4767040014266968,
    0.4886719882488251,
    0.4761280119419098,
    0.4735040068626404,
    0.4723840057849884,
    0.4784959852695465,
    0.4758079946041107,
    0.47308799624443054,
    0.4731520116329193,
    0.4747200012207031,
    0.4748159945011139,
    0.4761280119419098,
    0.4763520061969757,
    0.47516798973083496,
    0.47440001368522644,
    0.4742079973220825,
    0.4753600060939789,
    0.4806079864501953
  ]
}