{
  "label": "g40_thresh_2.0GB",
  "num_cells": 20,
  "num_tx": 4,
  "num_rx": 4,
  "mcs": 2,
  "hbm_pct": 56.3,
  "stats": {
    "name": "g40_thresh_2.0GB",
    "count": 100,
    "mean_ms": 612.3376737213134,
    "std_ms": 8.802606583144003,
    "p50_ms": 612.5932807922363,
    "p95_ms": 630.1001843452453,
    "p99_ms": 632.987185459137,
    "min_ms": 595.1967639923096,
    "max_ms": 635.9443168640137,
    "jitter": 0.014375412392395504
  },
  "miss_1ms": 1.0,
  "raw": [
    601.1554546356201,
    621.3339576721191,
    627.1804122924805,
    612.7136287689209,
    618.365758895874,
    618.5766086578369,
    612.7876491546631,
    604.1180477142334,
    621.2529964447021,
    612.5470085144043,
    621.3861427307129,
    618.2975654602051,
    624.2583408355713,
    606.8345890045166,
    606.8189449310303,
    621.4687004089355,
    603.8836154937744,
    618.6542739868164,
    606.7905941009521,
    606.99609375,
    604.0776634216309,
    624.2177600860596,
    595.3013458251953,
    606.8512649536133,
    601.2080326080322,
    632.9573154449463,
    624.2510757446289,
    615.6231365203857,
    606.9946842193604,
    604.0129623413086,
    598.1669788360596,
    607.0603828430176,
    609.8665618896484,
    606.9132785797119,
    606.9147491455078,
    624.1698894500732,
    630.1616287231445,
    630.0972785949707,
    609.9102096557617,
    609.8103981018066,
    601.0715217590332,
    598.0728302001953,
    615.8222122192383,
    615.70924949646,
    615.6037445068359,
    615.6464309692383,
    612.6395530700684,
    606.9093780517578,
    621.4488677978516,
    609.6448726654053,
    603.9604167938232,
    604.0895385742188,
    609.7968006134033,
    621.4785289764404,
    615.7187900543213,
    615.6090240478516,
    607.103422164917,
    606.9983024597168,
    598.2985591888428,
    612.8060836791992,
    609.6187839508057,
    621.4835186004639,
    630.1553936004639,
    618.7063026428223,
    612.7218570709229,
    603.8809299468994,
    624.4474849700928,
    612.6605110168457,
    612.7543983459473,
    609.7726402282715,
    618.4709453582764,
    609.5784931182861,
    621.4915161132812,
    612.7068157196045,
    606.8447666168213,
    607.0326747894287,
    609.8116188049316,
    615.6281929016113,
    612.7992610931396,
    595.4081592559814,
    606.8147506713867,
    604.0440998077393,
    635.9443168640137,
    604.2341442108154,
    606.8920364379883,
    604.2023048400879,
    612.8711986541748,
    618.4598045349121,
    615.6941432952881,
    603.9059829711914,
    615.6854705810547,
    612.656795501709,
    618.5276508331299,
    595.1967639923096,
    632.9515190124512,
    615.7005748748779,
    609.7841548919678,
    601.0685405731201,
    603.9693756103516,
    606.7743721008301
  ]
}