{
  "label": "m2n_full_nid003040_g1",
  "num_cells": 8,
  "graph_mode": 1,
  "mode": "GRAPH",
  "mean_ms": 2.016739213466644,
  "per_cell_ms": 0.2520924016833305,
  "p95_ms": 9.270416450500488,
  "p99_ms": 9.310648555755614,
  "miss_1ms": 0.92,
  "raw": [
    1.444991946220398,
    1.4928640127182007,
    1.4613120555877686,
    1.4417599439620972,
    1.44051194190979,
    1.3857280015945435,
    9.308575630187988,
    1.381343960762024,
    1.4233280420303345,
    1.3610559701919556,
    1.4123200178146362,
    1.427135944366455,
    1.4200960397720337,
    1.430400013923645,
    1.4392000436782837,
    1.4262720346450806,
    1.4375040531158447,
    1.43123197555542,
    9.312640190124512,
    1.433087944984436,
    1.4451839923858643,
    1.4287999868392944,
    1.4158400297164917,
    1.4221760034561157,
    1.4481279850006104,
    0.9470400214195251,
    1.4331519603729248,
    1.420799970626831,
    1.4595520496368408,
    1.430624008178711,
    9.304544448852539,
    1.444767951965332,
    0.9397760033607483,
    1.4254720211029053,
    1.4197440147399902,
    1.4266560077667236,
    1.3869119882583618,
    1.413472056388855,
    1.4276479482650757,
    0.9557120203971863,
    1.4163520336151123,
    1.4066239595413208,
    9.228704452514648,
    1.4232319593429565,
    1.421120047569275,
    1.4002879858016968,
    1.4107840061187744,
    1.42249596118927,
    0.9732159972190857,
    1.4267840385437012
  ]
}