{
  "label": "q32b4n_qwen32b_nid001533_g2",
  "num_cells": 8,
  "graph_mode": 1,
  "mode": "GRAPH",
  "mean_ms": 0.5697664004564286,
  "per_cell_ms": 0.07122080005705357,
  "p95_ms": 0.510164800286293,
  "p99_ms": 2.8692589092254637,
  "miss_1ms": 0.04,
  "raw": [
    2.8425920009613037,
    2.8948800563812256,
    0.4952000081539154,
    0.4699839949607849,
    0.47673600912094116,
    0.4742079973220825,
    0.4708479940891266,
    0.4712640047073364,
    0.46985599398612976,
    0.47040000557899475,
    0.4695360064506531,
    0.4699519872665405,
    0.4697279930114746,
    0.4708159863948822,
    0.4695039987564087,
    0.4676800072193146,
    0.47043201327323914,
    0.469760000705719,
    0.46774399280548096,
    0.469184011220932,
    0.5168319940567017,
    0.502016007900238,
    0.47142401337623596,
    0.472896009683609,
    0.48284798860549927,
    0.47116801142692566,
    0.4756479859352112,
    0.4687039852142334,
    0.4691520035266876,
    0.4835839867591858,
    0.47011199593544006,
    0.4712640047073364,
    0.4711360037326813,
    0.4718720018863678,
    0.47088000178337097,
    0.4700799882411957,
    0.4694080054759979,
    0.47014400362968445,
    0.4711360037326813,
    0.47679999470710754,
    0.4694080054759979,
    0.4710080027580261,
    0.4700799882411957,
    0.469760000705719,
    0.477183997631073,
    0.48211199045181274,
    0.470335990190506,
    0.47894400358200073,
    0.47014400362968445,
    0.4719359874725342
  ]
}