{
  "label": "m2n_baseline_nid003040_g3",
  "num_cells": 8,
  "graph_mode": 1,
  "mode": "GRAPH",
  "mean_ms": 0.4336780786514282,
  "per_cell_ms": 0.054209759831428526,
  "p95_ms": 0.4359023928642273,
  "p99_ms": 0.4369612768292427,
  "miss_1ms": 0.0,
  "raw": [
    0.43702399730682373,
    0.4368959963321686,
    0.4350079894065857,
    0.4344959855079651,
    0.4349440038204193,
    0.4357439875602722,
    0.4360319972038269,
    0.434143990278244,
    0.4347200095653534,
    0.4349760115146637,
    0.43564799427986145,
    0.4352000057697296,
    0.4329279959201813,
    0.4347839951515198,
    0.43513599038124084,
    0.4336319863796234,
    0.43382400274276733,
    0.4336000084877014,
    0.43382400274276733,
    0.43568000197410583,
    0.43430399894714355,
    0.4345279932022095,
    0.4341759979724884,
    0.43212801218032837,
    0.43507200479507446,
    0.4331519901752472,
    0.43459200859069824,
    0.43267199397087097,
    0.4312959909439087,
    0.4313279986381531,
    0.434112012386322,
    0.43215999007225037,
    0.43139201402664185,
    0.43324801325798035,
    0.4336960017681122,
    0.4317759871482849,
    0.4315840005874634,
    0.4328320026397705,
    0.43433600664138794,
    0.43219199776649475,
    0.4325439929962158,
    0.43487998843193054,
    0.4338560104370117,
    0.43244799971580505,
    0.430976003408432,
    0.4334079921245575,
    0.43331199884414673,
    0.4326399862766266,
    0.4318400025367737,
    0.4291839897632599
  ]
}