{
  "label": "heavy_sm80",
  "num_cells": 20,
  "num_tx": 4,
  "num_rx": 4,
  "mcs": 2,
  "hbm_pct": 21.9,
  "stats": {
    "name": "heavy_sm80",
    "count": 100,
    "mean_ms": 16.46895135641098,
    "std_ms": 8.467578682442651,
    "p50_ms": 14.45585611462593,
    "p95_ms": 19.42571355998515,
    "p99_ms": 59.539103325605424,
    "min_ms": 14.347296059131622,
    "max_ms": 66.10307192802429,
    "jitter": 0.5141540890608326
  },
  "miss_1ms": 1.0,
  "raw": [
    14.493887960910797,
    15.973023891448975,
    16.44873607158661,
    14.722368001937866,
    14.450688004493713,
    14.510783970355988,
    14.580671966075897,
    14.425631940364838,
    14.417151927947998,
    14.473759949207306,
    14.461760222911835,
    14.525791823863983,
    14.448703944683075,
    55.13097596168518,
    22.2192000746727,
    14.410367965698242,
    14.471488118171692,
    14.542655944824219,
    14.455616116523743,
    14.412031948566437,
    14.506783902645111,
    14.430496037006378,
    14.419039905071259,
    14.451647877693176,
    15.689792037010193,
    16.37056005001068,
    14.368096113204956,
    14.485696077346802,
    14.453919887542725,
    14.3886079788208,
    14.456096112728119,
    14.37587195634842,
    14.419584035873413,
    14.40144008398056,
    14.498431980609894,
    14.517184019088745,
    59.472800612449646,
    47.773503959178925,
    14.468831896781921,
    14.455584108829498,
    14.384032011032104,
    14.418143928050995,
    14.42063993215561,
    14.466816186904907,
    14.466847956180573,
    14.440383911132812,
    14.502175867557526,
    15.267839908599854,
    16.63728004693985,
    14.408799946308136,
    14.527071952819824,
    14.433536112308502,
    14.536799967288971,
    14.458304047584534,
    14.356384038925171,
    14.378527998924255,
    14.380064010620117,
    14.444127976894379,
    14.510623931884766,
    16.51311993598938,
    15.457408010959625,
    14.347296059131622,
    14.442304015159607,
    14.555712103843689,
    14.50278377532959,
    14.449536085128784,
    14.374303936958313,
    14.405183851718903,
    14.378240048885345,
    14.472384095191956,
    15.029919981956482,
    16.826911985874176,
    14.379999876022339,
    14.452223896980286,
    14.358112037181854,
    14.476127982139587,
    14.453279972076416,
    14.392191886901855,
    14.382175922393799,
    14.44620794057846,
    14.481343984603882,
    14.354144096374512,
    16.24544006586075,
    15.729440033435822,
    14.391551911830902,
    14.414656043052673,
    14.552704155445099,
    14.460319936275482,
    14.38345593214035,
    14.369215965270996,
    14.379231989383698,
    14.40559995174408,
    14.391424059867859,
    19.278687953948975,
    66.10307192802429,
    14.48310399055481,
    14.443007826805115,
    14.577919960021973,
    14.417760133743286,
    14.519968152046204
  ]
}