{
  "label": "sm40_1cell",
  "sm_pct": 40,
  "stats": {
    "name": "sm40_1cell",
    "count": 100,
    "mean_ms": 2.075434256196022,
    "std_ms": 2.4847119083515787,
    "p50_ms": 1.0858240127563477,
    "p95_ms": 7.331460928916931,
    "p99_ms": 9.422912950515785,
    "min_ms": 0.8505600094795227,
    "max_ms": 16.855104446411133,
    "jitter": 1.1972009717646777
  },
  "miss_1ms": 0.64,
  "raw": [
    1.1158080101013184,
    0.8774399757385254,
    1.078719973564148,
    0.8549119830131531,
    1.1446080207824707,
    0.8651520013809204,
    1.0837440490722656,
    0.8559039831161499,
    1.076032042503357,
    0.8880320191383362,
    1.1343679428100586,
    0.860863983631134,
    1.0857599973678589,
    3.3798398971557617,
    9.347840309143066,
    3.356096029281616,
    5.870463848114014,
    6.925151824951172,
    1.1566400527954102,
    0.8534719944000244,
    1.1221120357513428,
    0.8614400029182434,
    1.135200023651123,
    0.9146239757537842,
    1.0980160236358643,
    0.885312020778656,
    1.160863995552063,
    0.8693119883537292,
    1.0864640474319458,
    0.9110400080680847,
    1.1040639877319336,
    0.8523200154304504,
    1.0858880281448364,
    0.8583679795265198,
    4.044032096862793,
    3.0769600868225098,
    7.017824172973633,
    2.782464027404785,
    7.62713623046875,
    0.8510720133781433,
    1.086303949356079,
    0.8555840253829956,
    1.0787839889526367,
    0.8964160084724426,
    1.141152024269104,
    0.8537600040435791,
    1.0805439949035645,
    0.8577280044555664,
    1.0839680433273315,
    0.859935998916626,
    1.0926079750061035,
    0.8538240194320679,
    1.0864959955215454,
    0.8516479730606079,
    1.0903680324554443,
    1.3512320518493652,
    16.855104446411133,
    3.0695040225982666,
    7.099743843078613,
    6.178688049316406,
    1.1019200086593628,
    0.8554239869117737,
    1.0818239450454712,
    0.8505600094795227,
    1.1442559957504272,
    2.2507200241088867,
    1.083616018295288,
    0.908128023147583,
    1.0967040061950684,
    0.8717120289802551,
    1.1428799629211426,
    0.8550400137901306,
    1.0853439569473267,
    0.8564159870147705,
    1.1463040113449097,
    1.8964159488677979,
    7.509696006774902,
    3.3002240657806396,
    7.322080135345459,
    2.9276480674743652,
    1.0844160318374634,
    0.8517119884490967,
    1.1293439865112305,
    0.8521280288696289,
    1.0826560258865356,
    0.8940160274505615,
    1.0908479690551758,
    0.8967040181159973,
    1.142367959022522,
    0.8605759739875793,
    1.0809600353240967,
    0.8569279909133911,
    1.0827840566635132,
    0.8565120100975037,
    1.0858880281448364,
    0.8592960238456726,
    5.509151935577393,
    3.257312059402466,
    8.208064079284668,
    3.0960960388183594
  ]
}