{
  "label": "s4n4g_baseline_nid003952_g0",
  "num_cells": 8,
  "graph_mode": 1,
  "mode": "GRAPH",
  "mean_ms": 0.4355097585916519,
  "per_cell_ms": 0.05443871982395649,
  "p95_ms": 0.44292320013046266,
  "p99_ms": 0.4467689606547356,
  "miss_1ms": 0.0,
  "raw": [
    0.43513599038124084,
    0.44681599736213684,
    0.43561598658561707,
    0.4363200068473816,
    0.4338879883289337,
    0.4359680116176605,
    0.4349119961261749,
    0.43430399894714355,
    0.43612799048423767,
    0.43507200479507446,
    0.4362879991531372,
    0.4350079894065857,
    0.43379199504852295,
    0.4368000030517578,
    0.4366399943828583,
    0.4373120069503784,
    0.43430399894714355,
    0.43507200479507446,
    0.4349119961261749,
    0.4352000057697296,
    0.43487998843193054,
    0.4336960017681122,
    0.43430399894714355,
    0.43568000197410583,
    0.43382400274276733,
    0.436352014541626,
    0.4336639940738678,
    0.4325760006904602,
    0.4331839978694916,
    0.43372800946235657,
    0.4336319863796234,
    0.43276798725128174,
    0.43212801218032837,
    0.44227200746536255,
    0.4434559941291809,
    0.43302398920059204,
    0.43190398812294006,
    0.4365760087966919,
    0.4367679953575134,
    0.4467200040817261,
    0.43238401412963867,
    0.43321600556373596,
    0.4336000084877014,
    0.43350398540496826,
    0.4330559968948364,
    0.4336319863796234,
    0.4334079921245575,
    0.4368959963321686,
    0.43910399079322815,
    0.4360640048980713
  ]
}