{
  "label": "thresh_hbm_2.0GB",
  "stats": {
    "name": "thresh_hbm_2.0GB",
    "count": 100,
    "mean_ms": 24.953540515899657,
    "std_ms": 2.5084280197600073,
    "p50_ms": 25.101744651794434,
    "p95_ms": 27.81871070861816,
    "p99_ms": 34.13973411560059,
    "min_ms": 20.569631576538086,
    "max_ms": 34.7154541015625,
    "jitter": 0.100523932391947
  },
  "miss_1ms": 1.0,
  "raw": [
    22.9466552734375,
    27.387327194213867,
    27.414304733276367,
    25.104000091552734,
    22.97145652770996,
    27.384159088134766,
    27.486879348754883,
    25.121856689453125,
    22.966304779052734,
    25.097471237182617,
    22.96019172668457,
    25.130048751831055,
    29.4716796875,
    22.833023071289062,
    22.959104537963867,
    25.123136520385742,
    34.7154541015625,
    20.569631576538086,
    22.952768325805664,
    25.115392684936523,
    22.980640411376953,
    22.844512939453125,
    22.963775634765625,
    27.37388801574707,
    22.950048446655273,
    22.842239379882812,
    27.731712341308594,
    22.827552795410156,
    22.96396827697754,
    22.8371524810791,
    31.823999404907227,
    22.847103118896484,
    22.952543258666992,
    25.122112274169922,
    25.379840850830078,
    20.572511672973633,
    27.602144241333008,
    25.123008728027344,
    22.960960388183594,
    25.09929656982422,
    27.49897575378418,
    22.84329605102539,
    20.683359146118164,
    25.10793685913086,
    22.971263885498047,
    25.126880645751953,
    26.71228790283203,
    22.862144470214844,
    25.229248046875,
    25.100479125976562,
    27.505983352661133,
    27.39116859436035,
    22.93071937561035,
    27.38457679748535,
    25.214879989624023,
    25.140127182006836,
    25.18604850769043,
    25.132160186767578,
    22.981151580810547,
    27.391584396362305,
    34.13391876220703,
    25.101119995117188,
    22.95248031616211,
    22.841888427734375,
    25.246944427490234,
    25.126976013183594,
    27.514591217041016,
    27.371328353881836,
    22.943552017211914,
    22.852832794189453,
    25.063743591308594,
    27.40675163269043,
    25.23516845703125,
    25.101472854614258,
    29.800064086914062,
    25.12054443359375,
    25.21843147277832,
    27.446016311645508,
    22.936767578125,
    22.820415496826172,
    27.159584045410156,
    25.097152709960938,
    27.480928421020508,
    22.84489631652832,
    27.51171112060547,
    25.106624603271484,
    22.966976165771484,
    22.853759765625,
    22.953088760375977,
    22.846111297607422,
    22.96224021911621,
    25.120256423950195,
    22.957120895385742,
    22.836767196655273,
    27.30512046813965,
    25.10201644897461,
    22.933055877685547,
    22.840351104736328,
    27.499263763427734,
    22.837888717651367
  ]
}