{
  "label": "mig72_2n_qwen_nid008657_g1",
  "num_cells": 8,
  "graph_mode": 1,
  "mode": "GRAPH",
  "mean_ms": 0.521269119977951,
  "per_cell_ms": 0.06515863999724388,
  "p95_ms": 0.5973296135663986,
  "p99_ms": 0.6792393565177918,
  "miss_1ms": 0.0,
  "raw": [
    0.5302720069885254,
    0.513375997543335,
    0.49375998973846436,
    0.5341439843177795,
    0.49980801343917847,
    0.5360000133514404,
    0.5413119792938232,
    0.4922559857368469,
    0.60944002866745,
    0.5018560290336609,
    0.5314559936523438,
    0.5211840271949768,
    0.5037760138511658,
    0.4856959879398346,
    0.4819200038909912,
    0.5171200037002563,
    0.4960319995880127,
    0.49535998702049255,
    0.5111680030822754,
    0.508895993232727,
    0.5043519735336304,
    0.5260480046272278,
    0.5016000270843506,
    0.4942080080509186,
    0.5825279951095581,
    0.5029119849205017,
    0.5074560046195984,
    0.5027520060539246,
    0.5230399966239929,
    0.5229439735412598,
    0.5041919946670532,
    0.5114240050315857,
    0.5043519735336304,
    0.5283200144767761,
    0.559935986995697,
    0.50518399477005,
    0.5124480128288269,
    0.513696014881134,
    0.5212159752845764,
    0.5099200010299683,
    0.49833598732948303,
    0.5002239942550659,
    0.5223360061645508,
    0.4968000054359436,
    0.5065600275993347,
    0.48716801404953003,
    0.6866559982299805,
    0.6715199947357178,
    0.5181440114974976,
    0.5323519706726074
  ]
}