{
  "label": "m4n_baseline_nid001760_g0",
  "num_cells": 8,
  "graph_mode": 1,
  "mode": "GRAPH",
  "mean_ms": 0.4333542388677597,
  "per_cell_ms": 0.05416927985846996,
  "p95_ms": 0.4358431950211525,
  "p99_ms": 0.4373068791627884,
  "miss_1ms": 0.0,
  "raw": [
    0.43433600664138794,
    0.43539199233055115,
    0.43542400002479553,
    0.4336319863796234,
    0.4339520037174225,
    0.43587198853492737,
    0.435232013463974,
    0.4317759871482849,
    0.43267199397087097,
    0.4344319999217987,
    0.43324801325798035,
    0.43372800946235657,
    0.43324801325798035,
    0.4338560104370117,
    0.43270400166511536,
    0.43116798996925354,
    0.4341759979724884,
    0.4346559941768646,
    0.43593600392341614,
    0.4320319890975952,
    0.43251198530197144,
    0.4342080056667328,
    0.435808002948761,
    0.43161600828170776,
    0.4313279986381531,
    0.4318079948425293,
    0.4326399862766266,
    0.43212801218032837,
    0.43110400438308716,
    0.4336319863796234,
    0.43433600664138794,
    0.43222400546073914,
    0.4345279932022095,
    0.4322879910469055,
    0.4322879910469055,
    0.4320000112056732,
    0.4320319890975952,
    0.43404799699783325,
    0.4333440065383911,
    0.4304960072040558,
    0.43241599202156067,
    0.4343680143356323,
    0.43862399458885193,
    0.43190398812294006,
    0.43167999386787415,
    0.4336639940738678,
    0.4354879856109619,
    0.43347200751304626,
    0.431551992893219,
    0.43270400166511536
  ]
}