{
  "label": "s1n_gpt2",
  "num_cells": 8,
  "graph_mode": 1,
  "mode": "GRAPH",
  "mean_ms": 0.6007987213134766,
  "per_cell_ms": 0.07509984016418457,
  "p95_ms": 0.6920208096504208,
  "p99_ms": 1.615451203584671,
  "miss_1ms": 0.04,
  "raw": [
    0.549888014793396,
    0.5460479855537415,
    0.5540480017662048,
    0.5502079725265503,
    0.5501120090484619,
    0.5573440194129944,
    1.6132479906082153,
    1.617568016052246,
    0.7476480007171631,
    0.551967978477478,
    0.5431680083274841,
    0.5507519841194153,
    0.5535359978675842,
    0.5510079860687256,
    0.5523200035095215,
    0.5504639744758606,
    0.5521600246429443,
    0.5461120009422302,
    0.5438079833984375,
    0.549888014793396,
    0.551904022693634,
    0.5518079996109009,
    0.5512959957122803,
    0.6096320152282715,
    0.5487679839134216,
    0.5679360032081604,
    0.5524479746818542,
    0.543008029460907,
    0.5509120225906372,
    0.5452160239219666,
    0.5517119765281677,
    0.5455039739608765,
    0.6240320205688477,
    0.5514240264892578,
    0.5440000295639038,
    0.5534080266952515,
    0.5512639880180359,
    0.5528640151023865,
    0.5508480072021484,
    0.5502719879150391,
    0.5511999726295471,
    0.555679976940155,
    0.5744640231132507,
    0.5504639744758606,
    0.5579519867897034,
    0.5592319965362549,
    0.5508800148963928,
    0.5496320128440857,
    0.5495359897613525,
    0.5613440275192261
  ]
}