{
  "label": "s2n4g_resnet_nid002689_g1",
  "num_cells": 8,
  "graph_mode": 1,
  "mode": "GRAPH",
  "mean_ms": 0.4354412800073624,
  "per_cell_ms": 0.0544301600009203,
  "p95_ms": 0.4447727933526039,
  "p99_ms": 0.4454784017801285,
  "miss_1ms": 0.0,
  "raw": [
    0.435808002948761,
    0.4346559941768646,
    0.43456000089645386,
    0.4338879883289337,
    0.4323520064353943,
    0.434688001871109,
    0.43379199504852295,
    0.443807989358902,
    0.4328640103340149,
    0.43481600284576416,
    0.4338560104370117,
    0.43324801325798035,
    0.4330880045890808,
    0.4346559941768646,
    0.4345279932022095,
    0.43372800946235657,
    0.4328640103340149,
    0.434143990278244,
    0.4336000084877014,
    0.4342080056667328,
    0.4387519955635071,
    0.43670400977134705,
    0.43462398648262024,
    0.4347839951515198,
    0.4445439875125885,
    0.435808002948761,
    0.4349760115146637,
    0.4338560104370117,
    0.43276798725128174,
    0.435263991355896,
    0.4347519874572754,
    0.43193599581718445,
    0.43241599202156067,
    0.44495999813079834,
    0.43398401141166687,
    0.44515201449394226,
    0.43327999114990234,
    0.44579198956489563,
    0.4354560077190399,
    0.4328640103340149,
    0.4329279959201813,
    0.43382400274276733,
    0.4350079894065857,
    0.4344640076160431,
    0.4386560022830963,
    0.43753600120544434,
    0.43507200479507446,
    0.43276798725128174,
    0.434688001871109,
    0.4352959990501404
  ]
}