{
  "label": "nv_matmul",
  "num_cells": 8,
  "graph_mode": 1,
  "mode": "GRAPH",
  "mean_ms": 0.54059135556221,
  "per_cell_ms": 0.06757391944527626,
  "p95_ms": 0.5557167798280715,
  "p99_ms": 0.5595056027173996,
  "miss_1ms": 0.0,
  "raw": [
    0.5595840215682983,
    0.5389760136604309,
    0.5438719987869263,
    0.5356159806251526,
    0.5428159832954407,
    0.5398079752922058,
    0.5396479964256287,
    0.5301439762115479,
    0.5403519868850708,
    0.5320000052452087,
    0.5400320291519165,
    0.5288959741592407,
    0.5423679947853088,
    0.5482879877090454,
    0.5331199765205383,
    0.540287971496582,
    0.5397760272026062,
    0.5378879904747009,
    0.5425599813461304,
    0.5315840244293213,
    0.5480960011482239,
    0.5418559908866882,
    0.5360640287399292,
    0.5398719906806946,
    0.5387200117111206,
    0.538815975189209,
    0.5378879904747009,
    0.5397760272026062,
    0.5391039848327637,
    0.5422400236129761,
    0.536575973033905,
    0.5352320075035095,
    0.536512017250061,
    0.5594239830970764,
    0.5483840107917786,
    0.5469759702682495,
    0.5359359979629517,
    0.555903971195221,
    0.5402560234069824,
    0.5554879903793335,
    0.5378239750862122,
    0.539359986782074,
    0.5383679866790771,
    0.5420479774475098,
    0.5360959768295288,
    0.5353599786758423,
    0.5343040227890015,
    0.5415679812431335,
    0.5374720096588135,
    0.5464320182800293
  ]
}