{
  "label": "q32b4n_baseline_nid001764_g1",
  "num_cells": 8,
  "graph_mode": 1,
  "mode": "GRAPH",
  "mean_ms": 0.437011199593544,
  "per_cell_ms": 0.054626399949193,
  "p95_ms": 0.4474416062235832,
  "p99_ms": 0.45324223369359967,
  "miss_1ms": 0.0,
  "raw": [
    0.43699198961257935,
    0.43961599469184875,
    0.4384639859199524,
    0.43568000197410583,
    0.4359680116176605,
    0.4373759925365448,
    0.4360319972038269,
    0.43481600284576416,
    0.43382400274276733,
    0.4355199933052063,
    0.4359999895095825,
    0.4360319972038269,
    0.4344959855079651,
    0.4376640021800995,
    0.4349119961261749,
    0.4330880045890808,
    0.4322560131549835,
    0.43430399894714355,
    0.43696001172065735,
    0.4357439875602722,
    0.4312959909439087,
    0.44377601146698,
    0.45027199387550354,
    0.4336639940738678,
    0.43398401141166687,
    0.43516799807548523,
    0.4338560104370117,
    0.43324801325798035,
    0.43398401141166687,
    0.43590399622917175,
    0.44150400161743164,
    0.43456000089645386,
    0.4334399998188019,
    0.4355199933052063,
    0.435263991355896,
    0.4347519874572754,
    0.43356800079345703,
    0.4354560077190399,
    0.434688001871109,
    0.43356800079345703,
    0.43321600556373596,
    0.44707199931144714,
    0.4360960125923157,
    0.44547200202941895,
    0.4334399998188019,
    0.4360640048980713,
    0.4477440118789673,
    0.43747198581695557,
    0.44467198848724365,
    0.45609599351882935
  ]
}