{
  "label": "v2_qwen7b",
  "stats": {
    "name": "v2_qwen7b",
    "count": 100,
    "mean_ms": 2.2944595271348955,
    "std_ms": 2.6212300405446367,
    "p50_ms": 1.1513440012931824,
    "p95_ms": 7.859359931945801,
    "p99_ms": 13.084268150329597,
    "min_ms": 0.8931519985198975,
    "max_ms": 14.558591842651367,
    "jitter": 1.1424172052482362
  },
  "miss_1ms": 0.61,
  "raw": [
    3.650815963745117,
    0.9442880153656006,
    1.1693439483642578,
    0.955839991569519,
    1.153056025505066,
    0.9416639804840088,
    1.19542396068573,
    0.9460480213165283,
    1.1482239961624146,
    0.9528319835662842,
    1.2026560306549072,
    0.9018880128860474,
    1.1412160396575928,
    0.893887996673584,
    1.143615961074829,
    0.91184002161026,
    8.64355182647705,
    3.2859840393066406,
    7.59276819229126,
    4.051775932312012,
    7.858367919921875,
    0.8939840197563171,
    1.163424015045166,
    0.895904004573822,
    1.1415679454803467,
    0.9443519711494446,
    1.2014080286026,
    0.9103999733924866,
    1.1592960357666016,
    0.9207680225372314,
    1.2077120542526245,
    0.8967679738998413,
    1.1430720090866089,
    0.8940160274505615,
    1.1226240396499634,
    0.9050559997558594,
    1.1535999774932861,
    0.8978559970855713,
    14.558591842651367,
    4.178783893585205,
    7.878208160400391,
    6.09548807144165,
    4.567039966583252,
    0.9243519902229309,
    1.196768045425415,
    0.8944960236549377,
    1.1496319770812988,
    0.8931519985198975,
    1.1977280378341675,
    0.9105280041694641,
    1.2025279998779297,
    0.8972160220146179,
    4.645440101623535,
    7.853919982910156,
    3.8634560108184814,
    3.0830399990081787,
    7.478400230407715,
    0.9587200284004211,
    1.1966400146484375,
    0.9124159812927246,
    1.191167950630188,
    0.94377601146698,
    1.2059520483016968,
    0.9539840221405029,
    1.208191990852356,
    0.9520320296287537,
    1.1959680318832397,
    0.8954240083694458,
    1.1476160287857056,
    0.9522240161895752,
    4.101856231689453,
    2.929408073425293,
    7.4318718910217285,
    2.9983999729156494,
    13.069375991821289,
    0.8990399837493896,
    1.2198400497436523,
    0.9045439958572388,
    1.1399999856948853,
    0.9000959992408752,
    1.2080320119857788,
    0.9052799940109253,
    1.161695957183838,
    0.9351040124893188,
    1.191424012184143,
    0.8999999761581421,
    1.142240047454834,
    0.9469760060310364,
    1.2203199863433838,
    0.9226559996604919,
    1.5583679676055908,
    2.4125120639801025,
    8.223808288574219,
    3.199455976486206,
    5.543871879577637,
    2.9368319511413574,
    1.1444799900054932,
    0.9051839709281921,
    1.1671359539031982,
    0.9063680171966553
  ]
}