{
  "label": "conc_baseline",
  "num_cells": 20,
  "num_tx": 4,
  "num_rx": 4,
  "mcs": 2,
  "concurrent": true,
  "hbm_pct": 44.2,
  "stats": {
    "mean_ms": 16.187734031677245,
    "p50_ms": 14.525375843048096,
    "p95_ms": 28.850259685516352,
    "p99_ms": 43.42917297363285,
    "jitter": 0.34054281944055553
  },
  "miss_1ms": 1.0,
  "raw": [
    16.234207153320312,
    28.741920471191406,
    18.063007354736328,
    16.23961639404297,
    16.216672897338867,
    16.116031646728516,
    16.26473617553711,
    15.915743827819824,
    14.626239776611328,
    14.526944160461426,
    14.501855850219727,
    14.523360252380371,
    14.564384460449219,
    17.166303634643555,
    15.01260757446289,
    14.590335845947266,
    14.577823638916016,
    14.545023918151855,
    14.551008224487305,
    14.584383964538574,
    14.616352081298828,
    14.495488166809082,
    17.07004737854004,
    14.523807525634766,
    31.334815979003906,
    43.35567855834961,
    14.522432327270508,
    14.482399940490723,
    14.482560157775879,
    14.492768287658691,
    14.494400024414062,
    14.59875202178955,
    14.554783821105957,
    14.522527694702148,
    14.493215560913086,
    14.477439880371094,
    16.886720657348633,
    15.250080108642578,
    14.511967658996582,
    14.500479698181152,
    14.5382080078125,
    14.513055801391602,
    14.482720375061035,
    14.487232208251953,
    14.46076774597168,
    14.555551528930664,
    14.469728469848633,
    16.36777687072754,
    30.90870475769043,
    14.486592292785645,
    14.49516773223877,
    14.517791748046875,
    14.458175659179688,
    14.507935523986816,
    14.4901762008667,
    14.572128295898438,
    14.505151748657227,
    14.50864028930664,
    14.602527618408203,
    16.576128005981445,
    15.5065279006958,
    14.601856231689453,
    14.47276782989502,
    14.540351867675781,
    14.585920333862305,
    14.720224380493164,
    14.616127967834473,
    14.494848251342773,
    14.441216468811035,
    14.428223609924316,
    33.11324691772461,
    50.70512008666992,
    14.53667163848877,
    14.498656272888184,
    17.18195152282715,
    14.48425579071045,
    14.481151580810547,
    14.504639625549316,
    14.582015991210938,
    14.50102424621582,
    14.482784271240234,
    14.482080459594727,
    16.29270362854004,
    15.815263748168945,
    14.61689567565918,
    14.468159675598145,
    14.498175621032715,
    14.495295524597168,
    14.509407997131348,
    14.473855972290039,
    14.44985580444336,
    14.479552268981934,
    14.469280242919922,
    14.765567779541016,
    17.22809600830078,
    14.480992317199707,
    14.474944114685059,
    14.593152046203613,
    14.472576141357422,
    14.494879722595215
  ]
}