{
  "label": "bora_A_nid008353_g3",
  "config": "A",
  "mean_ms": 0.4782944005727768,
  "p99_ms": 0.49811903953552245,
  "miss_1ms": 0.0,
  "raw": [
    0.4732159972190857,
    0.47539201378822327,
    0.4755519926548004,
    0.4749760031700134,
    0.47433599829673767,
    0.4758079946041107,
    0.4752959907054901,
    0.47571200132369995,
    0.4744960069656372,
    0.47539201378822327,
    0.4739840030670166,
    0.4767040014266968,
    0.47462400794029236,
    0.4780159890651703,
    0.4894079864025116,
    0.47628799080848694,
    0.47648000717163086,
    0.476063996553421,
    0.47593599557876587,
    0.476063996553421,
    0.4896000027656555,
    0.4869759976863861,
    0.4928640127182007,
    0.503167986869812,
    0.49161601066589355,
    0.4835200011730194,
    0.4761599898338318,
    0.4765760004520416,
    0.47539201378822327,
    0.4867840111255646,
    0.47673600912094116,
    0.47628799080848694,
    0.47596800327301025,
    0.47625601291656494,
    0.4784319996833801,
    0.4755840003490448,
    0.4759039878845215,
    0.47782400250434875,
    0.4758720099925995,
    0.47388800978660583,
    0.47676798701286316,
    0.47724801301956177,
    0.47654399275779724,
    0.476608008146286,
    0.47577598690986633,
    0.47734400629997253,
    0.4769279956817627,
    0.47519999742507935,
    0.47545599937438965,
    0.4776960015296936
  ]
}