{
  "label": "heavy_resnet128",
  "num_cells": 20,
  "num_tx": 4,
  "num_rx": 4,
  "mcs": 2,
  "hbm_pct": 26.5,
  "stats": {
    "name": "heavy_resnet128",
    "count": 100,
    "mean_ms": 54.19319741487503,
    "std_ms": 4.59796344407575,
    "p50_ms": 53.70331197977066,
    "p95_ms": 61.24972131252289,
    "p99_ms": 65.89374902963638,
    "min_ms": 46.8992635011673,
    "max_ms": 66.97606420516968,
    "jitter": 0.08484392254762393
  },
  "miss_1ms": 1.0,
  "raw": [
    48.608447432518005,
    65.88281655311584,
    52.694751262664795,
    60.46841585636139,
    51.974496245384216,
    59.001951813697815,
    49.052128314971924,
    58.5872962474823,
    50.53551971912384,
    55.40048015117645,
    53.77955234050751,
    50.84214377403259,
    57.89257597923279,
    54.85088002681732,
    57.97116768360138,
    47.922943472862244,
    58.562016010284424,
    50.90598440170288,
    55.10972738265991,
    53.674431562423706,
    50.81430375576019,
    58.16537594795227,
    47.93408024311066,
    58.5620801448822,
    52.316192507743835,
    60.26758372783661,
    50.56528055667877,
    55.46816039085388,
    51.15193521976471,
    46.8992635011673,
    58.609503507614136,
    49.30352056026459,
    53.03155243396759,
    55.70540761947632,
    47.39894425868988,
    57.15491199493408,
    51.71609544754028,
    61.220863699913025,
    50.45635187625885,
    55.05881655216217,
    53.39225673675537,
    51.13632011413574,
    57.86470377445221,
    48.23571181297302,
    58.54662370681763,
    50.073248505592346,
    55.824479937553406,
    66.97606420516968,
    58.17126417160034,
    47.99945664405823,
    59.033055782318115,
    50.14809608459473,
    54.81392014026642,
    53.46832048892975,
    51.61820709705353,
    57.94550406932831,
    48.23900783061981,
    58.96723175048828,
    53.50447976589203,
    60.93033576011658,
    49.93785583972931,
    57.646623373031616,
    50.84659194946289,
    54.087104082107544,
    55.725215792655945,
    47.38281607627869,
    60.78684747219086,
    48.58207976818085,
    62.58585596084595,
    48.40905523300171,
    61.79801595211029,
    50.959872245788574,
    55.09635245800018,
    53.69827198982239,
    50.86156761646271,
    56.98672044277191,
    49.06166386604309,
    58.95027184486389,
    48.888671875,
    53.03500831127167,
    55.751327872276306,
    47.37929654121399,
    59.508575439453125,
    50.131648659706116,
    57.46687912940979,
    51.94390404224396,
    52.52489638328552,
    56.12953567504883,
    47.007936239242554,
    63.42089605331421,
    48.23024010658264,
    58.56448030471802,
    50.8056001663208,
    58.521088004112244,
    56.912991762161255,
    58.80457603931427,
    50.090304017066956,
    55.82643234729767,
    53.70835196971893,
    48.85808002948761
  ]
}