{
  "label": "mn72b_same_node",
  "stats": {
    "name": "mn72b_same_node",
    "count": 100,
    "mean_ms": 1.928391048312187,
    "std_ms": 1.978788725507797,
    "p50_ms": 1.0316320061683655,
    "p95_ms": 7.397398614883421,
    "p99_ms": 8.014840908050537,
    "min_ms": 0.8073599934577942,
    "max_ms": 8.045791625976562,
    "jitter": 1.026134573296075
  },
  "miss_1ms": 0.65,
  "raw": [
    1.051103949546814,
    0.8335679769515991,
    1.0328960418701172,
    0.8118720054626465,
    1.0582400560379028,
    0.8294079899787903,
    1.0283520221710205,
    0.8253759741783142,
    1.0251840353012085,
    0.8126400113105774,
    1.0249919891357422,
    1.7756799459457397,
    7.943871974945068,
    2.055327892303467,
    8.045791625976562,
    3.23635196685791,
    3.8231360912323,
    0.847711980342865,
    1.0275839567184448,
    0.8518400192260742,
    1.055359959602356,
    0.8113279938697815,
    1.0255359411239624,
    0.8166400194168091,
    1.031167984008789,
    0.811743974685669,
    1.0359679460525513,
    0.8126720190048218,
    1.041632056236267,
    0.8197119832038879,
    1.02947199344635,
    0.8187839984893799,
    1.0320320129394531,
    3.1692159175872803,
    6.390431880950928,
    3.3230719566345215,
    6.984992027282715,
    3.060352087020874,
    1.0280640125274658,
    0.8617920279502869,
    1.070304036140442,
    0.8453440070152283,
    1.0757440328598022,
    0.8158400058746338,
    1.0908160209655762,
    0.8748800158500671,
    1.076192021369934,
    0.8085759878158569,
    1.0801279544830322,
    0.8132799863815308,
    1.0271680355072021,
    0.8101760149002075,
    1.0339200496673584,
    1.6758079528808594,
    8.014528274536133,
    3.426271915435791,
    6.568416118621826,
    2.7632319927215576,
    1.0312319993972778,
    0.8073599934577942,
    1.0910719633102417,
    0.8077120184898376,
    1.0806080102920532,
    0.8114879727363586,
    1.0255359411239624,
    0.8138239979743958,
    1.0244159698486328,
    0.8358079791069031,
    1.0359679460525513,
    0.8121280074119568,
    1.092576026916504,
    0.8116160035133362,
    1.0546239614486694,
    0.8122879862785339,
    3.7086400985717773,
    2.7010879516601562,
    5.843520164489746,
    3.058432102203369,
    7.907936096191406,
    3.2968320846557617,
    1.0523840188980103,
    0.8117120265960693,
    1.0874240398406982,
    0.813759982585907,
    1.0275839567184448,
    0.8312640190124512,
    1.0769280195236206,
    0.8784639835357666,
    1.0917119979858398,
    0.8093119859695435,
    1.023584008216858,
    0.8691520094871521,
    1.0309760570526123,
    0.8712639808654785,
    3.8231680393218994,
    1.718783974647522,
    8.00153636932373,
    2.320768117904663,
    7.370528221130371,
    3.092576026916504
  ]
}