{
  "label": "s2n4g_baseline_nid002688_g0",
  "num_cells": 8,
  "graph_mode": 1,
  "mode": "GRAPH",
  "mean_ms": 0.4353580814599991,
  "per_cell_ms": 0.05441976018249989,
  "p95_ms": 0.44036800116300584,
  "p99_ms": 0.4430803182721138,
  "miss_1ms": 0.0,
  "raw": [
    0.435232013463974,
    0.43856000900268555,
    0.4410240054130554,
    0.43507200479507446,
    0.43539199233055115,
    0.43696001172065735,
    0.437824010848999,
    0.4373120069503784,
    0.434112012386322,
    0.4408000111579895,
    0.4450559914112091,
    0.43487998843193054,
    0.43324801325798035,
    0.43398401141166687,
    0.4398399889469147,
    0.435263991355896,
    0.43887999653816223,
    0.43459200859069824,
    0.43539199233055115,
    0.4338879883289337,
    0.4354560077190399,
    0.4365119934082031,
    0.43382400274276733,
    0.43276798725128174,
    0.4336960017681122,
    0.4363200068473816,
    0.4349119961261749,
    0.4333760142326355,
    0.43238401412963867,
    0.4365440011024475,
    0.43747198581695557,
    0.4349760115146637,
    0.43331199884414673,
    0.43619200587272644,
    0.43641600012779236,
    0.430431991815567,
    0.4339520037174225,
    0.43353599309921265,
    0.43532800674438477,
    0.4345279932022095,
    0.4365440011024475,
    0.4339520037174225,
    0.4339520037174225,
    0.43190398812294006,
    0.4328640103340149,
    0.4336319863796234,
    0.4339199960231781,
    0.4328320026397705,
    0.4336960017681122,
    0.43536001443862915
  ]
}