{
  "label": "s4n4g_baseline_nid003953_g2",
  "num_cells": 8,
  "graph_mode": 1,
  "mode": "GRAPH",
  "mean_ms": 0.4318553596735001,
  "per_cell_ms": 0.05398191995918751,
  "p95_ms": 0.43615999817848206,
  "p99_ms": 0.43682592689990996,
  "miss_1ms": 0.0,
  "raw": [
    0.42659199237823486,
    0.4343680143356323,
    0.4275839924812317,
    0.43615999817848206,
    0.43350398540496826,
    0.4363200068473816,
    0.43615999817848206,
    0.4323199987411499,
    0.4349119961261749,
    0.43007999658584595,
    0.435263991355896,
    0.4350399971008301,
    0.4336960017681122,
    0.4264959990978241,
    0.42895999550819397,
    0.43219199776649475,
    0.43161600828170776,
    0.4338560104370117,
    0.4373120069503784,
    0.4310080111026764,
    0.43187201023101807,
    0.4253759980201721,
    0.43401598930358887,
    0.4320000112056732,
    0.4323520064353943,
    0.4328320026397705,
    0.4327999949455261,
    0.4320319890975952,
    0.43212801218032837,
    0.4343999922275543,
    0.4256640076637268,
    0.4330559968948364,
    0.43193599581718445,
    0.4360960125923157,
    0.4326080083847046,
    0.43167999386787415,
    0.43251198530197144,
    0.4341759979724884,
    0.42841601371765137,
    0.43347200751304626,
    0.42473599314689636,
    0.42553600668907166,
    0.4328320026397705,
    0.4256959855556488,
    0.4328959882259369,
    0.42550399899482727,
    0.43375998735427856,
    0.4328640103340149,
    0.43241599202156067,
    0.4336639940738678
  ]
}