{
  "label": "q32b2n_qwen32b_nid001640_g3",
  "num_cells": 8,
  "graph_mode": 1,
  "mode": "GRAPH",
  "mean_ms": 0.4386604779958725,
  "per_cell_ms": 0.05483255974948406,
  "p95_ms": 0.44443039745092394,
  "p99_ms": 0.4543507295846939,
  "miss_1ms": 0.0,
  "raw": [
    0.43331199884414673,
    0.44268798828125,
    0.4352000057697296,
    0.44147199392318726,
    0.4403199851512909,
    0.4367679953575134,
    0.4375999867916107,
    0.4405759871006012,
    0.4410879909992218,
    0.43456000089645386,
    0.4336960017681122,
    0.4399679899215698,
    0.4333440065383911,
    0.4415999948978424,
    0.4334399998188019,
    0.4331839978694916,
    0.43190398812294006,
    0.44281598925590515,
    0.4334399998188019,
    0.4405120015144348,
    0.4397119879722595,
    0.44089600443840027,
    0.43408000469207764,
    0.4346559941768646,
    0.44041600823402405,
    0.4413760006427765,
    0.434688001871109,
    0.4339199960231781,
    0.4360640048980713,
    0.44470399618148804,
    0.4402880072593689,
    0.44099199771881104,
    0.43830400705337524,
    0.44176000356674194,
    0.434143990278244,
    0.4366079866886139,
    0.4402559995651245,
    0.44204801321029663,
    0.43561598658561707,
    0.4411199986934662,
    0.43241599202156067,
    0.4418239891529083,
    0.44223999977111816,
    0.43532800674438477,
    0.43430399894714355,
    0.4519680142402649,
    0.45664000511169434,
    0.43673598766326904,
    0.43833601474761963,
    0.44409599900245667
  ]
}