{
  "label": "mig32_2n_base_nid001460_g0",
  "num_cells": 8,
  "graph_mode": 1,
  "mode": "GRAPH",
  "mean_ms": 0.46993280231952667,
  "per_cell_ms": 0.05874160028994083,
  "p95_ms": 0.4782336041331291,
  "p99_ms": 0.4801651179790497,
  "miss_1ms": 0.0,
  "raw": [
    0.4699839949607849,
    0.4688960015773773,
    0.46777600049972534,
    0.4675520062446594,
    0.4681920111179352,
    0.4670400023460388,
    0.4676159918308258,
    0.46668800711631775,
    0.47443199157714844,
    0.47036799788475037,
    0.46643200516700745,
    0.4658240079879761,
    0.4670720100402832,
    0.46956801414489746,
    0.4682239890098572,
    0.4663679897785187,
    0.4663040041923523,
    0.46665599942207336,
    0.4678080081939697,
    0.46934399008750916,
    0.46745601296424866,
    0.4678080081939697,
    0.4673280119895935,
    0.4678080081939697,
    0.4742720127105713,
    0.46908798813819885,
    0.4681279957294464,
    0.4753600060939789,
    0.46751999855041504,
    0.47683200240135193,
    0.46777600049972534,
    0.4665279984474182,
    0.46720001101493835,
    0.4790399968624115,
    0.46668800711631775,
    0.46691200137138367,
    0.474016010761261,
    0.4684160053730011,
    0.4713599979877472,
    0.46620801091194153,
    0.46537598967552185,
    0.4665279984474182,
    0.4679360091686249,
    0.4799039959907532,
    0.476608008146286,
    0.4764159917831421,
    0.4750399887561798,
    0.47724801301956177,
    0.4804159998893738,
    0.47328001260757446
  ]
}