{
  "label": "snrx_baseline_final",
  "num_cells": 8,
  "num_tx": 4,
  "num_rx": 4,
  "mcs": 2,
  "hbm_pct": 19.4,
  "stats": {
    "name": "snrx_baseline_final",
    "count": 100,
    "mean_ms": 6.074002237915993,
    "std_ms": 0.42097098324207466,
    "p50_ms": 5.807520002126694,
    "p95_ms": 6.801572734117508,
    "p99_ms": 6.945299831032753,
    "min_ms": 5.754304051399231,
    "max_ms": 6.9821120500564575,
    "jitter": 0.06930701813282686
  },
  "miss_1ms": 1.0,
  "raw": [
    6.804703950881958,
    6.725600004196167,
    6.7512319684028625,
    6.741760015487671,
    6.722335994243622,
    6.78441596031189,
    6.655456066131592,
    6.685759961605072,
    6.845631957054138,
    6.832575976848602,
    6.9821120500564575,
    6.944927990436554,
    6.685952007770538,
    6.650368094444275,
    6.676191926002502,
    6.66838401556015,
    6.671552002429962,
    6.8014079332351685,
    6.665856063365936,
    6.659488022327423,
    6.66236799955368,
    6.726592004299164,
    6.77318400144577,
    6.708895981311798,
    6.701311945915222,
    6.67056006193161,
    6.74096006155014,
    6.657119989395142,
    6.410719931125641,
    5.821152031421661,
    5.797984004020691,
    5.783967912197113,
    5.817664086818695,
    5.803072035312653,
    5.781120002269745,
    5.77811199426651,
    5.786784052848816,
    5.799232006072998,
    5.772448003292084,
    5.771776020526886,
    5.7821760177612305,
    5.818015992641449,
    5.765887916088104,
    5.7942399978637695,
    5.785023987293243,
    5.781215965747833,
    5.794848084449768,
    5.81635195016861,
    5.784256041049957,
    5.764672040939331,
    5.837760031223297,
    5.795775949954987,
    5.851839959621429,
    5.819743990898132,
    5.867296040058136,
    5.8135679960250854,
    5.7944000363349915,
    5.795167982578278,
    5.854144036769867,
    5.764991998672485,
    5.782687962055206,
    5.886591970920563,
    5.806335985660553,
    5.754304051399231,
    5.780063986778259,
    5.858047962188721,
    5.807456016540527,
    5.770336031913757,
    5.79804801940918,
    5.792255997657776,
    5.7873600125312805,
    5.799935936927795,
    5.806624054908752,
    5.77974396944046,
    5.786751985549927,
    5.797824025154114,
    5.802432000637054,
    5.7910720109939575,
    5.787263989448547,
    5.774239897727966,
    5.788927912712097,
    6.044768035411835,
    5.788767993450165,
    5.804095983505249,
    5.7848639488220215,
    5.910048127174377,
    5.8192320466041565,
    5.782335996627808,
    5.837664067745209,
    5.7933759689331055,
    5.958176016807556,
    5.807424008846283,
    5.781984031200409,
    5.786143958568573,
    5.857663869857788,
    5.80758398771286,
    5.86847996711731,
    5.782719969749451,
    5.842783987522125,
    5.801695942878723
  ]
}