{
  "label": "g40_gpt2",
  "num_cells": 20,
  "num_tx": 4,
  "num_rx": 4,
  "mcs": 2,
  "hbm_pct": 50.4,
  "stats": {
    "name": "g40_gpt2",
    "count": 100,
    "mean_ms": 58.278243180513385,
    "std_ms": 3.5687895502483706,
    "p50_ms": 60.966511964797974,
    "p95_ms": 61.23104841709137,
    "p99_ms": 62.48267456769943,
    "min_ms": 53.23209619522095,
    "max_ms": 63.051679611206055,
    "jitter": 0.06123708189339644
  },
  "miss_1ms": 1.0,
  "raw": [
    63.051679611206055,
    61.1505606174469,
    54.0351996421814,
    61.01920020580292,
    53.36518371105194,
    61.129151582717896,
    61.046080231666565,
    54.06604766845703,
    60.97151982784271,
    53.52403235435486,
    60.977728486061096,
    61.04220747947693,
    54.01225554943085,
    61.10662508010864,
    53.48851132392883,
    62.38217616081238,
    60.977503657341,
    53.54521608352661,
    61.014240741729736,
    54.012319684028625,
    60.956703782081604,
    61.00051200389862,
    55.01756751537323,
    61.0333434343338,
    61.36070382595062,
    54.40995180606842,
    61.135520815849304,
    53.39468765258789,
    60.961504101753235,
    61.534719586372375,
    55.83545625209808,
    61.118144512176514,
    53.35372805595398,
    61.02681541442871,
    60.844608187675476,
    54.19017577171326,
    61.08240008354187,
    53.38048052787781,
    61.22422444820404,
    60.89523196220398,
    54.2002876996994,
    61.01753580570221,
    53.35209619998932,
    60.976608753204346,
    61.12182354927063,
    54.03007912635803,
    61.019872069358826,
    53.54985594749451,
    61.04748737812042,
    60.94607973098755,
    54.00147223472595,
    60.981440782547,
    53.35638403892517,
    62.476927042007446,
    61.010815382003784,
    53.53612792491913,
    61.0668169260025,
    54.096415758132935,
    60.849984884262085,
    61.16857576370239,
    53.39705562591553,
    60.884671449661255,
    54.16383981704712,
    60.99708807468414,
    60.99481558799744,
    53.3540803194046,
    61.12163197994232,
    54.00451183319092,
    60.93391942977905,
    61.020031809806824,
    53.44105577468872,
    61.04486393928528,
    54.1537606716156,
    60.995360255241394,
    61.11139166355133,
    53.23209619522095,
    61.06537616252899,
    54.17603242397308,
    61.01052701473236,
    61.035135984420776,
    53.341984152793884,
    61.09289622306824,
    54.192352175712585,
    60.81043243408203,
    60.99897575378418,
    53.53123211860657,
    60.83535981178284,
    54.21510338783264,
    60.992063760757446,
    61.02739238739014,
    53.52847981452942,
    60.883328318595886,
    54.173887491226196,
    60.997599720954895,
    61.01897609233856,
    53.39238440990448,
    61.172768235206604,
    54.02246451377869,
    60.97702395915985,
    61.001760840415955
  ]
}