{
  "label": "s4n4g_baseline_nid001269_g1",
  "num_cells": 8,
  "graph_mode": 1,
  "mode": "GRAPH",
  "mean_ms": 0.43271488070487973,
  "per_cell_ms": 0.05408936008810997,
  "p95_ms": 0.43744159638881686,
  "p99_ms": 0.44007231801748276,
  "miss_1ms": 0.0,
  "raw": [
    0.4368959963321686,
    0.4292159974575043,
    0.4365760087966919,
    0.42745599150657654,
    0.4331200122833252,
    0.43564799427986145,
    0.4327999949455261,
    0.43248000741004944,
    0.43248000741004944,
    0.43593600392341614,
    0.4272319972515106,
    0.4314559996128082,
    0.435808002948761,
    0.435263991355896,
    0.4270080029964447,
    0.4331519901752472,
    0.4320639967918396,
    0.43433600664138794,
    0.4282880127429962,
    0.4270719885826111,
    0.4333760142326355,
    0.43404799699783325,
    0.43561598658561707,
    0.4349440038204193,
    0.4251520037651062,
    0.44047999382019043,
    0.43382400274276733,
    0.4302400052547455,
    0.43136000633239746,
    0.43584001064300537,
    0.4240320026874542,
    0.42364799976348877,
    0.4312320053577423,
    0.4362559914588928,
    0.43353599309921265,
    0.43382400274276733,
    0.435232013463974,
    0.4341759979724884,
    0.43487998843193054,
    0.4344640076160431,
    0.42668798565864563,
    0.4285440146923065,
    0.43382400274276733,
    0.42579200863838196,
    0.435808002948761,
    0.43641600012779236,
    0.43964800238609314,
    0.4378879964351654,
    0.43401598930358887,
    0.43667200207710266
  ]
}