{
  "label": "mn72b_baseline",
  "stats": {
    "name": "mn72b_baseline",
    "count": 100,
    "mean_ms": 2.1646076780557633,
    "std_ms": 2.5200385954736486,
    "p50_ms": 1.0457119941711426,
    "p95_ms": 7.7724672079086305,
    "p99_ms": 11.382021150588992,
    "min_ms": 0.8105279803276062,
    "max_ms": 11.800671577453613,
    "jitter": 1.1642010794940592
  },
  "miss_1ms": 0.61,
  "raw": [
    1.054527997970581,
    0.8250240087509155,
    6.092639923095703,
    7.698016166687012,
    8.08131217956543,
    3.519808053970337,
    5.529376029968262,
    0.8744959831237793,
    1.1163840293884277,
    0.864799976348877,
    1.084704041481018,
    0.8590080142021179,
    1.0800960063934326,
    0.8458240032196045,
    1.1059199571609497,
    0.8595520257949829,
    1.042847990989685,
    0.822048008441925,
    1.0314240455627441,
    0.8368960022926331,
    1.071776032447815,
    0.8178240060806274,
    3.6468160152435303,
    2.9809279441833496,
    7.756256103515625,
    1.4990719556808472,
    7.678175926208496,
    0.8653119802474976,
    1.0919040441513062,
    0.8797119855880737,
    1.0988479852676392,
    0.8626239895820618,
    1.0819200277328491,
    0.8284800052642822,
    1.102944016456604,
    0.8106880187988281,
    1.0418239831924438,
    0.812608003616333,
    1.0970560312271118,
    0.8178880214691162,
    1.027008056640625,
    0.866208016872406,
    1.0711359977722168,
    3.3417599201202393,
    6.059167861938477,
    4.197184085845947,
    8.321151733398438,
    1.91702401638031,
    1.0268479585647583,
    0.81113600730896,
    1.1006720066070557,
    0.8119360208511353,
    1.0605440139770508,
    0.8245760202407837,
    1.0253759622573853,
    0.8200640082359314,
    1.0531519651412964,
    0.8183040022850037,
    1.0230720043182373,
    0.8112319707870483,
    1.0942399501800537,
    0.8231679797172546,
    1.0274879932403564,
    0.8577920198440552,
    7.8056640625,
    3.2577919960021973,
    7.654079914093018,
    4.044447898864746,
    11.377792358398438,
    0.8105279803276062,
    1.1037119626998901,
    0.8590400218963623,
    1.0438079833984375,
    0.8135679960250854,
    1.113055944442749,
    0.8616319894790649,
    1.0910719633102417,
    0.8636800050735474,
    1.078976035118103,
    0.8468480110168457,
    1.0476160049438477,
    0.8197439908981323,
    1.0399359464645386,
    0.8131840229034424,
    11.800671577453613,
    2.9029440879821777,
    7.5517120361328125,
    2.6725759506225586,
    7.7707200050354,
    0.8507840037345886,
    1.0893440246582031,
    0.8647040128707886,
    1.025215983390808,
    0.8622720241546631,
    1.0953919887542725,
    0.869055986404419,
    1.083359956741333,
    0.8559359908103943,
    1.0941439867019653,
    0.8681600093841553
  ]
}