{
  "label": "mig32_4n_qwen_nid001536_g1",
  "num_cells": 8,
  "graph_mode": 1,
  "mode": "GRAPH",
  "mean_ms": 0.4687430387735367,
  "per_cell_ms": 0.058592879846692085,
  "p95_ms": 0.4722175896167755,
  "p99_ms": 0.4790153521299362,
  "miss_1ms": 0.0,
  "raw": [
    0.466048002243042,
    0.4689599871635437,
    0.46835198998451233,
    0.4672960042953491,
    0.4681279957294464,
    0.4673919975757599,
    0.46832001209259033,
    0.4665279984474182,
    0.4668160080909729,
    0.46857601404190063,
    0.4705919921398163,
    0.46748799085617065,
    0.4673599898815155,
    0.46860799193382263,
    0.4708479940891266,
    0.4668160080909729,
    0.46371200680732727,
    0.4724479913711548,
    0.472927987575531,
    0.4684799909591675,
    0.4689919948577881,
    0.4692479968070984,
    0.46886399388313293,
    0.46643200516700745,
    0.47043201327323914,
    0.4689919948577881,
    0.46908798813819885,
    0.46700799465179443,
    0.46806401014328003,
    0.4702720046043396,
    0.4681920111179352,
    0.46720001101493835,
    0.4678080081939697,
    0.46799999475479126,
    0.4681920111179352,
    0.46614399552345276,
    0.46614399552345276,
    0.4692479968070984,
    0.46937599778175354,
    0.46672001481056213,
    0.470335990190506,
    0.4682239890098572,
    0.4672960042953491,
    0.4684799909591675,
    0.4697279930114746,
    0.4692800045013428,
    0.46911999583244324,
    0.46777600049972534,
    0.4848639965057373,
    0.4719359874725342
  ]
}