{
  "label": "s1n4g_resnet_nid001285_g1",
  "num_cells": 8,
  "graph_mode": 1,
  "mode": "GRAPH",
  "mean_ms": 0.5451590430736541,
  "per_cell_ms": 0.06814488038420677,
  "p95_ms": 0.5529200047254562,
  "p99_ms": 0.5563116836547851,
  "miss_1ms": 0.0,
  "raw": [
    0.5443519949913025,
    0.5433599948883057,
    0.5431680083274841,
    0.5457280278205872,
    0.544160008430481,
    0.5517759919166565,
    0.5429120063781738,
    0.5512319803237915,
    0.5445119738578796,
    0.5436800122261047,
    0.5437759757041931,
    0.5414400100708008,
    0.5484799742698669,
    0.544160008430481,
    0.5428479909896851,
    0.5419840216636658,
    0.5424320101737976,
    0.5432639718055725,
    0.5574719905853271,
    0.5446079969406128,
    0.5430399775505066,
    0.5442559719085693,
    0.5440959930419922,
    0.5449920296669006,
    0.54448002576828,
    0.5434880256652832,
    0.5457280278205872,
    0.5502719879150391,
    0.5440000295639038,
    0.5458239912986755,
    0.5444480180740356,
    0.5418239831924438,
    0.5423679947853088,
    0.5446400046348572,
    0.5464640259742737,
    0.543071985244751,
    0.5439040064811707,
    0.5551040172576904,
    0.5461120009422302,
    0.5466880202293396,
    0.5427839756011963,
    0.5449920296669006,
    0.5458559989929199,
    0.542464017868042,
    0.5443519949913025,
    0.5444160103797913,
    0.5440000295639038,
    0.5538560152053833,
    0.5424000024795532,
    0.5426880121231079
  ]
}