{
  "label": "conc_thresh_baseline",
  "num_cells": 20,
  "num_tx": 4,
  "num_rx": 4,
  "mcs": 2,
  "concurrent": true,
  "hbm_pct": 44.2,
  "stats": {
    "mean_ms": 16.17469659805298,
    "p50_ms": 14.61016035079956,
    "p95_ms": 18.553420352935788,
    "p99_ms": 50.28170608520512,
    "jitter": 0.3854532176846399
  },
  "miss_1ms": 1.0,
  "raw": [
    16.816864013671875,
    18.26700782775879,
    18.478559494018555,
    16.895423889160156,
    16.749887466430664,
    14.632351875305176,
    14.551487922668457,
    14.608320236206055,
    14.676735877990723,
    14.64236831665039,
    14.650591850280762,
    14.617152214050293,
    14.575424194335938,
    17.203519821166992,
    15.087264060974121,
    14.591263771057129,
    14.537407875061035,
    14.651391983032227,
    17.0930233001709,
    14.66425609588623,
    14.641152381896973,
    14.687392234802246,
    14.630463600158691,
    14.575008392333984,
    15.766079902648926,
    16.594911575317383,
    14.646623611450195,
    14.615167617797852,
    14.635168075561523,
    14.558624267578125,
    14.532735824584961,
    14.602463722229004,
    14.588064193725586,
    14.612000465393066,
    14.59382438659668,
    14.555168151855469,
    58.59561538696289,
    15.347583770751953,
    14.594112396240234,
    14.589664459228516,
    14.564831733703613,
    14.597984313964844,
    14.569343566894531,
    14.529215812683105,
    14.588895797729492,
    14.652447700500488,
    14.653727531433105,
    15.445535659790039,
    16.776735305786133,
    14.712544441223145,
    14.697152137756348,
    14.501343727111816,
    14.572704315185547,
    14.558048248291016,
    14.572575569152832,
    14.658687591552734,
    14.629183769226074,
    14.539168357849121,
    14.588831901550293,
    50.19772720336914,
    29.610912322998047,
    14.55299186706543,
    14.517312049865723,
    14.533056259155273,
    14.600192070007324,
    14.59222412109375,
    14.518431663513184,
    14.527039527893066,
    14.555839538574219,
    14.51427173614502,
    15.134048461914062,
    19.97577667236328,
    14.540639877319336,
    14.667584419250488,
    14.648575782775879,
    14.507935523986816,
    14.500127792358398,
    14.481056213378906,
    14.529024124145508,
    14.56761646270752,
    14.597311973571777,
    14.547743797302246,
    18.399744033813477,
    38.84601593017578,
    14.591327667236328,
    14.640095710754395,
    14.564543724060059,
    14.583807945251465,
    14.67187213897705,
    14.732224464416504,
    14.616191864013672,
    14.511648178100586,
    14.593600273132324,
    14.847904205322266,
    17.274240493774414,
    14.528800010681152,
    14.50175952911377,
    14.503071784973145,
    14.667200088500977,
    14.617088317871094
  ]
}