{
  "label": "bora_D_nid008353_g0",
  "config": "D",
  "mean_ms": 0.536481283903122,
  "p99_ms": 0.5728297501802444,
  "miss_1ms": 0.0,
  "raw": [
    0.5251520276069641,
    0.5308480262756348,
    0.5844799876213074,
    0.547872006893158,
    0.5347840189933777,
    0.5325440168380737,
    0.540224015712738,
    0.5372160077095032,
    0.5267199873924255,
    0.5226560235023499,
    0.5531839728355408,
    0.5368959903717041,
    0.5381439924240112,
    0.5364480018615723,
    0.5219200253486633,
    0.5400639772415161,
    0.540448009967804,
    0.5517439842224121,
    0.5415999889373779,
    0.5279679894447327,
    0.5335360169410706,
    0.5251200199127197,
    0.544160008430481,
    0.5263040065765381,
    0.5285760164260864,
    0.5295680165290833,
    0.5196800231933594,
    0.5465599894523621,
    0.5440959930419922,
    0.5441920161247253,
    0.5486400127410889,
    0.5434240102767944,
    0.529088020324707,
    0.5292479991912842,
    0.5303360223770142,
    0.5453439950942993,
    0.5219200253486633,
    0.5363199710845947,
    0.5184640288352966,
    0.5316799879074097,
    0.5404800176620483,
    0.542527973651886,
    0.546783983707428,
    0.5607039928436279,
    0.5298879742622375,
    0.5232959985733032,
    0.5295040011405945,
    0.5498560070991516,
    0.5203840136528015,
    0.5334720015525818
  ]
}