{
  "label": "q32b4n_qwen32b_nid001533_g1",
  "num_cells": 8,
  "graph_mode": 1,
  "mode": "GRAPH",
  "mean_ms": 0.4357721608877182,
  "per_cell_ms": 0.054471520110964775,
  "p95_ms": 0.44267999976873396,
  "p99_ms": 0.4456902435421944,
  "miss_1ms": 0.0,
  "raw": [
    0.4469760060310364,
    0.43744000792503357,
    0.43856000900268555,
    0.43430399894714355,
    0.44259199500083923,
    0.4320319890975952,
    0.438975989818573,
    0.43593600392341614,
    0.43510401248931885,
    0.43513599038124084,
    0.44198399782180786,
    0.4331839978694916,
    0.4354879856109619,
    0.4347200095653534,
    0.43507200479507446,
    0.43321600556373596,
    0.4362879991531372,
    0.4354879856109619,
    0.43219199776649475,
    0.43302398920059204,
    0.43324801325798035,
    0.435232013463974,
    0.438975989818573,
    0.43267199397087097,
    0.43296000361442566,
    0.4352959990501404,
    0.4357120096683502,
    0.4347200095653534,
    0.43244799971580505,
    0.441567987203598,
    0.43427199125289917,
    0.4349440038204193,
    0.43379199504852295,
    0.43375998735427856,
    0.4352000057697296,
    0.4338560104370117,
    0.44275200366973877,
    0.4347200095653534,
    0.43382400274276733,
    0.4327999949455261,
    0.44435200095176697,
    0.4342400133609772,
    0.4344640076160431,
    0.43248000741004944,
    0.43964800238609314,
    0.4345279932022095,
    0.435263991355896,
    0.43238401412963867,
    0.4344640076160431,
    0.4363200068473816
  ]
}