{
  "label": "s4n4g_neuralrx_nid001269_g1",
  "num_cells": 8,
  "graph_mode": 1,
  "mode": "GRAPH",
  "mean_ms": 0.4353964823484421,
  "per_cell_ms": 0.05442456029355526,
  "p95_ms": 0.4391999989748001,
  "p99_ms": 0.4402435305714607,
  "miss_1ms": 0.0,
  "raw": [
    0.43296000361442566,
    0.43542400002479553,
    0.4359999895095825,
    0.4357120096683502,
    0.4355520009994507,
    0.43536001443862915,
    0.435232013463974,
    0.4343680143356323,
    0.4347200095653534,
    0.43619200587272644,
    0.44041600823402405,
    0.43382400274276733,
    0.43353599309921265,
    0.43558400869369507,
    0.4384959936141968,
    0.4362559914588928,
    0.435263991355896,
    0.435263991355896,
    0.4360640048980713,
    0.4338560104370117,
    0.43433600664138794,
    0.43516799807548523,
    0.4359680116176605,
    0.43372800946235657,
    0.4346559941768646,
    0.43564799427986145,
    0.4357439875602722,
    0.43382400274276733,
    0.4342400133609772,
    0.440064013004303,
    0.43644800782203674,
    0.4350399971008301,
    0.434688001871109,
    0.4352959990501404,
    0.43647998571395874,
    0.43296000361442566,
    0.43433600664138794,
    0.43670400977134705,
    0.4397760033607483,
    0.4347200095653534,
    0.4339520037174225,
    0.4374080002307892,
    0.435263991355896,
    0.43382400274276733,
    0.4342400133609772,
    0.43612799048423767,
    0.43593600392341614,
    0.4333440065383911,
    0.4342080056667328,
    0.43561598658561707
  ]
}