{
  "label": "bora_hbm",
  "num_cells": 8,
  "graph_mode": 1,
  "mode": "GRAPH",
  "mean_ms": 0.9070777559280395,
  "per_cell_ms": 0.11338471949100494,
  "p95_ms": 0.9291215926408768,
  "p99_ms": 0.9408828717470169,
  "miss_1ms": 0.0,
  "raw": [
    0.9097599983215332,
    0.9257599711418152,
    0.9156799912452698,
    0.9107199907302856,
    0.9232959747314453,
    0.8996800184249878,
    0.8910719752311707,
    0.901856005191803,
    0.8749439716339111,
    0.9004799723625183,
    0.9037759900093079,
    0.9318720102310181,
    0.9214400053024292,
    0.9000959992408752,
    0.9023039937019348,
    0.8879039883613586,
    0.9141759872436523,
    0.9207360148429871,
    0.8911359906196594,
    0.9019200205802917,
    0.9084159731864929,
    0.9190719723701477,
    0.9013760089874268,
    0.9191679954528809,
    0.9089919924736023,
    0.9010559916496277,
    0.9088640213012695,
    0.9249600172042847,
    0.8788160085678101,
    0.9045760035514832,
    0.9189760088920593,
    0.9010559916496277,
    0.8945919871330261,
    0.9083520174026489,
    0.8903679847717285,
    0.9056959748268127,
    0.903328001499176,
    0.9117439985275269,
    0.9053440093994141,
    0.9183679819107056,
    0.9325760006904602,
    0.9117760062217712,
    0.9137279987335205,
    0.9086400270462036,
    0.8888639807701111,
    0.9144960045814514,
    0.9010239839553833,
    0.9009280204772949,
    0.8712639808654785,
    0.9488639831542969
  ]
}