{
  "label": "s4n4g_resnet_nid003952_g2",
  "num_cells": 8,
  "graph_mode": 1,
  "mode": "GRAPH",
  "mean_ms": 0.4364230370521545,
  "per_cell_ms": 0.054552879631519315,
  "p95_ms": 0.44036160707473754,
  "p99_ms": 0.4472902330756187,
  "miss_1ms": 0.0,
  "raw": [
    0.43404799699783325,
    0.4373440146446228,
    0.4368959963321686,
    0.4344319999217987,
    0.43612799048423767,
    0.43612799048423767,
    0.4366079866886139,
    0.4339199960231781,
    0.4347839951515198,
    0.43587198853492737,
    0.4362879991531372,
    0.4379200041294098,
    0.43516799807548523,
    0.43673598766326904,
    0.43612799048423767,
    0.4352959990501404,
    0.4362559914588928,
    0.4373759925365448,
    0.4349760115146637,
    0.4350399971008301,
    0.43513599038124084,
    0.4501439929008484,
    0.4381439983844757,
    0.4354879856109619,
    0.43430399894714355,
    0.4373759925365448,
    0.43561598658561707,
    0.436383992433548,
    0.4342080056667328,
    0.43699198961257935,
    0.436383992433548,
    0.4349440038204193,
    0.43456000089645386,
    0.4362559914588928,
    0.4370880126953125,
    0.4344959855079651,
    0.4354879856109619,
    0.43692800402641296,
    0.4360960125923157,
    0.4421760141849518,
    0.43587198853492737,
    0.436383992433548,
    0.4357120096683502,
    0.434143990278244,
    0.4349440038204193,
    0.43721601366996765,
    0.43641600012779236,
    0.4352959990501404,
    0.4352959990501404,
    0.4443199932575226
  ]
}