{
  "label": "mig72_4n_qwen_nid008637_g2",
  "num_cells": 8,
  "graph_mode": 1,
  "mode": "GRAPH",
  "mean_ms": 0.5783852785825729,
  "per_cell_ms": 0.07229815982282162,
  "p95_ms": 0.6788975983858108,
  "p99_ms": 1.1936409664154037,
  "miss_1ms": 0.02,
  "raw": [
    0.5487359762191772,
    0.5227519869804382,
    0.5761600136756897,
    0.5449920296669006,
    0.5829439759254456,
    0.5555199980735779,
    0.5999040007591248,
    0.5365440249443054,
    0.5851200222969055,
    0.5453439950942993,
    0.5634559988975525,
    1.5829440355300903,
    0.5782719850540161,
    0.5810559988021851,
    0.5712000131607056,
    0.5329279899597168,
    0.4963200092315674,
    0.5038400292396545,
    0.5003520250320435,
    0.5089920163154602,
    0.5266879796981812,
    0.5124800205230713,
    0.5042880177497864,
    0.51801598072052,
    0.5180479884147644,
    0.5103679895401001,
    0.5229759812355042,
    0.630623996257782,
    0.5553280115127563,
    0.6938880085945129,
    0.5762559771537781,
    0.5953919887542725,
    0.5130559802055359,
    0.49142399430274963,
    0.5305600166320801,
    0.6368319988250732,
    0.6260799765586853,
    0.7884479761123657,
    0.6310399770736694,
    0.6605759859085083,
    0.576960027217865,
    0.5551040172576904,
    0.5423359870910645,
    0.5059199929237366,
    0.5271999835968018,
    0.5355200171470642,
    0.5359039902687073,
    0.5477439761161804,
    0.5225279927253723,
    0.5103039741516113
  ]
}