{
  "label": "mig72_2n_base_nid008657_g0",
  "num_cells": 8,
  "graph_mode": 1,
  "mode": "GRAPH",
  "mean_ms": 0.46809407949447635,
  "per_cell_ms": 0.05851175993680954,
  "p95_ms": 0.4727599903941154,
  "p99_ms": 0.4989302474260329,
  "miss_1ms": 0.0,
  "raw": [
    0.4674240052700043,
    0.46806401014328003,
    0.4711360037326813,
    0.466592013835907,
    0.4678399860858917,
    0.46716800332069397,
    0.46880000829696655,
    0.4705600142478943,
    0.4662719964981079,
    0.4677119851112366,
    0.47123199701309204,
    0.472351998090744,
    0.4644800126552582,
    0.4667840003967285,
    0.4683839976787567,
    0.4665600061416626,
    0.4726719856262207,
    0.4641279876232147,
    0.4663360118865967,
    0.4649919867515564,
    0.4651840031147003,
    0.4678399860858917,
    0.4678399860858917,
    0.4657920002937317,
    0.46454399824142456,
    0.4652160108089447,
    0.468095988035202,
    0.46646401286125183,
    0.46511998772621155,
    0.465503990650177,
    0.47283199429512024,
    0.4639360010623932,
    0.46406400203704834,
    0.4792320132255554,
    0.4678399860858917,
    0.46585598587989807,
    0.46534401178359985,
    0.46534401178359985,
    0.46620801091194153,
    0.4638400077819824,
    0.4636479914188385,
    0.4660159945487976,
    0.4659520089626312,
    0.46505600214004517,
    0.46480000019073486,
    0.46511998772621155,
    0.46649599075317383,
    0.46489599347114563,
    0.5178560018539429,
    0.4692800045013428
  ]
}