{
  "label": "bora_neuralrx",
  "num_cells": 8,
  "graph_mode": 1,
  "mode": "GRAPH",
  "mean_ms": 0.5793971204757691,
  "per_cell_ms": 0.07242464005947113,
  "p95_ms": 0.6640095949172974,
  "p99_ms": 0.6918371081352234,
  "miss_1ms": 0.0,
  "raw": [
    0.6655359864234924,
    0.6111999750137329,
    0.5188159942626953,
    0.5981119871139526,
    0.5225600004196167,
    0.5544319748878479,
    0.533951997756958,
    0.5774400234222412,
    0.5452799797058105,
    0.5519999861717224,
    0.6415680050849915,
    0.6583679914474487,
    0.6987519860267639,
    0.593824028968811,
    0.5934399962425232,
    0.517408013343811,
    0.557856023311615,
    0.5471360087394714,
    0.5442559719085693,
    0.5407360196113586,
    0.5630080103874207,
    0.5451520085334778,
    0.6272640228271484,
    0.650048017501831,
    0.6621440052986145,
    0.661952018737793,
    0.5224320292472839,
    0.6197760105133057,
    0.527679979801178,
    0.5903360247612,
    0.5482879877090454,
    0.555072009563446,
    0.5875840187072754,
    0.555840015411377,
    0.5549439787864685,
    0.5696319937705994,
    0.5442240238189697,
    0.6572480201721191,
    0.6846399903297424,
    0.6208639740943909,
    0.6526719927787781,
    0.5232959985733032,
    0.5877119898796082,
    0.5205119848251343,
    0.5295360088348389,
    0.5554879903793335,
    0.5457599759101868,
    0.5338879823684692,
    0.5475199818611145,
    0.5526720285415649
  ]
}