{
  "label": "s4n4g_baseline_nid001269_g2",
  "num_cells": 8,
  "graph_mode": 1,
  "mode": "GRAPH",
  "mean_ms": 0.43620288133621216,
  "per_cell_ms": 0.05452536016702652,
  "p95_ms": 0.44218879789113996,
  "p99_ms": 0.4499900823831558,
  "miss_1ms": 0.0,
  "raw": [
    0.4368000030517578,
    0.43644800782203674,
    0.43584001064300537,
    0.4343680143356323,
    0.43990400433540344,
    0.43769600987434387,
    0.4362879991531372,
    0.4326399862766266,
    0.43267199397087097,
    0.4359680116176605,
    0.43644800782203674,
    0.4342400133609772,
    0.43241599202156067,
    0.43353599309921265,
    0.4349440038204193,
    0.4354560077190399,
    0.43456000089645386,
    0.434143990278244,
    0.4472320079803467,
    0.43516799807548523,
    0.4352000057697296,
    0.43558400869369507,
    0.4366399943828583,
    0.4349119961261749,
    0.435808002948761,
    0.4344319999217987,
    0.43510401248931885,
    0.4318400025367737,
    0.43244799971580505,
    0.4434559941291809,
    0.43456000089645386,
    0.4326399862766266,
    0.43327999114990234,
    0.4373440146446228,
    0.437824010848999,
    0.43113601207733154,
    0.4328320026397705,
    0.43356800079345703,
    0.44064000248908997,
    0.4328320026397705,
    0.4336639940738678,
    0.4374080002307892,
    0.439520001411438,
    0.438400000333786,
    0.45263999700546265,
    0.43935999274253845,
    0.438975989818573,
    0.43456000089645386,
    0.4397439956665039,
    0.43702399730682373
  ]
}