{
  "label": "mig32_4n_qwen_nid001537_g1",
  "num_cells": 8,
  "graph_mode": 1,
  "mode": "GRAPH",
  "mean_ms": 0.4679289585351944,
  "per_cell_ms": 0.0584911198168993,
  "p95_ms": 0.473862387239933,
  "p99_ms": 0.4757503941655159,
  "miss_1ms": 0.0,
  "raw": [
    0.4699839949607849,
    0.4700799882411957,
    0.47257599234580994,
    0.46911999583244324,
    0.4700480103492737,
    0.47196799516677856,
    0.47391998767852783,
    0.470335990190506,
    0.46566399931907654,
    0.468639999628067,
    0.476063996553421,
    0.46700799465179443,
    0.4660800099372864,
    0.4670720100402832,
    0.47020798921585083,
    0.46639999747276306,
    0.46534401178359985,
    0.4670720100402832,
    0.46726399660110474,
    0.46649599075317383,
    0.4652160108089447,
    0.46563199162483215,
    0.46668800711631775,
    0.47542399168014526,
    0.46691200137138367,
    0.4695039987564087,
    0.4667840003967285,
    0.46169599890708923,
    0.466623991727829,
    0.468639999628067,
    0.46691200137138367,
    0.4663679897785187,
    0.46694400906562805,
    0.46828800439834595,
    0.4662399888038635,
    0.4663679897785187,
    0.4737919867038727,
    0.46691200137138367,
    0.46646401286125183,
    0.46406400203704834,
    0.4645119905471802,
    0.4678719937801361,
    0.4697920083999634,
    0.46614399552345276,
    0.46483200788497925,
    0.46643200516700745,
    0.4687359929084778,
    0.4678080081939697,
    0.46723198890686035,
    0.4662719964981079
  ]
}