{
  "label": "bora_B_nid008353_g1",
  "config": "B",
  "mean_ms": 0.5560614347457886,
  "p99_ms": 0.6387564891576766,
  "miss_1ms": 0.0,
  "raw": [
    0.5274559855461121,
    0.5342720150947571,
    0.5299199819564819,
    0.5329279899597168,
    0.5239999890327454,
    0.5292479991912842,
    0.5739840269088745,
    0.5631359815597534,
    0.584447979927063,
    0.5497919917106628,
    0.5288320183753967,
    0.5160319805145264,
    0.5303999781608582,
    0.5540480017662048,
    0.5663679838180542,
    0.5341439843177795,
    0.5562880039215088,
    0.5481280088424683,
    0.5439680218696594,
    0.6640639901161194,
    0.5839359760284424,
    0.5633599758148193,
    0.6034240126609802,
    0.5754879713058472,
    0.5931519865989685,
    0.5681599974632263,
    0.5694400072097778,
    0.590399980545044,
    0.5561599731445312,
    0.5444160103797913,
    0.5586559772491455,
    0.5605440139770508,
    0.6124160289764404,
    0.5886399745941162,
    0.535103976726532,
    0.5655679702758789,
    0.5413119792938232,
    0.5500479936599731,
    0.5453439950942993,
    0.5425919890403748,
    0.556768000125885,
    0.5598080158233643,
    0.5494719743728638,
    0.545632004737854,
    0.5416319966316223,
    0.5352960228919983,
    0.538752019405365,
    0.5438079833984375,
    0.5424960255622864,
    0.5497919917106628
  ]
}