{
  "label": "s4n4g_baseline_nid003953_g0",
  "num_cells": 8,
  "graph_mode": 1,
  "mode": "GRAPH",
  "mean_ms": 0.4344025588035583,
  "per_cell_ms": 0.05430031985044479,
  "p95_ms": 0.43675359189510343,
  "p99_ms": 0.4412899306416511,
  "miss_1ms": 0.0,
  "raw": [
    0.4343680143356323,
    0.43670400977134705,
    0.4357439875602722,
    0.43487998843193054,
    0.43401598930358887,
    0.4362559914588928,
    0.4367679953575134,
    0.44412800669670105,
    0.4336639940738678,
    0.4354560077190399,
    0.43564799427986145,
    0.43513599038124084,
    0.43561598658561707,
    0.435263991355896,
    0.4352959990501404,
    0.43516799807548523,
    0.43487998843193054,
    0.4339520037174225,
    0.43321600556373596,
    0.4317759871482849,
    0.43299201130867004,
    0.4338560104370117,
    0.4352000057697296,
    0.4329279959201813,
    0.43356800079345703,
    0.43356800079345703,
    0.43433600664138794,
    0.4333760142326355,
    0.4338879883289337,
    0.4347200095653534,
    0.4343999922275543,
    0.43004798889160156,
    0.4328959882259369,
    0.43462398648262024,
    0.43372800946235657,
    0.43327999114990234,
    0.43187201023101807,
    0.43673598766326904,
    0.4357759952545166,
    0.4334399998188019,
    0.4362240135669708,
    0.43299201130867004,
    0.43327999114990234,
    0.4330559968948364,
    0.4318079948425293,
    0.43296000361442566,
    0.4329279959201813,
    0.4326399862766266,
    0.43273600935935974,
    0.43833601474761963
  ]
}