{
  "label": "g40_qwen7b",
  "num_cells": 20,
  "num_tx": 4,
  "num_rx": 4,
  "mcs": 2,
  "hbm_pct": 82.7,
  "stats": {
    "name": "g40_qwen7b",
    "count": 100,
    "mean_ms": 23.83566302061081,
    "std_ms": 3.9535891526938944,
    "p50_ms": 22.734799832105637,
    "p95_ms": 31.845667016506184,
    "p99_ms": 39.60868265151979,
    "min_ms": 20.3295356631279,
    "max_ms": 42.7713919878006,
    "jitter": 0.1658686460399783
  },
  "miss_1ms": 1.0,
  "raw": [
    24.93660807609558,
    25.882975816726685,
    25.563519954681396,
    20.3295356631279,
    24.865600109100342,
    22.516095876693726,
    22.16534411907196,
    22.449376225471497,
    22.925408005714417,
    21.714816093444824,
    22.396992087364197,
    20.783424139022827,
    20.63295990228653,
    30.529600262641907,
    25.33078372478485,
    38.66937613487244,
    23.33244800567627,
    22.9443199634552,
    26.07433593273163,
    22.704671919345856,
    21.63705611228943,
    23.455008149147034,
    21.430399775505066,
    20.763999819755554,
    23.326015830039978,
    24.22153615951538,
    20.881247878074646,
    27.47216010093689,
    24.911839962005615,
    24.25523215532303,
    23.3994562625885,
    21.386175870895386,
    20.492992281913757,
    21.240320205688477,
    21.132127702236176,
    20.696863770484924,
    25.11852777004242,
    23.175071835517883,
    22.334271907806396,
    21.528159856796265,
    21.10259211063385,
    20.624223709106445,
    22.440415859222412,
    22.84396779537201,
    23.15993595123291,
    21.44684797525406,
    21.98806393146515,
    22.79584002494812,
    23.72595202922821,
    24.65036827325821,
    24.240160167217255,
    21.487200021743774,
    20.970784187316895,
    21.072960317134857,
    20.777535796165466,
    21.58464014530182,
    42.7713919878006,
    35.689695954322815,
    24.13366425037384,
    26.379551768302917,
    25.202943801879883,
    39.576736092567444,
    23.084415793418884,
    22.287487983703613,
    22.738815903663635,
    28.08899188041687,
    22.97004795074463,
    22.83238399028778,
    21.757344007492065,
    22.62563192844391,
    22.461088061332703,
    26.557055830955505,
    22.558784008026123,
    22.792736172676086,
    23.097983956336975,
    22.147776126861572,
    22.717407822608948,
    25.660832047462463,
    23.623807907104492,
    22.005247950553894,
    22.39401602745056,
    23.74774396419525,
    25.034047961235046,
    35.187295794487,
    22.730783760547638,
    20.748480141162872,
    22.212096095085144,
    20.999807953834534,
    22.150176167488098,
    21.10799992084503,
    20.55203205347061,
    20.599391996860504,
    24.474911987781525,
    25.28700816631317,
    25.15830385684967,
    21.889407992362976,
    31.6697918176651,
    25.01475191116333,
    21.67587184906006,
    22.65241575241089
  ]
}