{
  "label": "snrx_medium",
  "num_cells": 8,
  "num_tx": 4,
  "num_rx": 4,
  "mcs": 2,
  "hbm_pct": 22.8,
  "stats": {
    "name": "snrx_medium",
    "count": 100,
    "mean_ms": 9.83943359375,
    "std_ms": 0.44631074864238934,
    "p50_ms": 9.769615828990936,
    "p95_ms": 9.89679684638977,
    "p99_ms": 12.305200756788254,
    "min_ms": 9.412031888961792,
    "max_ms": 12.541311979293823,
    "jitter": 0.045359394358419736
  },
  "miss_1ms": 1.0,
  "raw": [
    12.157344102859497,
    9.804512023925781,
    9.741183996200562,
    9.757152080535889,
    9.794080018997192,
    9.746431946754456,
    9.726303935050964,
    9.75708794593811,
    9.92470407485962,
    9.717504024505615,
    9.783968091011047,
    9.786880016326904,
    9.674623847007751,
    9.83075213432312,
    9.724768042564392,
    9.743872046470642,
    9.838559985160828,
    9.677471995353699,
    9.80460810661316,
    9.811776041984558,
    9.76694393157959,
    9.727551937103271,
    9.77894401550293,
    9.788383960723877,
    9.75708782672882,
    9.789216041564941,
    9.681087851524353,
    9.873055934906006,
    9.704863786697388,
    9.783967971801758,
    9.846432089805603,
    9.759647965431213,
    9.728384017944336,
    9.76860785484314,
    9.751167893409729,
    9.753952026367188,
    9.716544032096863,
    9.85481584072113,
    9.68991994857788,
    9.802111864089966,
    9.87558400630951,
    9.757535934448242,
    9.674816012382507,
    9.78438413143158,
    12.302815794944763,
    9.733023881912231,
    9.739904165267944,
    9.82208001613617,
    9.77622389793396,
    9.769023776054382,
    9.716864109039307,
    9.87068784236908,
    9.686784029006958,
    9.776224136352539,
    9.879999995231628,
    9.698815941810608,
    9.895328044891357,
    9.74512004852295,
    9.823071956634521,
    9.725567936897278,
    9.837823748588562,
    9.79305624961853,
    9.831807971000671,
    9.740127921104431,
    9.782400012016296,
    9.739935994148254,
    9.571327924728394,
    9.539391994476318,
    9.71011209487915,
    9.859359979629517,
    9.686144351959229,
    9.579296112060547,
    9.56000006198883,
    9.876031994819641,
    9.74064016342163,
    9.785759925842285,
    9.771072030067444,
    9.776384115219116,
    9.412031888961792,
    9.710944056510925,
    9.751807928085327,
    9.81388807296753,
    9.77344000339508,
    9.77020788192749,
    9.856192111968994,
    9.754527926445007,
    9.708160042762756,
    9.722079992294312,
    9.928800225257874,
    12.541311979293823,
    9.779871940612793,
    9.803840041160583,
    9.7499840259552,
    9.808704018592834,
    9.792863845825195,
    9.692607998847961,
    9.862559914588928,
    9.793792009353638,
    9.788864016532898,
    9.766079902648926
  ]
}