{
  "label": "mig72_2n_base_nid008657_g3",
  "num_cells": 8,
  "graph_mode": 1,
  "mode": "GRAPH",
  "mean_ms": 0.4663212805986404,
  "per_cell_ms": 0.05829016007483005,
  "p95_ms": 0.47200159132480624,
  "p99_ms": 0.47878943800926205,
  "miss_1ms": 0.0,
  "raw": [
    0.4659520089626312,
    0.4674240052700043,
    0.47145599126815796,
    0.4660800099372864,
    0.46508800983428955,
    0.46828800439834595,
    0.4675520062446594,
    0.4639360010623932,
    0.46377599239349365,
    0.4845440089702606,
    0.47279998660087585,
    0.46537598967552185,
    0.46371200680732727,
    0.4642240107059479,
    0.46643200516700745,
    0.4647360146045685,
    0.4638719856739044,
    0.4673599898815155,
    0.4667840003967285,
    0.4639039933681488,
    0.46483200788497925,
    0.4672960042953491,
    0.46803200244903564,
    0.4660159945487976,
    0.4668160080909729,
    0.4649919867515564,
    0.465503990650177,
    0.4638400077819824,
    0.46556800603866577,
    0.46777600049972534,
    0.4670400023460388,
    0.4636160135269165,
    0.46515199542045593,
    0.4654400050640106,
    0.46825599670410156,
    0.4642559885978699,
    0.46371200680732727,
    0.4636479914188385,
    0.4636160135269165,
    0.46457600593566895,
    0.46345600485801697,
    0.46566399931907654,
    0.46691200137138367,
    0.4644159972667694,
    0.46371200680732727,
    0.46511998772621155,
    0.4724479913711548,
    0.46723198890686035,
    0.46620801091194153,
    0.4676159918308258
  ]
}