{
  "label": "q32b2n_qwen32b_nid001641_g2",
  "num_cells": 8,
  "graph_mode": 1,
  "mode": "GRAPH",
  "mean_ms": 0.44971711993217467,
  "per_cell_ms": 0.056214639991521834,
  "p95_ms": 0.46036000549793243,
  "p99_ms": 0.4688297638297081,
  "miss_1ms": 0.0,
  "raw": [
    0.4562239944934845,
    0.44598400592803955,
    0.4742079973220825,
    0.44809600710868835,
    0.45235198736190796,
    0.44604799151420593,
    0.4458560049533844,
    0.44464001059532166,
    0.4447360038757324,
    0.44579198956489563,
    0.44764798879623413,
    0.44582399725914,
    0.45212799310684204,
    0.45286399126052856,
    0.4514879882335663,
    0.46323201060295105,
    0.44624000787734985,
    0.44409599900245667,
    0.4468800127506256,
    0.4625920057296753,
    0.4489920139312744,
    0.45372799038887024,
    0.45344001054763794,
    0.44835200905799866,
    0.4448319971561432,
    0.45763200521469116,
    0.4554240107536316,
    0.45161598920822144,
    0.450080007314682,
    0.4533120095729828,
    0.450111985206604,
    0.4455359876155853,
    0.44435200095176697,
    0.44470399618148804,
    0.44412800669670105,
    0.4511359930038452,
    0.4503360092639923,
    0.4529600143432617,
    0.4448640048503876,
    0.44492799043655396,
    0.45103999972343445,
    0.4458560049533844,
    0.44464001059532166,
    0.4439679980278015,
    0.45321598649024963,
    0.45347198843955994,
    0.4451200067996979,
    0.4513919949531555,
    0.4442239999771118,
    0.4455359876155853
  ]
}