{
  "label": "real4gpu_baseline_final",
  "num_cells": 4,
  "hbm_used_pct": 13.4,
  "stats": {
    "name": "real4gpu_baseline_final",
    "count": 100,
    "mean_ms": 62.943644514083864,
    "std_ms": 2.5880248408916233,
    "p50_ms": 62.317856788635254,
    "p95_ms": 67.77984223365783,
    "p99_ms": 70.43660716056829,
    "min_ms": 60.32976055145264,
    "max_ms": 79.72812843322754,
    "jitter": 0.04111653941983839
  },
  "miss_1ms": 1.0,
  "raw": [
    61.07833671569824,
    61.3337926864624,
    60.670719146728516,
    61.34828758239746,
    61.28454399108887,
    61.11231994628906,
    60.70096015930176,
    65.33046340942383,
    61.451903343200684,
    63.93654441833496,
    64.76316928863525,
    61.30355167388916,
    67.76371097564697,
    62.00556755065918,
    62.00735950469971,
    61.36508750915527,
    60.6876802444458,
    62.3469762802124,
    63.40707206726074,
    62.61984062194824,
    63.00886344909668,
    62.03020763397217,
    61.53539180755615,
    61.077632904052734,
    62.05340766906738,
    60.3950080871582,
    62.66873645782471,
    63.022239685058594,
    67.67183876037598,
    68.3999662399292,
    61.95529651641846,
    61.055359840393066,
    64.65011215209961,
    62.96220779418945,
    62.32857704162598,
    60.32976055145264,
    61.34934329986572,
    65.3981761932373,
    62.22185516357422,
    62.97740650177002,
    62.64204788208008,
    61.65839958190918,
    61.34790515899658,
    64.86431980133057,
    64.41676902770996,
    63.70313549041748,
    64.22278499603271,
    70.34275341033936,
    63.238943099975586,
    64.65923023223877,
    65.1029748916626,
    61.23983955383301,
    60.99494457244873,
    61.04361534118652,
    61.601600646972656,
    62.33555221557617,
    61.643903732299805,
    61.24176025390625,
    62.02870464324951,
    62.380990982055664,
    61.6776647567749,
    65.72643280029297,
    62.70720100402832,
    79.72812843322754,
    68.98758316040039,
    64.37343978881836,
    60.59776020050049,
    63.6343355178833,
    63.3621129989624,
    62.236799240112305,
    61.63859272003174,
    61.633440017700195,
    62.927167892456055,
    60.38988780975342,
    60.94441604614258,
    62.06239986419678,
    62.410945892333984,
    62.2871675491333,
    62.69382286071777,
    63.69417762756348,
    63.40195178985596,
    62.03385639190674,
    63.732354164123535,
    66.44192028045654,
    68.08633613586426,
    64.15097713470459,
    61.34726333618164,
    62.30713653564453,
    61.32742404937744,
    61.35299110412598,
    60.6460485458374,
    62.38140869140625,
    62.7558069229126,
    60.849504470825195,
    62.34208011627197,
    62.98294448852539,
    62.369279861450195,
    62.286399841308594,
    62.20681667327881,
    63.32902431488037
  ]
}