{
  "label": "mig32_4n_qwen_nid001540_g1",
  "num_cells": 8,
  "graph_mode": 1,
  "mode": "GRAPH",
  "mean_ms": 0.4664480000734329,
  "per_cell_ms": 0.05830600000917911,
  "p95_ms": 0.4695184096693993,
  "p99_ms": 0.47391200602054595,
  "miss_1ms": 0.0,
  "raw": [
    0.46556800603866577,
    0.4662399888038635,
    0.46854400634765625,
    0.465503990650177,
    0.4651840031147003,
    0.46803200244903564,
    0.46566399931907654,
    0.4645119905471802,
    0.4644159972667694,
    0.46649599075317383,
    0.4678719937801361,
    0.4644480049610138,
    0.46511998772621155,
    0.46697598695755005,
    0.4663360118865967,
    0.4758720099925995,
    0.4671359956264496,
    0.46665599942207336,
    0.46460801362991333,
    0.46460801362991333,
    0.4697920083999634,
    0.4658240079879761,
    0.4691520035266876,
    0.464383989572525,
    0.4641279876232147,
    0.4663360118865967,
    0.46672001481056213,
    0.46492800116539,
    0.46511998772621155,
    0.4673280119895935,
    0.46665599942207336,
    0.4647040069103241,
    0.4649919867515564,
    0.46726399660110474,
    0.469184011220932,
    0.4673280119895935,
    0.46480000019073486,
    0.46691200137138367,
    0.4657280147075653,
    0.4652479887008667,
    0.46905601024627686,
    0.466048002243042,
    0.46588799357414246,
    0.4646399915218353,
    0.4647040069103241,
    0.4661119878292084,
    0.46649599075317383,
    0.4652799963951111,
    0.4659839868545532,
    0.4718720018863678
  ]
}