{
  "label": "nv_neuralrx",
  "num_cells": 8,
  "graph_mode": 1,
  "mode": "GRAPH",
  "mean_ms": 0.5803091204166413,
  "per_cell_ms": 0.07253864005208016,
  "p95_ms": 0.6849104106426239,
  "p99_ms": 0.6931737554073334,
  "miss_1ms": 0.0,
  "raw": [
    0.5597760081291199,
    0.5516160130500793,
    0.6814079880714417,
    0.6887999773025513,
    0.6482880115509033,
    0.5525439977645874,
    0.5296319723129272,
    0.5405759811401367,
    0.5346879959106445,
    0.5618559718132019,
    0.5352640151977539,
    0.546783983707428,
    0.5407360196113586,
    0.5678719878196716,
    0.678272008895874,
    0.6735039949417114,
    0.6877760291099548,
    0.5607680082321167,
    0.6127679944038391,
    0.5221760272979736,
    0.5320320129394531,
    0.5519999861717224,
    0.5452799797058105,
    0.5332480072975159,
    0.5520640015602112,
    0.545087993144989,
    0.6324800252914429,
    0.6533759832382202,
    0.6762880086898804,
    0.642304003238678,
    0.5295360088348389,
    0.5559999942779541,
    0.5581439733505249,
    0.5871999859809875,
    0.5236160159111023,
    0.5358399748802185,
    0.5442240238189697,
    0.5470079779624939,
    0.5505920052528381,
    0.5471680164337158,
    0.548416018486023,
    0.5509120225906372,
    0.6373119950294495,
    0.6676480174064636,
    0.697376012802124,
    0.5759680271148682,
    0.6094719767570496,
    0.5179839730262756,
    0.5452160239219666,
    0.5465599894523621
  ]
}