{
  "label": "s1n4g_gpt2_nid001285_g3",
  "num_cells": 8,
  "graph_mode": 1,
  "mode": "GRAPH",
  "mean_ms": 0.5461049544811248,
  "per_cell_ms": 0.0682631193101406,
  "p95_ms": 0.5547776132822037,
  "p99_ms": 0.5563222473859787,
  "miss_1ms": 0.0,
  "raw": [
    0.5442559719085693,
    0.5553920269012451,
    0.5457599759101868,
    0.5447999835014343,
    0.5572159886360168,
    0.5480319857597351,
    0.5452799797058105,
    0.5444480180740356,
    0.5457280278205872,
    0.5468159914016724,
    0.5455359816551208,
    0.5435839891433716,
    0.5438079833984375,
    0.5474560260772705,
    0.5455359816551208,
    0.5442559719085693,
    0.5435199737548828,
    0.5479040145874023,
    0.54448002576828,
    0.5437759757041931,
    0.5435199737548828,
    0.555296003818512,
    0.5457919836044312,
    0.5435199737548828,
    0.5470399856567383,
    0.546239972114563,
    0.5441280007362366,
    0.5435839891433716,
    0.5458880066871643,
    0.5470399856567383,
    0.5460479855537415,
    0.5439040064811707,
    0.5440319776535034,
    0.5463039875030518,
    0.5459520220756531,
    0.5440959930419922,
    0.5429440140724182,
    0.5455999970436096,
    0.5452479720115662,
    0.5471680164337158,
    0.5443199872970581,
    0.5459200143814087,
    0.5459840297698975,
    0.5434240102767944,
    0.5437759757041931,
    0.546239972114563,
    0.5462719798088074,
    0.5449920296669006,
    0.5492479801177979,
    0.554144024848938
  ]
}