{
  "label": "bench_2c_GRAPH",
  "num_cells": 2,
  "graph_mode": 1,
  "mode": "GRAPH",
  "mean_ms": 0.44846592247486117,
  "per_cell_ms": 0.22423296123743058,
  "p95_ms": 0.45127841234207156,
  "p99_ms": 0.45288320630788803,
  "miss_1ms": 0.0,
  "raw": [
    0.44809600710868835,
    0.4505920112133026,
    0.44812801480293274,
    0.4421760141849518,
    0.44924798607826233,
    0.4480319917201996,
    0.4487679898738861,
    0.4490880072116852,
    0.450080007314682,
    0.44838398694992065,
    0.4489920139312744,
    0.4482879936695099,
    0.4489920139312744,
    0.4472000002861023,
    0.450111985206604,
    0.4440320134162903,
    0.4468480050563812,
    0.4495680034160614,
    0.4487679898738861,
    0.4487360119819641,
    0.44787201285362244,
    0.45184001326560974,
    0.4483200013637543,
    0.4482879936695099,
    0.4519039988517761,
    0.4479359984397888,
    0.44835200905799866,
    0.44787201285362244,
    0.4479680061340332,
    0.44944000244140625,
    0.4498560130596161,
    0.44867199659347534,
    0.44918400049209595,
    0.44809600710868835,
    0.4474560022354126,
    0.4538240134716034,
    0.4485439956188202,
    0.44710400700569153,
    0.447488009929657,
    0.4503679871559143,
    0.450111985206604,
    0.4469760060310364,
    0.4497919976711273,
    0.4471360146999359,
    0.44736000895500183,
    0.44755199551582336,
    0.44336000084877014,
    0.4493440091609955,
    0.44764798879623413,
    0.44950398802757263
  ]
}