{
  "label": "conc_sm50",
  "num_cells": 20,
  "num_tx": 4,
  "num_rx": 4,
  "mcs": 2,
  "concurrent": true,
  "hbm_pct": 43.6,
  "stats": {
    "mean_ms": 16.561209945678712,
    "p50_ms": 14.63380765914917,
    "p95_ms": 18.42814064025878,
    "p99_ms": 64.92415641784669,
    "jitter": 0.4932904176934923
  },
  "miss_1ms": 1.0,
  "raw": [
    16.794879913330078,
    18.23526382446289,
    16.291967391967773,
    14.836064338684082,
    14.665632247924805,
    14.606623649597168,
    14.660256385803223,
    14.625472068786621,
    14.663200378417969,
    14.586560249328613,
    14.668671607971191,
    14.593440055847168,
    14.556639671325684,
    64.91645050048828,
    15.012960433959961,
    14.598336219787598,
    17.86476707458496,
    14.703264236450195,
    14.622719764709473,
    14.586400032043457,
    14.760448455810547,
    14.626079559326172,
    14.592991828918457,
    14.591103553771973,
    15.7194242477417,
    16.51251220703125,
    14.611519813537598,
    14.591360092163086,
    14.575360298156738,
    14.596384048461914,
    14.650336265563965,
    14.79417610168457,
    14.591744422912598,
    14.60217571258545,
    14.709823608398438,
    14.577055931091309,
    65.68704223632812,
    25.69024085998535,
    14.615903854370117,
    14.664896011352539,
    14.717503547668457,
    14.546143531799316,
    14.683008193969727,
    14.916064262390137,
    17.61087989807129,
    14.565759658813477,
    14.54633617401123,
    15.510111808776855,
    16.77302360534668,
    14.727935791015625,
    14.579168319702148,
    14.566176414489746,
    14.624064445495605,
    14.594783782958984,
    14.56931209564209,
    14.63219165802002,
    14.580960273742676,
    14.575008392333984,
    14.546719551086426,
    16.631296157836914,
    15.651424407958984,
    14.542847633361816,
    14.555551528930664,
    14.574943542480469,
    14.566911697387695,
    14.601887702941895,
    14.591456413269043,
    14.580512046813965,
    14.644736289978027,
    14.639776229858398,
    15.226048469543457,
    17.059616088867188,
    14.550175666809082,
    17.522432327270508,
    14.534943580627441,
    14.54911994934082,
    14.670623779296875,
    14.577823638916016,
    14.565055847167969,
    14.57420825958252,
    14.52620792388916,
    14.650464057922363,
    16.539840698242188,
    15.884639739990234,
    14.62611198425293,
    14.841504096984863,
    14.670432090759277,
    14.577759742736816,
    14.63542366027832,
    14.574272155761719,
    14.499872207641602,
    14.653504371643066,
    14.653951644897461,
    22.09280014038086,
    55.343326568603516,
    14.96566390991211,
    15.243583679199219,
    14.676095962524414,
    14.761343955993652,
    14.57750415802002
  ]
}