{
  "label": "mig32_2n_base_nid001460_g3",
  "num_cells": 8,
  "graph_mode": 1,
  "mode": "GRAPH",
  "mean_ms": 0.46650687992572787,
  "per_cell_ms": 0.058313359990715984,
  "p95_ms": 0.47023680359125136,
  "p99_ms": 0.47195582747459414,
  "miss_1ms": 0.0,
  "raw": [
    0.46617600321769714,
    0.4673599898815155,
    0.4683839976787567,
    0.466623991727829,
    0.46505600214004517,
    0.4689919948577881,
    0.472927987575531,
    0.4647679924964905,
    0.4639680087566376,
    0.46992000937461853,
    0.46668800711631775,
    0.4668799936771393,
    0.4638400077819824,
    0.46617600321769714,
    0.46489599347114563,
    0.465503990650177,
    0.46854400634765625,
    0.4694400131702423,
    0.4651840031147003,
    0.464383989572525,
    0.4644159972667694,
    0.4704959988594055,
    0.4679360091686249,
    0.4647040069103241,
    0.4646399915218353,
    0.46716800332069397,
    0.4657599925994873,
    0.4644480049610138,
    0.4647040069103241,
    0.4684160053730011,
    0.4675840139389038,
    0.4655359983444214,
    0.46646401286125183,
    0.4665600061416626,
    0.465503990650177,
    0.4677119851112366,
    0.4646399915218353,
    0.46406400203704834,
    0.46537598967552185,
    0.4651840031147003,
    0.47094398736953735,
    0.46643200516700745,
    0.4652160108089447,
    0.4645119905471802,
    0.46515199542045593,
    0.46860799193382263,
    0.46799999475479126,
    0.46617600321769714,
    0.464352011680603,
    0.4689280092716217
  ]
}