{
  "label": "8cell_baseline",
  "num_cells": 8,
  "hbm_used_pct": 20.0,
  "stats": {
    "name": "8cell_baseline",
    "count": 100,
    "mean_ms": 7.921090247631073,
    "std_ms": 2.111963623387389,
    "p50_ms": 6.842079997062683,
    "p95_ms": 11.688814538717269,
    "p99_ms": 14.848264875412003,
    "min_ms": 6.427071988582611,
    "max_ms": 17.912575721740723,
    "jitter": 0.2666253706702818
  },
  "miss_1ms": 1.0,
  "raw": [
    6.487936079502106,
    8.211424171924591,
    6.929823935031891,
    6.637888014316559,
    11.40832006931305,
    6.765119969844818,
    10.465920090675354,
    6.69241601228714,
    6.60809600353241,
    6.6754239201545715,
    11.663936138153076,
    6.826463997364044,
    11.035904109477997,
    6.620863974094391,
    6.624864041805267,
    8.732896149158478,
    6.532096028327942,
    8.569600105285645,
    6.939999997615814,
    6.5776320695877075,
    6.725407958030701,
    6.608640015125275,
    6.537568032741547,
    10.554432034492493,
    6.8575679659843445,
    6.536319971084595,
    6.47078400850296,
    6.5471038818359375,
    6.597567975521088,
    12.16150414943695,
    6.5480639934539795,
    11.218400061130524,
    7.025536000728607,
    6.862592041492462,
    6.682655990123749,
    6.459295928478241,
    6.427071988582611,
    10.498464047908783,
    6.631392061710358,
    6.721920013427734,
    6.905440032482147,
    6.842144012451172,
    11.621376156806946,
    6.874496042728424,
    7.894655883312225,
    9.157408058643341,
    6.797279953956604,
    6.674015998840332,
    8.799807965755463,
    6.624640107154846,
    10.941152095794678,
    6.663231909275055,
    6.656032085418701,
    6.567103981971741,
    6.749888062477112,
    6.739871978759766,
    10.665536046028137,
    6.803359925746918,
    7.361856043338776,
    6.862303972244263,
    6.822975993156433,
    12.670911967754364,
    6.584800064563751,
    6.632479965686798,
    10.026944041252136,
    6.760191977024078,
    6.6744959354400635,
    14.817312240600586,
    6.674848020076752,
    17.912575721740723,
    6.842015981674194,
    6.785600066184998,
    7.842240035533905,
    6.891680061817169,
    6.869695961475372,
    8.747103869915009,
    6.822496056556702,
    11.107935905456543,
    7.0110079646110535,
    6.761408030986786,
    6.715424001216888,
    6.695999979972839,
    6.871392011642456,
    10.142240047454834,
    6.8299520611763,
    10.207040071487427,
    6.850655972957611,
    6.715519905090332,
    6.723647952079773,
    6.54367995262146,
    6.909311950206757,
    12.46534389257431,
    6.846591949462891,
    8.852991878986359,
    6.887167990207672,
    7.339872062206268,
    11.13270390033722,
    6.655680060386658,
    9.143999993801117,
    8.440575957298279
  ]
}