{
  "label": "q32b4n_baseline_nid001764_g0",
  "num_cells": 8,
  "graph_mode": 1,
  "mode": "GRAPH",
  "mean_ms": 0.4351455998420715,
  "per_cell_ms": 0.05439319998025894,
  "p95_ms": 0.43975839763879776,
  "p99_ms": 0.4440246346592903,
  "miss_1ms": 0.0,
  "raw": [
    0.43408000469207764,
    0.43647998571395874,
    0.4360640048980713,
    0.43536001443862915,
    0.4344959855079651,
    0.4357439875602722,
    0.43296000361442566,
    0.4333760142326355,
    0.43196800351142883,
    0.4350399971008301,
    0.43542400002479553,
    0.43564799427986145,
    0.4403199851512909,
    0.435808002948761,
    0.4355520009994507,
    0.4336319863796234,
    0.43510401248931885,
    0.44358399510383606,
    0.436352014541626,
    0.43251198530197144,
    0.43561598658561707,
    0.44444799423217773,
    0.43721601366996765,
    0.4344640076160431,
    0.43324801325798035,
    0.43907201290130615,
    0.4341759979724884,
    0.4338560104370117,
    0.43356800079345703,
    0.434143990278244,
    0.4352000057697296,
    0.43219199776649475,
    0.4323520064353943,
    0.4336639940738678,
    0.4339520037174225,
    0.43321600556373596,
    0.43241599202156067,
    0.43481600284576416,
    0.4334399998188019,
    0.43427199125289917,
    0.43353599309921265,
    0.43507200479507446,
    0.4336319863796234,
    0.4325439929962158,
    0.4354560077190399,
    0.4368959963321686,
    0.4389120042324066,
    0.43516799807548523,
    0.4355520009994507,
    0.43568000197410583
  ]
}