{
  "label": "q32b1n_baseline_nid001461_g0",
  "num_cells": 8,
  "graph_mode": 1,
  "mode": "GRAPH",
  "mean_ms": 0.5459379243850708,
  "per_cell_ms": 0.06824224054813385,
  "p95_ms": 0.553096005320549,
  "p99_ms": 0.5565011328458785,
  "miss_1ms": 0.0,
  "raw": [
    0.5520319938659668,
    0.5465919971466064,
    0.5472000241279602,
    0.5443840026855469,
    0.5492799878120422,
    0.5442240238189697,
    0.5460479855537415,
    0.5444160103797913,
    0.5518720149993896,
    0.5533120036125183,
    0.5432959794998169,
    0.5415040254592896,
    0.5418879985809326,
    0.5426880121231079,
    0.5528320074081421,
    0.5508800148963928,
    0.5431039929389954,
    0.5425919890403748,
    0.5439680218696594,
    0.5537919998168945,
    0.5417919754981995,
    0.5454400181770325,
    0.5440959930419922,
    0.545087993144989,
    0.5440639853477478,
    0.5527999997138977,
    0.5444160103797913,
    0.5441280007362366,
    0.5443519949913025,
    0.5456960201263428,
    0.5506880283355713,
    0.5423679947853088,
    0.5418239831924438,
    0.5427200198173523,
    0.5418559908866882,
    0.542464017868042,
    0.5511999726295471,
    0.5455359816551208,
    0.5422400236129761,
    0.5434880256652832,
    0.54448002576828,
    0.5444160103797913,
    0.5447360277175903,
    0.544543981552124,
    0.5431680083274841,
    0.5591040253639221,
    0.5451520085334778,
    0.5515519976615906,
    0.5437440276145935,
    0.5438399910926819
  ]
}