{
  "label": "g40_sm20",
  "num_cells": 20,
  "num_tx": 4,
  "num_rx": 4,
  "mcs": 2,
  "hbm_pct": 43.2,
  "stats": {
    "name": "g40_sm20",
    "count": 100,
    "mean_ms": 16.56999168217182,
    "std_ms": 5.695696759150694,
    "p50_ms": 14.886831939220428,
    "p95_ms": 26.883769786357874,
    "p99_ms": 43.78099064350129,
    "min_ms": 14.730816006660461,
    "max_ms": 46.13151979446411,
    "jitter": 0.34373564383130467
  },
  "miss_1ms": 1.0,
  "raw": [
    17.179071962833405,
    43.75724792480469,
    42.34736031293869,
    15.003679871559143,
    14.879039943218231,
    14.994944036006927,
    14.856575965881348,
    14.87689608335495,
    18.114655911922455,
    14.873760044574738,
    14.969311952590942,
    14.866111934185028,
    14.91561609506607,
    18.313631892204285,
    15.317343950271606,
    14.863008081912994,
    14.849855899810791,
    14.96233594417572,
    14.824160039424896,
    14.941920101642609,
    14.930431962013245,
    14.984512090682983,
    14.963520109653473,
    14.730816006660461,
    29.2809921503067,
    46.13151979446411,
    14.852223992347717,
    14.92816013097763,
    14.881664156913757,
    14.831167936325073,
    14.874047935009003,
    14.944320023059845,
    14.888159930706024,
    14.848512053489685,
    14.990336000919342,
    17.604575872421265,
    18.353087961673737,
    15.549568176269531,
    14.885503947734833,
    14.80073595046997,
    14.857600092887878,
    14.868864059448242,
    14.768064141273499,
    15.086816012859344,
    14.770975947380066,
    14.83436805009842,
    14.893471956253052,
    15.670336067676544,
    26.75760018825531,
    14.85532808303833,
    14.812159895896912,
    14.83184003829956,
    14.825568079948425,
    14.815616071224213,
    15.035648226737976,
    14.800736010074615,
    14.84767997264862,
    14.847231984138489,
    14.97977602481842,
    16.82524800300598,
    15.826240122318268,
    14.85510402917862,
    14.88451212644577,
    17.71977585554123,
    14.859423995018005,
    14.84147197008133,
    14.939487934112549,
    14.893664062023163,
    14.817023992538452,
    14.87279987335205,
    15.44297593832016,
    17.267872095108032,
    14.904928088188171,
    14.900959968566895,
    14.89439994096756,
    14.906463980674744,
    14.885247886180878,
    14.776575982570648,
    14.786175966262817,
    14.91484797000885,
    14.77020800113678,
    14.766240060329437,
    37.96975976228714,
    16.156352043151855,
    14.869215905666351,
    14.920383930206299,
    14.839264035224915,
    14.841951966285706,
    14.825727880001068,
    14.767839968204498,
    14.78847998380661,
    17.510752081871033,
    14.942047953605652,
    15.156224012374878,
    17.534431993961334,
    14.80841600894928,
    14.808255970478058,
    14.862624049186707,
    14.77951991558075,
    14.946207880973816
  ]
}