{
  "label": "mig32_2n_base_nid001460_g2",
  "num_cells": 8,
  "graph_mode": 1,
  "mode": "GRAPH",
  "mean_ms": 0.4678694397211075,
  "per_cell_ms": 0.05848367996513844,
  "p95_ms": 0.47281278669834137,
  "p99_ms": 0.47875679790973663,
  "miss_1ms": 0.0,
  "raw": [
    0.4687359929084778,
    0.472927987575531,
    0.4689919948577881,
    0.46511998772621155,
    0.46540799736976624,
    0.4683839976787567,
    0.4705280065536499,
    0.46566399931907654,
    0.4646719992160797,
    0.4697279930114746,
    0.46694400906562805,
    0.4641920030117035,
    0.4651840031147003,
    0.46617600321769714,
    0.4689599871635437,
    0.4689919948577881,
    0.46643200516700745,
    0.4668160080909729,
    0.46668800711631775,
    0.46480000019073486,
    0.48291200399398804,
    0.46857601404190063,
    0.46585598587989807,
    0.4656960070133209,
    0.46534401178359985,
    0.4683839976787567,
    0.4663040041923523,
    0.46675199270248413,
    0.46489599347114563,
    0.4726719856262207,
    0.47443199157714844,
    0.46860799193382263,
    0.4672960042953491,
    0.47043201327323914,
    0.46566399931907654,
    0.4679040014743805,
    0.4654400050640106,
    0.46774399280548096,
    0.47011199593544006,
    0.46886399388313293,
    0.46751999855041504,
    0.4651840031147003,
    0.46694400906562805,
    0.4642559885978699,
    0.4719040095806122,
    0.4681279957294464,
    0.4678080081939697,
    0.46505600214004517,
    0.46492800116539,
    0.47251200675964355
  ]
}