{
  "label": "q32b4n_baseline_nid001761_g2",
  "num_cells": 8,
  "graph_mode": 1,
  "mode": "GRAPH",
  "mean_ms": 0.43408768117427826,
  "per_cell_ms": 0.05426096014678478,
  "p95_ms": 0.43742878884077074,
  "p99_ms": 0.43867424607276917,
  "miss_1ms": 0.0,
  "raw": [
    0.42982399463653564,
    0.4373759925365448,
    0.4357759952545166,
    0.4346559941768646,
    0.43564799427986145,
    0.4357439875602722,
    0.43536001443862915,
    0.43324801325798035,
    0.43856000900268555,
    0.4368320107460022,
    0.4349119961261749,
    0.43356800079345703,
    0.43171200156211853,
    0.4352959990501404,
    0.43878400325775146,
    0.4338560104370117,
    0.4331200122833252,
    0.4339520037174225,
    0.43568000197410583,
    0.4341759979724884,
    0.4325439929962158,
    0.4336319863796234,
    0.4328320026397705,
    0.4336960017681122,
    0.43747198581695557,
    0.43459200859069824,
    0.43267199397087097,
    0.4334079921245575,
    0.43702399730682373,
    0.43510401248931885,
    0.43398401141166687,
    0.43116798996925354,
    0.4310399889945984,
    0.43408000469207764,
    0.4347839951515198,
    0.43212801218032837,
    0.43196800351142883,
    0.43347200751304626,
    0.43459200859069824,
    0.4336000084877014,
    0.4325760006904602,
    0.4344959855079651,
    0.43299201130867004,
    0.4331200122833252,
    0.4312320053577423,
    0.43327999114990234,
    0.4333440065383911,
    0.4322560131549835,
    0.4326399862766266,
    0.4365760087966919
  ]
}