{
  "label": "m4n_full_nid001764_g2",
  "num_cells": 8,
  "graph_mode": 1,
  "mode": "GRAPH",
  "mean_ms": 2.2402771270275115,
  "per_cell_ms": 0.28003464087843893,
  "p95_ms": 4.074408102035522,
  "p99_ms": 4.579001264572144,
  "miss_1ms": 0.94,
  "raw": [
    3.3911359310150146,
    4.079232215881348,
    4.596704006195068,
    2.220576047897339,
    2.2251200675964355,
    2.078752040863037,
    1.1848959922790527,
    1.4078400135040283,
    0.952127993106842,
    1.3860160112380981,
    1.5671679973602295,
    1.2807999849319458,
    2.973151922225952,
    3.8206400871276855,
    4.062464237213135,
    2.242079973220825,
    1.5102399587631226,
    2.2128961086273193,
    1.5555520057678223,
    1.5128320455551147,
    1.6554239988327026,
    1.0468480587005615,
    1.2951359748840332,
    1.0009599924087524,
    3.5629119873046875,
    3.57807993888855,
    1.4684480428695679,
    2.2807679176330566,
    1.2025599479675293,
    1.270367980003357,
    0.978655993938446,
    1.0607359409332275,
    2.9801599979400635,
    4.068511962890625,
    3.820064067840576,
    3.449183940887451,
    2.2383038997650146,
    2.5815999507904053,
    1.391327977180481,
    1.4057600498199463,
    0.936896026134491,
    1.340448021888733,
    1.5820159912109375,
    1.0087039470672607,
    2.825984001159668,
    2.7607359886169434,
    3.506592035293579,
    4.56057596206665,
    2.6750400066375732,
    2.220832109451294
  ]
}