{
  "label": "mig72_2n_qwen_nid008660_g0",
  "num_cells": 8,
  "graph_mode": 1,
  "mode": "GRAPH",
  "mean_ms": 0.5822662383317947,
  "per_cell_ms": 0.07278327979147434,
  "p95_ms": 1.085447999835014,
  "p99_ms": 1.7000560235977167,
  "miss_1ms": 0.06,
  "raw": [
    0.5011839866638184,
    0.48559999465942383,
    0.5116159915924072,
    0.5187519788742065,
    0.49219200015068054,
    0.5031039714813232,
    0.5021119713783264,
    0.5028799772262573,
    0.5199999809265137,
    0.5201600193977356,
    0.49132800102233887,
    0.5483199954032898,
    0.4955199956893921,
    0.5085440278053284,
    0.5038080215454102,
    0.4830079972743988,
    0.4939520061016083,
    0.5123839974403381,
    0.48287999629974365,
    0.48364800214767456,
    0.48998400568962097,
    0.5039039850234985,
    0.48713600635528564,
    0.4819200038909912,
    0.5203840136528015,
    0.4865280091762543,
    0.5030400156974792,
    0.4907200038433075,
    0.48396798968315125,
    0.5228800177574158,
    1.8352960348129272,
    0.671999990940094,
    1.156224012374878,
    0.5870720148086548,
    0.5321279764175415,
    0.536512017250061,
    0.5395519733428955,
    0.9989439845085144,
    1.5592960119247437,
    0.49302399158477783,
    0.4944959878921509,
    0.5172479748725891,
    0.5152959823608398,
    0.5187199711799622,
    0.4942399859428406,
    0.49961599707603455,
    0.6282560229301453,
    0.498879998922348,
    0.5022720098495483,
    0.502784013748169
  ]
}