{
  "label": "72b_qwen72b_b4_s2048",
  "stats": {
    "name": "72b_qwen72b_b4_s2048",
    "count": 100,
    "mean_ms": 2.05706847012043,
    "std_ms": 2.443446718595442,
    "p50_ms": 1.0861760377883911,
    "p95_ms": 7.705622482299804,
    "p99_ms": 10.633797321319594,
    "min_ms": 0.8476799726486206,
    "max_ms": 13.57107162475586,
    "jitter": 1.1878295516592074
  },
  "miss_1ms": 0.6,
  "raw": [
    1.097823977470398,
    0.8674240112304688,
    1.0967040061950684,
    0.8488640189170837,
    1.070688009262085,
    0.8878080248832703,
    1.0885440111160278,
    0.9513599872589111,
    7.6854400634765625,
    2.921056032180786,
    4.936192035675049,
    3.0565760135650635,
    1.0926079750061035,
    0.8508480191230774,
    1.0851839780807495,
    0.9145600199699402,
    1.1283520460128784,
    0.8518400192260742,
    1.0848000049591064,
    0.856544017791748,
    1.0830399990081787,
    0.8585280179977417,
    1.0891200304031372,
    0.8505280017852783,
    1.0983359813690186,
    0.8547199964523315,
    1.081760048866272,
    0.8931199908256531,
    8.089088439941406,
    10.604127883911133,
    5.588191986083984,
    3.0091519355773926,
    1.1408319473266602,
    0.9076160192489624,
    1.1265599727630615,
    0.8495680093765259,
    1.0882879495620728,
    0.8940160274505615,
    1.1250560283660889,
    0.8542079925537109,
    1.0850239992141724,
    0.8625919818878174,
    1.080672025680542,
    0.8633919954299927,
    1.1844799518585205,
    0.8568639755249023,
    1.1263999938964844,
    0.8866239786148071,
    13.57107162475586,
    2.7952959537506104,
    6.429279804229736,
    8.873855590820312,
    1.081760048866272,
    0.8542079925537109,
    1.0934720039367676,
    0.8556479811668396,
    1.1393280029296875,
    0.8476799726486206,
    1.0811200141906738,
    0.8492799997329712,
    1.129472017288208,
    0.8507199883460999,
    1.0869120359420776,
    0.8492799997329712,
    1.0928959846496582,
    0.8993279933929443,
    1.094048023223877,
    0.8561599850654602,
    8.205023765563965,
    2.8982720375061035,
    7.100863933563232,
    3.0962560176849365,
    4.988607883453369,
    0.8628479838371277,
    1.1380800008773804,
    0.8838080167770386,
    1.1357439756393433,
    0.8516799807548523,
    1.1465599536895752,
    0.8859840035438538,
    1.0941760540008545,
    0.8642879724502563,
    1.0955840349197388,
    0.8512639999389648,
    1.0908160209655762,
    0.8623999953269958,
    1.0854400396347046,
    0.8738240003585815,
    5.425439834594727,
    2.749216079711914,
    7.528192043304443,
    1.9855680465698242,
    7.32044792175293,
    0.9075520038604736,
    1.1361600160598755,
    0.9056000113487244,
    1.1399359703063965,
    0.8898239731788635,
    1.104640007019043,
    0.866815984249115
  ]
}