{
  "label": "m4n_baseline_nid001760_g1",
  "num_cells": 8,
  "graph_mode": 1,
  "mode": "GRAPH",
  "mean_ms": 0.4342355179786682,
  "per_cell_ms": 0.05427943974733353,
  "p95_ms": 0.43762240260839463,
  "p99_ms": 0.4389331093430519,
  "miss_1ms": 0.0,
  "raw": [
    0.435808002948761,
    0.43644800782203674,
    0.43724799156188965,
    0.434143990278244,
    0.43513599038124084,
    0.4366079866886139,
    0.43510401248931885,
    0.43542400002479553,
    0.43302398920059204,
    0.437855988740921,
    0.4330559968948364,
    0.4328320026397705,
    0.437824010848999,
    0.4344640076160431,
    0.43356800079345703,
    0.43248000741004944,
    0.434143990278244,
    0.43615999817848206,
    0.43670400977134705,
    0.4322560131549835,
    0.4336639940738678,
    0.43702399730682373,
    0.4347839951515198,
    0.4331519901752472,
    0.43219199776649475,
    0.435263991355896,
    0.4331839978694916,
    0.4312959909439087,
    0.4315199851989746,
    0.43324801325798035,
    0.43539199233055115,
    0.434112012386322,
    0.4344319999217987,
    0.4325760006904602,
    0.43299201130867004,
    0.43379199504852295,
    0.43164798617362976,
    0.4373759925365448,
    0.43347200751304626,
    0.43244799971580505,
    0.43350398540496826,
    0.4342080056667328,
    0.4336639940738678,
    0.4314559996128082,
    0.43139201402664185,
    0.4399679899215698,
    0.43462398648262024,
    0.4336639940738678,
    0.4318079948425293,
    0.4336319863796234
  ]
}