{
  "label": "s4n4g_gpt2_nid001269_g1",
  "num_cells": 8,
  "graph_mode": 1,
  "mode": "GRAPH",
  "mean_ms": 0.43950591802597044,
  "per_cell_ms": 0.054938239753246305,
  "p95_ms": 0.4503840088844299,
  "p99_ms": 0.4624508717656135,
  "miss_1ms": 0.0,
  "raw": [
    0.4329279959201813,
    0.43510401248931885,
    0.4379520118236542,
    0.4352000057697296,
    0.4334399998188019,
    0.43462398648262024,
    0.4466879963874817,
    0.4350399971008301,
    0.43404799699783325,
    0.43769600987434387,
    0.4402559995651245,
    0.4327999949455261,
    0.4336960017681122,
    0.43516799807548523,
    0.436383992433548,
    0.4381119906902313,
    0.43487998843193054,
    0.4355520009994507,
    0.44390401244163513,
    0.4436799883842468,
    0.436383992433548,
    0.43641600012779236,
    0.44304001331329346,
    0.43561598658561707,
    0.43241599202156067,
    0.43513599038124084,
    0.434112012386322,
    0.44099199771881104,
    0.4341759979724884,
    0.4498560130596161,
    0.44784000515937805,
    0.4368959963321686,
    0.4347519874572754,
    0.4368320107460022,
    0.445279985666275,
    0.4508799910545349,
    0.4450559914112091,
    0.4374080002307892,
    0.4359999895095825,
    0.45081600546836853,
    0.4384320080280304,
    0.44630399346351624,
    0.43913599848747253,
    0.47356799244880676,
    0.43462398648262024,
    0.4373759925365448,
    0.44179201126098633,
    0.44521600008010864,
    0.4375999867916107,
    0.44419199228286743
  ]
}