{
  "label": "g40_hbm2g",
  "num_cells": 20,
  "num_tx": 4,
  "num_rx": 4,
  "mcs": 2,
  "hbm_pct": 56.2,
  "stats": {
    "name": "g40_hbm2g",
    "count": 100,
    "mean_ms": 611.4032390594482,
    "std_ms": 8.072687926534956,
    "p50_ms": 611.3157939910889,
    "p95_ms": 621.5345308303833,
    "p99_ms": 627.1364726066589,
    "min_ms": 592.2962265014648,
    "max_ms": 627.3069744110107,
    "jitter": 0.013203541314163743
  },
  "miss_1ms": 1.0,
  "raw": [
    612.7561912536621,
    610.0061779022217,
    603.9509143829346,
    606.9395160675049,
    604.0189781188965,
    615.6374130249023,
    615.5070037841797,
    615.6827869415283,
    598.1670055389404,
    618.5263080596924,
    618.443323135376,
    592.3707504272461,
    621.457986831665,
    618.6377964019775,
    609.7515811920166,
    621.5522556304932,
    595.4439697265625,
    618.6480331420898,
    612.6959400177002,
    612.8299217224121,
    601.0769920349121,
    627.1347503662109,
    609.7101764678955,
    612.625410079956,
    595.3859901428223,
    612.7488632202148,
    621.3998699188232,
    607.086015701294,
    603.9243240356445,
    592.2962265014648,
    609.9102439880371,
    598.1815338134766,
    612.8015689849854,
    606.9759674072266,
    603.9831314086914,
    612.8535404205322,
    615.4628143310547,
    609.8011474609375,
    615.5947513580322,
    604.0250873565674,
    606.8403835296631,
    603.9968318939209,
    615.6449947357178,
    615.5854072570801,
    604.0509128570557,
    601.1859169006348,
    618.6296310424805,
    601.2404155731201,
    609.6264915466309,
    609.8869438171387,
    606.8920955657959,
    615.697151184082,
    615.6359062194824,
    618.5415725708008,
    609.9438381195068,
    604.1348476409912,
    621.4543380737305,
    609.9981098175049,
    609.8438377380371,
    606.8794231414795,
    615.732349395752,
    609.7548160552979,
    607.0055046081543,
    595.3263053894043,
    598.4336013793945,
    621.2891216278076,
    621.4438095092773,
    618.6157131195068,
    592.4496307373047,
    612.7734718322754,
    621.3152694702148,
    621.533597946167,
    604.0703678131104,
    621.3531188964844,
    621.3919658660889,
    615.7232303619385,
    624.3951053619385,
    604.0311031341553,
    612.7216663360596,
    618.6290855407715,
    609.7614078521729,
    621.4771862030029,
    624.1744976043701,
    618.6446075439453,
    603.9374027252197,
    618.4330558776855,
    618.5380401611328,
    609.8371505737305,
    618.5695362091064,
    609.9209632873535,
    618.599042892456,
    615.5958099365234,
    606.8690853118896,
    609.9015655517578,
    627.3069744110107,
    606.9191989898682,
    621.2859172821045,
    604.0016021728516,
    606.949405670166,
    609.9013137817383
  ]
}