{
  "label": "s4n4g_baseline_nid003956_g3",
  "num_cells": 8,
  "graph_mode": 1,
  "mode": "GRAPH",
  "mean_ms": 0.43479615926742554,
  "per_cell_ms": 0.05434951990842819,
  "p95_ms": 0.4422543868422508,
  "p99_ms": 0.44668288379907606,
  "miss_1ms": 0.0,
  "raw": [
    0.43398401141166687,
    0.4371199905872345,
    0.4341759979724884,
    0.43558400869369507,
    0.4346559941768646,
    0.4352959990501404,
    0.4336960017681122,
    0.4322879910469055,
    0.4331519901752472,
    0.4362559914588928,
    0.4343680143356323,
    0.4346559941768646,
    0.4331519901752472,
    0.4480000138282776,
    0.4336000084877014,
    0.4320639967918396,
    0.43238401412963867,
    0.4357759952545166,
    0.4354560077190399,
    0.43536001443862915,
    0.43327999114990234,
    0.4394559860229492,
    0.43539199233055115,
    0.4343999922275543,
    0.43164798617362976,
    0.43251198530197144,
    0.43561598658561707,
    0.43542400002479553,
    0.4344959855079651,
    0.43331199884414673,
    0.4328320026397705,
    0.43382400274276733,
    0.43187201023101807,
    0.4453119933605194,
    0.4347519874572754,
    0.4330559968948364,
    0.4313279986381531,
    0.4445439875125885,
    0.4330880045890808,
    0.43238401412963867,
    0.4330559968948364,
    0.436352014541626,
    0.4327999949455261,
    0.4328320026397705,
    0.4314559996128082,
    0.4362240135669708,
    0.4359680116176605,
    0.43212801218032837,
    0.4334079921245575,
    0.4360319972038269
  ]
}