{
  "label": "heavy_sm14",
  "num_cells": 20,
  "num_tx": 4,
  "num_rx": 4,
  "mcs": 2,
  "hbm_pct": 21.5,
  "stats": {
    "name": "heavy_sm14",
    "count": 100,
    "mean_ms": 16.230312945246695,
    "std_ms": 5.287639013074741,
    "p50_ms": 14.834560006856918,
    "p95_ms": 21.510764700174327,
    "p99_ms": 40.98999449491509,
    "min_ms": 14.719071984291077,
    "max_ms": 55.706399500370026,
    "jitter": 0.3257878656383708
  },
  "miss_1ms": 1.0,
  "raw": [
    15.092576026916504,
    16.296607971191406,
    16.450239956378937,
    14.938463866710663,
    14.896735966205597,
    14.885663986206055,
    17.821728110313416,
    14.784287929534912,
    14.988095998764038,
    14.927807986736298,
    14.853376030921936,
    14.926847994327545,
    14.812031984329224,
    40.84134393930435,
    15.282911896705627,
    14.8365438580513,
    14.764255940914154,
    14.877440094947815,
    14.837440073490143,
    14.877600073814392,
    14.807103931903839,
    14.774527847766876,
    14.918496131896973,
    14.894719898700714,
    16.107872009277344,
    16.766720056533813,
    14.852575957775116,
    14.83596795797348,
    14.801855981349945,
    14.844672083854675,
    14.809599936008453,
    14.919135987758636,
    14.98502403497696,
    18.04092788696289,
    14.747744023799896,
    14.81983995437622,
    55.706399500370026,
    25.37968009710312,
    14.943424105644226,
    14.786207973957062,
    14.827968001365662,
    14.873248040676117,
    14.758431851863861,
    14.74127984046936,
    14.719071984291077,
    14.727744042873383,
    14.806015968322754,
    15.704928040504456,
    16.98768001794815,
    14.75187212228775,
    14.782911956310272,
    14.784672021865845,
    14.854784071445465,
    14.796544015407562,
    14.723071932792664,
    14.821567952632904,
    14.833152055740356,
    14.77295994758606,
    14.736192047595978,
    21.444031894207,
    22.77868801355362,
    14.826015949249268,
    14.794111907482147,
    14.770080089569092,
    14.866047978401184,
    14.845120012760162,
    14.815936028957367,
    14.84412807226181,
    14.745696008205414,
    14.767232120037079,
    15.326336085796356,
    17.25446391105652,
    14.824928104877472,
    14.751935958862305,
    14.744608044624329,
    14.820160031318665,
    14.791872024536133,
    14.746911942958832,
    14.809440076351166,
    14.827263951301575,
    14.851679861545563,
    14.784287989139557,
    16.52025592327118,
    16.040127992630005,
    14.804544031620026,
    14.90748804807663,
    14.966495931148529,
    14.751455903053284,
    17.62579196691513,
    14.829472124576569,
    14.749791920185089,
    14.771743953227997,
    14.731424033641815,
    19.886623859405518,
    33.45750403404236,
    15.0624640583992,
    14.820447862148285,
    14.770463943481445,
    14.774367988109589,
    14.791263937950134
  ]
}