{
  "label": "mig32_2n_qwen_nid001460_g1",
  "num_cells": 8,
  "graph_mode": 1,
  "mode": "GRAPH",
  "mean_ms": 0.46812543988227845,
  "per_cell_ms": 0.058515679985284806,
  "p95_ms": 0.4704559937119484,
  "p99_ms": 0.47184384912252425,
  "miss_1ms": 0.0,
  "raw": [
    0.4678719937801361,
    0.4692479968070984,
    0.46937599778175354,
    0.46876800060272217,
    0.46697598695755005,
    0.4687039852142334,
    0.4683839976787567,
    0.46751999855041504,
    0.46668800711631775,
    0.4686720073223114,
    0.46825599670410156,
    0.46723198890686035,
    0.4676479995250702,
    0.4716480076313019,
    0.4684160053730011,
    0.46806401014328003,
    0.46806401014328003,
    0.4684799909591675,
    0.4708159863948822,
    0.4681920111179352,
    0.4700160026550293,
    0.468639999628067,
    0.468095988035202,
    0.46691200137138367,
    0.4673919975757599,
    0.4676479995250702,
    0.469184011220932,
    0.4679040014743805,
    0.46806401014328003,
    0.4678080081939697,
    0.4686720073223114,
    0.4665600061416626,
    0.4663360118865967,
    0.46908798813819885,
    0.46668800711631775,
    0.4676159918308258,
    0.46723198890686035,
    0.47203201055526733,
    0.46806401014328003,
    0.4660800099372864,
    0.46748799085617065,
    0.4687039852142334,
    0.4682239890098572,
    0.46697598695755005,
    0.4670400023460388,
    0.4684160053730011,
    0.46880000829696655,
    0.4670400023460388,
    0.46726399660110474,
    0.46726399660110474
  ]
}