{
  "label": "nrx_with_neuralrx",
  "num_cells": 8,
  "num_tx": 4,
  "num_rx": 4,
  "mcs": 2,
  "hbm_pct": 19.4,
  "stats": {
    "name": "nrx_with_neuralrx",
    "count": 100,
    "mean_ms": 6.071656001210212,
    "std_ms": 0.3665620972212372,
    "p50_ms": 5.884319990873337,
    "p95_ms": 6.796259325742722,
    "p99_ms": 6.915254358649254,
    "min_ms": 5.805472016334534,
    "max_ms": 7.009343981742859,
    "jitter": 0.060372672158662065
  },
  "miss_1ms": 1.0,
  "raw": [
    6.723008036613464,
    6.750975966453552,
    6.783263981342316,
    6.731840074062347,
    6.742528021335602,
    6.778560042381287,
    6.7291839718818665,
    6.7206079959869385,
    6.762976050376892,
    6.738208055496216,
    6.731615960597992,
    6.807168006896973,
    6.716992080211639,
    6.705503880977631,
    6.740895986557007,
    6.804831922054291,
    6.843456029891968,
    6.795808136463165,
    5.979232013225555,
    5.8784321546554565,
    5.897343993186951,
    5.920095980167389,
    5.969600021839142,
    5.842879951000214,
    5.8517120480537415,
    5.855199992656708,
    5.867935955524445,
    5.876096069812775,
    5.861855983734131,
    5.9229119420051575,
    5.847328007221222,
    5.861407995223999,
    5.942752003669739,
    5.848480045795441,
    6.004671931266785,
    5.861663997173309,
    5.847552001476288,
    5.852928042411804,
    5.86300802230835,
    5.843232095241547,
    5.865343987941742,
    5.849951982498169,
    5.906368017196655,
    5.83216005563736,
    5.92742395401001,
    5.855711996555328,
    5.845151901245117,
    5.8304319977760315,
    5.858047962188721,
    5.8299519419670105,
    5.843551993370056,
    5.905440032482147,
    5.849184036254883,
    5.864576041698456,
    5.922176003456116,
    5.851647973060608,
    5.842752039432526,
    5.858272016048431,
    5.843967974185944,
    5.92982405424118,
    5.91375994682312,
    5.85017603635788,
    5.86406397819519,
    5.856703996658325,
    5.872608065605164,
    5.8329920172691345,
    5.892959892749786,
    5.884095907211304,
    5.884608030319214,
    5.927487909793854,
    5.848223984241486,
    5.857344031333923,
    5.951264023780823,
    5.837311923503876,
    6.1967039704322815,
    6.914303958415985,
    7.009343981742859,
    6.689152002334595,
    5.886047959327698,
    5.88454407453537,
    5.901632010936737,
    6.112832009792328,
    5.8671680092811584,
    5.898912072181702,
    5.911264061927795,
    5.8738240003585815,
    5.834752082824707,
    5.805472016334534,
    5.844223976135254,
    5.874431908130646,
    5.863071978092194,
    5.877407968044281,
    5.875167965888977,
    5.953503966331482,
    5.91785603761673,
    5.953472018241882,
    5.853439927101135,
    5.90803200006485,
    5.848864018917084,
    5.920895993709564
  ]
}