{
  "label": "s2n4g_neuralrx_nid002689_g2",
  "num_cells": 8,
  "graph_mode": 1,
  "mode": "GRAPH",
  "mean_ms": 0.43530687808990476,
  "per_cell_ms": 0.054413359761238095,
  "p95_ms": 0.441593599319458,
  "p99_ms": 0.4457430398464203,
  "miss_1ms": 0.0,
  "raw": [
    0.434112012386322,
    0.43532800674438477,
    0.43347200751304626,
    0.4331200122833252,
    0.4336960017681122,
    0.4357759952545166,
    0.43321600556373596,
    0.43372800946235657,
    0.4345279932022095,
    0.43379199504852295,
    0.43484801054000854,
    0.43404799699783325,
    0.4435519874095917,
    0.4347200095653534,
    0.4339199960231781,
    0.4336319863796234,
    0.43375998735427856,
    0.4347839951515198,
    0.4472639858722687,
    0.43427199125289917,
    0.4336639940738678,
    0.434143990278244,
    0.43462398648262024,
    0.4336319863796234,
    0.4336000084877014,
    0.44416001439094543,
    0.43379199504852295,
    0.4331519901752472,
    0.4328959882259369,
    0.4338879883289337,
    0.4352000057697296,
    0.4328959882259369,
    0.4336000084877014,
    0.4347519874572754,
    0.4368959963321686,
    0.43568000197410583,
    0.4368000030517578,
    0.4339199960231781,
    0.4366079866886139,
    0.4347519874572754,
    0.43568000197410583,
    0.43696001172065735,
    0.4362240135669708,
    0.4347519874572754,
    0.4352000057697296,
    0.4362879991531372,
    0.4392000138759613,
    0.4344319999217987,
    0.4366079866886139,
    0.4357759952545166
  ]
}