{
  "label": "s1n4g_gpt2_nid001285_g1",
  "num_cells": 8,
  "graph_mode": 1,
  "mode": "GRAPH",
  "mean_ms": 0.5479488027095795,
  "per_cell_ms": 0.06849360033869743,
  "p95_ms": 0.5558127939701081,
  "p99_ms": 0.5591708874702453,
  "miss_1ms": 0.0,
  "raw": [
    0.5535680055618286,
    0.5472639799118042,
    0.5464640259742737,
    0.5480960011482239,
    0.5525439977645874,
    0.5472639799118042,
    0.5464640259742737,
    0.5465919971466064,
    0.5450559854507446,
    0.5460799932479858,
    0.5472639799118042,
    0.5469120144844055,
    0.560096025466919,
    0.547872006893158,
    0.5479999780654907,
    0.5464320182800293,
    0.5516480207443237,
    0.5458880066871643,
    0.5464000105857849,
    0.5528640151023865,
    0.5538240075111389,
    0.5464640259742737,
    0.5453439950942993,
    0.5463359951972961,
    0.5582079887390137,
    0.5574399828910828,
    0.5465279817581177,
    0.5456960201263428,
    0.545632004737854,
    0.5536320209503174,
    0.5462080240249634,
    0.5455359816551208,
    0.5459840297698975,
    0.5470399856567383,
    0.5458559989929199,
    0.5449600219726562,
    0.5439040064811707,
    0.5468159914016724,
    0.5456960201263428,
    0.5451200008392334,
    0.5455039739608765,
    0.547104001045227,
    0.5460159778594971,
    0.5446400046348572,
    0.546176016330719,
    0.5462719798088074,
    0.5461120009422302,
    0.5471360087394714,
    0.5537599921226501,
    0.5457280278205872
  ]
}