{
  "label": "hthresh_hbm_2.0GB",
  "num_cells": 20,
  "num_tx": 4,
  "num_rx": 4,
  "mcs": 2,
  "hbm_pct": 28.0,
  "stats": {
    "name": "hthresh_hbm_2.0GB",
    "count": 100,
    "mean_ms": 494.5443643951416,
    "std_ms": 7.098063792766355,
    "p50_ms": 494.18592166900635,
    "p95_ms": 505.71960334777833,
    "p99_ms": 514.7648296546936,
    "min_ms": 480.5886764526367,
    "max_ms": 517.1246089935303,
    "jitter": 0.014352734160559542
  },
  "miss_1ms": 1.0,
  "raw": [
    492.00950050354004,
    505.5198040008545,
    507.80080223083496,
    489.63670921325684,
    501.01737785339355,
    496.5131492614746,
    496.54688453674316,
    489.62128257751465,
    505.61161613464355,
    496.39666748046875,
    496.428768157959,
    485.1519374847412,
    501.01046562194824,
    514.7409934997559,
    494.2859802246094,
    480.5886764526367,
    494.183650970459,
    500.9680633544922,
    503.3706283569336,
    503.40233612060547,
    491.8805465698242,
    501.054594039917,
    482.8008327484131,
    491.87331199645996,
    498.7772808074951,
    503.24169540405273,
    496.48914909362793,
    482.8585605621338,
    496.4891185760498,
    485.02048110961914,
    491.9288635253906,
    501.0449619293213,
    489.5991668701172,
    489.637601852417,
    489.5765838623047,
    494.23465728759766,
    503.3303699493408,
    491.9130573272705,
    491.9948139190674,
    482.80467414855957,
    498.77673721313477,
    496.4562511444092,
    498.65072441101074,
    500.97696113586426,
    487.40246391296387,
    498.7785930633545,
    494.08355140686035,
    494.154203414917,
    508.00566482543945,
    503.29945373535156,
    489.60956954956055,
    487.33036613464355,
    489.5873908996582,
    489.6848602294922,
    491.86604499816895,
    496.5155506134033,
    482.7572479248047,
    489.732702255249,
    491.9043502807617,
    496.6039333343506,
    503.20672035217285,
    485.0991954803467,
    496.51040267944336,
    491.8773422241211,
    489.70495986938477,
    494.1881923675537,
    487.3914546966553,
    494.2245445251465,
    501.0664596557617,
    494.2082271575928,
    498.7537651062012,
    517.1246089935303,
    489.6253147125244,
    485.14438247680664,
    485.1506862640381,
    494.17151832580566,
    498.75379180908203,
    491.9278087615967,
    487.3570899963379,
    489.68448066711426,
    485.1298885345459,
    500.9385643005371,
    507.77136039733887,
    496.42713165283203,
    491.8959655761719,
    487.3279972076416,
    501.13641929626465,
    501.04979133605957,
    487.3351402282715,
    491.94652557373047,
    489.7416934967041,
    494.2311038970947,
    505.5388469696045,
    489.6225891113281,
    498.787841796875,
    485.08397102355957,
    496.50614738464355,
    489.65798568725586,
    494.24544525146484,
    487.35884857177734
  ]
}