{
  "label": "nv_hbm",
  "num_cells": 8,
  "graph_mode": 1,
  "mode": "GRAPH",
  "mean_ms": 0.9032339191436768,
  "per_cell_ms": 0.1129042398929596,
  "p95_ms": 0.9283728241920471,
  "p99_ms": 0.9296153604984283,
  "miss_1ms": 0.0,
  "raw": [
    0.9141759872436523,
    0.9168959856033325,
    0.8886719942092896,
    0.9073920249938965,
    0.9066879749298096,
    0.8840320110321045,
    0.9101759791374207,
    0.9039679765701294,
    0.8965439796447754,
    0.9220799803733826,
    0.8744000196456909,
    0.89055997133255,
    0.9073920249938965,
    0.8986240029335022,
    0.9303680062294006,
    0.9221760034561157,
    0.8932160139083862,
    0.8894720077514648,
    0.892192006111145,
    0.909280002117157,
    0.9288319945335388,
    0.8978559970855713,
    0.9110080003738403,
    0.9279680252075195,
    0.9126080274581909,
    0.9130880236625671,
    0.9094079732894897,
    0.8995199799537659,
    0.9000319838523865,
    0.8967040181159973,
    0.8815680146217346,
    0.8889920115470886,
    0.8917760252952576,
    0.9096639752388,
    0.9085440039634705,
    0.9169600009918213,
    0.928704023361206,
    0.8819199800491333,
    0.9016320109367371,
    0.8928319811820984,
    0.9058560132980347,
    0.9134079813957214,
    0.8775359988212585,
    0.8888959884643555,
    0.8892160058021545,
    0.9126719832420349,
    0.9103040099143982,
    0.9008960127830505,
    0.9076799750328064,
    0.8973119854927063
  ]
}