{
  "label": "bench_8c_STREAM",
  "num_cells": 8,
  "graph_mode": 0,
  "mode": "STREAM",
  "mean_ms": 1.3049446439743042,
  "per_cell_ms": 0.16311808049678803,
  "p95_ms": 1.3398704290390016,
  "p99_ms": 1.3417222642898559,
  "miss_1ms": 1.0,
  "raw": [
    1.336351990699768,
    1.340000033378601,
    1.3379520177841187,
    1.3384000062942505,
    1.3367359638214111,
    1.3394880294799805,
    1.3335039615631104,
    1.3287999629974365,
    1.3403840065002441,
    1.3320640325546265,
    1.3344000577926636,
    1.3378560543060303,
    1.343008041381836,
    1.3364800214767456,
    1.3381760120391846,
    1.3376319408416748,
    1.3366080522537231,
    1.3364800214767456,
    1.338655948638916,
    1.3367999792099,
    1.3335360288619995,
    1.3345600366592407,
    1.3372160196304321,
    1.3343679904937744,
    1.337664008140564,
    1.3362560272216797,
    1.3397120237350464,
    1.3367999792099,
    1.334496021270752,
    1.3365119695663452,
    1.338304042816162,
    1.3389760255813599,
    1.3337600231170654,
    1.3341120481491089,
    1.3300800323486328,
    1.3367359638214111,
    1.3369280099868774,
    1.2242560386657715,
    1.2135039567947388,
    1.2116479873657227,
    1.212607979774475,
    1.2208319902420044,
    1.2114559412002563,
    1.218400001525879,
    1.2154879570007324,
    1.2164160013198853,
    1.2135039567947388,
    1.209887981414795,
    1.2165440320968628,
    1.2128959894180298
  ]
}