{
  "label": "mig72_4n_base_nid008632_g2",
  "num_cells": 8,
  "graph_mode": 1,
  "mode": "GRAPH",
  "mean_ms": 0.47045823991298674,
  "per_cell_ms": 0.05880727998912334,
  "p95_ms": 0.47865599393844604,
  "p99_ms": 0.48174879133701326,
  "miss_1ms": 0.0,
  "raw": [
    0.4819839894771576,
    0.47283199429512024,
    0.4695360064506531,
    0.47571200132369995,
    0.4715520143508911,
    0.47097599506378174,
    0.46959999203681946,
    0.4720959961414337,
    0.4682239890098572,
    0.4710719883441925,
    0.4694400131702423,
    0.4681920111179352,
    0.46857601404190063,
    0.46905601024627686,
    0.46854400634765625,
    0.46934399008750916,
    0.4668479859828949,
    0.4688960015773773,
    0.4699519872665405,
    0.466592013835907,
    0.46857601404190063,
    0.4694400131702423,
    0.472351998090744,
    0.47414401173591614,
    0.46860799193382263,
    0.47225600481033325,
    0.46860799193382263,
    0.46860799193382263,
    0.4689599871635437,
    0.4699839949607849,
    0.4691520035266876,
    0.47865599393844604,
    0.46854400634765625,
    0.46886399388313293,
    0.46880000829696655,
    0.4681600034236908,
    0.4682239890098572,
    0.4689280092716217,
    0.4673280119895935,
    0.4676479995250702,
    0.4671359956264496,
    0.46963199973106384,
    0.48150399327278137,
    0.4684480130672455,
    0.47865599393844604,
    0.4702720046043396,
    0.47788798809051514,
    0.46751999855041504,
    0.46751999855041504,
    0.4694719910621643
  ]
}