{
  "label": "resnet_bs256",
  "stats": {
    "name": "resnet_bs256",
    "count": 100,
    "mean_ms": 5.803416628837585,
    "std_ms": 2.753984526273831,
    "p50_ms": 6.288304090499878,
    "p95_ms": 9.675043630599976,
    "p99_ms": 14.080185050964378,
    "min_ms": 1.634943962097168,
    "max_ms": 18.261215209960938,
    "jitter": 0.4745453760098988
  },
  "miss_1ms": 1.0,
  "raw": [
    2.5894079208374023,
    5.184864044189453,
    2.9800961017608643,
    6.730879783630371,
    1.9759360551834106,
    6.2867841720581055,
    2.268768072128296,
    6.821280002593994,
    6.467807769775391,
    8.213983535766602,
    5.644735813140869,
    6.74348783493042,
    2.5733439922332764,
    6.251359939575195,
    2.581183910369873,
    6.740128040313721,
    1.987104058265686,
    6.310815811157227,
    3.0270400047302246,
    6.177728176116943,
    6.284351825714111,
    6.887328147888184,
    7.748447895050049,
    3.190016031265259,
    2.755199909210205,
    5.248159885406494,
    2.3008639812469482,
    5.679999828338623,
    1.9958080053329468,
    6.2867841720581055,
    2.5882558822631836,
    6.28982400894165,
    1.634943962097168,
    7.331488132476807,
    9.989248275756836,
    7.495808124542236,
    2.596384048461914,
    5.204415798187256,
    2.30131196975708,
    6.820799827575684,
    3.407520055770874,
    6.831071853637695,
    2.5149760246276855,
    6.986559867858887,
    4.509823799133301,
    8.094304084777832,
    9.157792091369629,
    6.866176128387451,
    7.34441614151001,
    6.865536212921143,
    2.493504047393799,
    5.702176094055176,
    2.5152640342712402,
    6.978367805480957,
    2.275167942047119,
    7.405951976776123,
    4.4983038902282715,
    6.976352214813232,
    10.291935920715332,
    6.864640235900879,
    9.688480377197266,
    7.104896068572998,
    1.9788479804992676,
    6.822591781616211,
    2.495232105255127,
    6.295487880706787,
    4.486368179321289,
    7.394688129425049,
    2.5620479583740234,
    8.080191612243652,
    7.399295806884766,
    6.976992130279541,
    14.037952423095703,
    8.529631614685059,
    1.989184021949768,
    6.878592014312744,
    3.278592109680176,
    6.967167854309082,
    4.505919933319092,
    6.2815680503845215,
    4.503359794616699,
    9.024576187133789,
    6.875999927520752,
    9.55900764465332,
    9.575072288513184,
    6.880415916442871,
    2.511807918548584,
    6.977439880371094,
    2.5511040687561035,
    6.265312194824219,
    3.8822081089019775,
    6.2645440101623535,
    4.498335838317871,
    6.303647994995117,
    6.627935886383057,
    9.570976257324219,
    9.674336433410645,
    18.261215209960938,
    3.3988800048828125,
    6.615744113922119
  ]
}