{
  "label": "bora_B_nid008353_g3",
  "config": "B",
  "mean_ms": 0.6903353559970856,
  "p99_ms": 1.9689920127391811,
  "miss_1ms": 0.08,
  "raw": [
    0.5360320210456848,
    0.6327679753303528,
    0.5549439787864685,
    0.5464000105857849,
    1.8841279745101929,
    2.050528049468994,
    0.5453439950942993,
    0.5920320153236389,
    0.5282880067825317,
    0.861952006816864,
    0.5388799905776978,
    0.5438399910926819,
    0.5420799851417542,
    0.5385919809341431,
    0.7794560194015503,
    0.6946560144424438,
    0.551584005355835,
    0.5485759973526001,
    0.5921279788017273,
    0.5650879740715027,
    0.5511360168457031,
    0.5430399775505066,
    0.699455976486206,
    0.7194560170173645,
    0.5508800148963928,
    0.5472639799118042,
    0.5562880039215088,
    0.5296319723129272,
    0.5322880148887634,
    0.5271360278129578,
    0.5274879932403564,
    0.9020479917526245,
    0.5405759811401367,
    0.7517759799957275,
    1.0233279466629028,
    0.5326399803161621,
    0.750432014465332,
    0.5299839973449707,
    0.7583360075950623,
    0.8376320004463196,
    1.801535964012146,
    0.531391978263855,
    0.7509120106697083,
    0.5504639744758606,
    0.5322880148887634,
    0.5640000104904175,
    0.584991991519928,
    0.574176013469696,
    0.5443199872970581,
    0.5445759892463684
  ]
}