{
  "label": "s2n4g_gpt2_nid002688_g0",
  "num_cells": 8,
  "graph_mode": 1,
  "mode": "GRAPH",
  "mean_ms": 0.5171750473976136,
  "per_cell_ms": 0.0646468809247017,
  "p95_ms": 0.5065200075507164,
  "p99_ms": 2.4104404473304673,
  "miss_1ms": 0.02,
  "raw": [
    0.4354560077190399,
    0.49164798855781555,
    0.4360960125923157,
    0.4368639886379242,
    0.4370880126953125,
    0.43772798776626587,
    0.4334079921245575,
    0.4349440038204193,
    0.43532800674438477,
    0.43539199233055115,
    0.4344640076160431,
    0.43276798725128174,
    0.4365760087966919,
    0.43935999274253845,
    0.43904000520706177,
    0.44470399618148804,
    0.43510401248931885,
    0.43904000520706177,
    0.43910399079322815,
    0.4360960125923157,
    0.43484801054000854,
    0.44582399725914,
    0.4311999976634979,
    0.4394240081310272,
    0.4366399943828583,
    0.4323520064353943,
    0.4359680116176605,
    0.4379200041294098,
    0.4357120096683502,
    0.4431680142879486,
    0.4288640022277832,
    0.43670400977134705,
    0.4359999895095825,
    0.436352014541626,
    0.4354879856109619,
    0.4360319972038269,
    0.44012799859046936,
    0.42956799268722534,
    0.43558400869369507,
    0.4275520145893097,
    0.4362240135669708,
    0.4370560050010681,
    0.45344001054763794,
    0.4381439983844757,
    0.4474560022354126,
    0.4371199905872345,
    0.5315840244293213,
    0.5186880230903625,
    4.215616226196289,
    0.4378879964351654
  ]
}