{
  "label": "m4n_full_nid001764_g0",
  "num_cells": 8,
  "graph_mode": 1,
  "mode": "GRAPH",
  "mean_ms": 0.9354233670234681,
  "per_cell_ms": 0.11692792087793351,
  "p95_ms": 1.0613103926181793,
  "p99_ms": 1.1331641674041748,
  "miss_1ms": 0.26,
  "raw": [
    0.9750400185585022,
    0.8752959966659546,
    0.9151679873466492,
    1.012992024421692,
    0.8780480027198792,
    1.0743999481201172,
    0.951200008392334,
    1.002943992614746,
    0.9591040015220642,
    0.8823999762535095,
    0.8743680119514465,
    1.0403200387954712,
    0.9506880044937134,
    0.8771520256996155,
    0.8880000114440918,
    1.0098559856414795,
    0.697055995464325,
    0.866752028465271,
    0.9894400238990784,
    0.9686400294303894,
    1.032480001449585,
    0.8931199908256531,
    0.9926720261573792,
    0.9653440117835999,
    1.0312639474868774,
    0.8736640214920044,
    0.9142079949378967,
    0.8880640268325806,
    0.8923839926719666,
    0.8657280206680298,
    0.8620799779891968,
    1.01801598072052,
    0.6965439915657043,
    0.8817920088768005,
    0.9985920190811157,
    0.7310720086097717,
    0.948639988899231,
    0.9046720266342163,
    0.8726400136947632,
    1.0453120470046997,
    0.8869760036468506,
    1.1337599754333496,
    0.8971520066261292,
    1.0356160402297974,
    0.8724480271339417,
    1.1325440406799316,
    0.925216019153595,
    1.0369600057601929,
    0.9728320240974426,
    0.880511999130249
  ]
}