{
  "label": "g40_sm50",
  "num_cells": 20,
  "num_tx": 4,
  "num_rx": 4,
  "mcs": 2,
  "hbm_pct": 43.6,
  "stats": {
    "name": "g40_sm50",
    "count": 100,
    "mean_ms": 16.420626873373987,
    "std_ms": 6.271607687748355,
    "p50_ms": 14.607600033283234,
    "p95_ms": 29.28919503390787,
    "p99_ms": 43.02133906066423,
    "min_ms": 14.452928066253662,
    "max_ms": 53.25353640317917,
    "jitter": 0.3819347297829265
  },
  "miss_1ms": 1.0,
  "raw": [
    16.819072008132935,
    36.846175491809845,
    42.917983531951904,
    16.75977599620819,
    14.942688047885895,
    14.63504010438919,
    14.56745594739914,
    14.59587186574936,
    14.64851200580597,
    14.609855949878693,
    14.564160168170929,
    14.591872036457062,
    14.605407893657684,
    17.313120007514954,
    15.064384043216705,
    14.612896025180817,
    14.562784075737,
    14.545984029769897,
    17.35731190443039,
    14.584735870361328,
    14.593984007835388,
    14.568031966686249,
    14.585023880004883,
    14.548128008842468,
    28.93423980474472,
    53.25353640317917,
    14.540031909942627,
    14.673632025718689,
    14.620288074016571,
    14.672671973705292,
    14.656672060489655,
    14.558592021465302,
    14.536416172981262,
    14.594208002090454,
    14.614496052265167,
    14.659808039665222,
    16.96579200029373,
    15.274911940097809,
    14.540159940719604,
    14.757791996002197,
    14.609759986400604,
    14.762975811958313,
    14.745727896690369,
    14.58979207277298,
    14.793855905532837,
    17.436832010746002,
    14.552959978580475,
    15.403040111064911,
    16.77408003807068,
    14.683104038238525,
    14.568032026290894,
    14.59219205379486,
    14.712384045124054,
    14.494432032108307,
    14.795775949954987,
    14.567487895488739,
    14.548736035823822,
    14.608480036258698,
    14.639743983745575,
    16.53516799211502,
    15.481727957725525,
    14.6457279920578,
    14.60672003030777,
    14.545759916305542,
    14.613631904125214,
    14.50057590007782,
    14.515455901622772,
    14.527807891368866,
    14.52732801437378,
    14.650751948356628,
    15.127936005592346,
    16.915456116199493,
    14.588223934173584,
    14.523743987083435,
    17.258591949939728,
    14.515487909317017,
    14.548224031925201,
    14.537503957748413,
    14.548704028129578,
    14.452928066253662,
    14.474464058876038,
    14.673439919948578,
    41.79110413789749,
    36.03334438800812,
    14.638496041297913,
    14.529376089572906,
    14.531424164772034,
    14.519840061664581,
    14.502271950244904,
    14.553151965141296,
    14.48742389678955,
    14.63372790813446,
    14.554335832595825,
    14.848736047744751,
    17.356704115867615,
    14.544288098812103,
    14.499584019184113,
    14.523552060127258,
    14.52863997220993,
    14.498431980609894
  ]
}