{
  "label": "gintf_graph_hbm",
  "num_cells": 8,
  "graph_mode": 1,
  "mode": "GRAPH",
  "mean_ms": 26.080273246765138,
  "per_cell_ms": 3.2600341558456423,
  "p95_ms": 26.043637180328368,
  "p99_ms": 27.5136933517456,
  "miss_1ms": 1.0,
  "raw": [
    26.033184051513672,
    26.040544509887695,
    26.00592041015625,
    26.01203155517578,
    26.007455825805664,
    26.0251522064209,
    26.03443145751953,
    26.02137565612793,
    26.01468849182129,
    26.00908851623535,
    26.000864028930664,
    26.03011131286621,
    26.005184173583984,
    26.02956771850586,
    26.024320602416992,
    26.037151336669922,
    26.014368057250977,
    26.03865623474121,
    26.01900863647461,
    26.025663375854492,
    26.02332878112793,
    26.021408081054688,
    26.010976791381836,
    28.92393684387207,
    26.0098876953125,
    26.016639709472656,
    26.033119201660156,
    26.009632110595703,
    26.024799346923828,
    26.041120529174805,
    26.007904052734375,
    26.045888900756836,
    26.003040313720703,
    26.02908706665039,
    26.01919937133789,
    26.020992279052734,
    26.024063110351562,
    26.022111892700195,
    26.045696258544922,
    26.014368057250977,
    26.036575317382812,
    26.018911361694336,
    26.014015197753906,
    26.039424896240234,
    26.037151336669922,
    26.014368057250977,
    26.02128028869629,
    26.022687911987305,
    26.028160095214844,
    26.00511932373047
  ]
}