{
  "label": "mig72_4n_base_nid008636_g1",
  "num_cells": 8,
  "graph_mode": 1,
  "mode": "GRAPH",
  "mean_ms": 0.46992191910743714,
  "per_cell_ms": 0.05874023988842964,
  "p95_ms": 0.4795024111866951,
  "p99_ms": 0.4820326370000839,
  "miss_1ms": 0.0,
  "raw": [
    0.4784640073776245,
    0.47180798649787903,
    0.4811840057373047,
    0.468095988035202,
    0.46832001209259033,
    0.47123199701309204,
    0.4696959853172302,
    0.48284798860549927,
    0.46806401014328003,
    0.4689599871635437,
    0.4689599871635437,
    0.46851199865341187,
    0.47180798649787903,
    0.46905601024627686,
    0.46828800439834595,
    0.4671039879322052,
    0.46700799465179443,
    0.466048002243042,
    0.46803200244903564,
    0.4678399860858917,
    0.47094398736953735,
    0.46992000937461853,
    0.4681279957294464,
    0.4656960070133209,
    0.46880000829696655,
    0.4705919921398163,
    0.4803520143032074,
    0.4694080054759979,
    0.47567999362945557,
    0.474592000246048,
    0.4683839976787567,
    0.46556800603866577,
    0.4668479859828949,
    0.4681920111179352,
    0.47020798921585083,
    0.47116801142692566,
    0.46751999855041504,
    0.46777600049972534,
    0.46777600049972534,
    0.4676800072193146,
    0.4681920111179352,
    0.47785601019859314,
    0.4673599898815155,
    0.4672960042953491,
    0.46886399388313293,
    0.46675199270248413,
    0.4670400023460388,
    0.4684160053730011,
    0.4695360064506531,
    0.4682239890098572
  ]
}