{
  "label": "bora40_C_gpt2",
  "num_cells": 8,
  "graph_mode": 1,
  "mode": "GRAPH",
  "mean_ms": 0.5260230433940888,
  "per_cell_ms": 0.0657528804242611,
  "p95_ms": 0.6841040164232253,
  "p99_ms": 0.7471075153350829,
  "miss_1ms": 0.0,
  "raw": [
    0.49939200282096863,
    0.503711998462677,
    0.506496012210846,
    0.5271040201187134,
    0.5055360198020935,
    0.5113919973373413,
    0.5357120037078857,
    0.5466560125350952,
    0.5023360252380371,
    0.536512017250061,
    0.5067840218544006,
    0.5044800043106079,
    0.5175999999046326,
    0.5064319968223572,
    0.5013440251350403,
    0.5114240050315857,
    0.4975680112838745,
    0.502784013748169,
    0.5166720151901245,
    0.5049920082092285,
    0.6584960222244263,
    0.5108159780502319,
    0.5145279765129089,
    0.7167360186576843,
    0.514240026473999,
    0.5110080242156982,
    0.7050560116767883,
    0.504800021648407,
    0.5096960067749023,
    0.7762879729270935,
    0.5139840245246887,
    0.5021119713783264,
    0.5511999726295471,
    0.505728006362915,
    0.5157439708709717,
    0.5276479721069336,
    0.5012800097465515,
    0.5294399857521057,
    0.49616000056266785,
    0.4960640072822571,
    0.49849599599838257,
    0.4976640045642853,
    0.5031359791755676,
    0.5000320076942444,
    0.4978879988193512,
    0.49961599707603455,
    0.4997119903564453,
    0.4954879879951477,
    0.49990400671958923,
    0.5032640099525452
  ]
}