{
  "label": "mig72_4n_base_nid008632_g3",
  "num_cells": 8,
  "graph_mode": 1,
  "mode": "GRAPH",
  "mean_ms": 0.46895104110240937,
  "per_cell_ms": 0.05861888013780117,
  "p95_ms": 0.4739888057112694,
  "p99_ms": 0.4979497677087783,
  "miss_1ms": 0.0,
  "raw": [
    0.46460801362991333,
    0.4674240052700043,
    0.4688960015773773,
    0.4673599898815155,
    0.46745601296424866,
    0.4695360064506531,
    0.46540799736976624,
    0.465503990650177,
    0.46646401286125183,
    0.46832001209259033,
    0.46697598695755005,
    0.46403199434280396,
    0.46639999747276306,
    0.46799999475479126,
    0.4705280065536499,
    0.46649599075317383,
    0.4652160108089447,
    0.4744639992713928,
    0.46588799357414246,
    0.464383989572525,
    0.46432000398635864,
    0.46883198618888855,
    0.4668160080909729,
    0.4649919867515564,
    0.4654400050640106,
    0.46691200137138367,
    0.5174400210380554,
    0.4734080135822296,
    0.4776639938354492,
    0.47017601132392883,
    0.46886399388313293,
    0.46639999747276306,
    0.4668479859828949,
    0.469184011220932,
    0.4708479940891266,
    0.46857601404190063,
    0.4677119851112366,
    0.4699519872665405,
    0.46905601024627686,
    0.46956801414489746,
    0.46934399008750916,
    0.468095988035202,
    0.4673280119895935,
    0.46931201219558716,
    0.46649599075317383,
    0.4675840139389038,
    0.4715520143508911,
    0.4667840003967285,
    0.4672960042953491,
    0.4673919975757599
  ]
}