{
  "label": "bora_D_nid008353_g2",
  "config": "D",
  "mean_ms": 0.46847680032253264,
  "p99_ms": 0.47594624996185303,
  "miss_1ms": 0.0,
  "raw": [
    0.4686720073223114,
    0.46956801414489746,
    0.46880000829696655,
    0.4675840139389038,
    0.4678080081939697,
    0.4681920111179352,
    0.4721600115299225,
    0.4708159863948822,
    0.4663679897785187,
    0.46880000829696655,
    0.4681920111179352,
    0.4673599898815155,
    0.46751999855041504,
    0.46902400255203247,
    0.46883198618888855,
    0.4694719910621643,
    0.4665279984474182,
    0.4795840084552765,
    0.4689599871635437,
    0.4677119851112366,
    0.46646401286125183,
    0.4679679870605469,
    0.4688960015773773,
    0.46835198998451233,
    0.46649599075317383,
    0.4695360064506531,
    0.4695039987564087,
    0.4679679870605469,
    0.46668800711631775,
    0.46911999583244324,
    0.46832001209259033,
    0.47177600860595703,
    0.466623991727829,
    0.468639999628067,
    0.4718399941921234,
    0.4665600061416626,
    0.4676479995250702,
    0.469184011220932,
    0.4668160080909729,
    0.4672960042953491,
    0.4678080081939697,
    0.4688960015773773,
    0.4681279957294464,
    0.4668799936771393,
    0.4659520089626312,
    0.4677119851112366,
    0.46748799085617065,
    0.4676800072193146,
    0.46665599942207336,
    0.4689919948577881
  ]
}