{
  "label": "same_gpu_resnet",
  "stats": {
    "name": "same_gpu_resnet",
    "count": 100,
    "mean_ms": 2.6826505613327027,
    "std_ms": 2.8579008007993525,
    "p50_ms": 1.5470719933509827,
    "p95_ms": 8.667392253875732,
    "p99_ms": 11.106685314178511,
    "min_ms": 1.0076160430908203,
    "max_ms": 19.865983963012695,
    "jitter": 1.065327270719742
  },
  "miss_1ms": 1.0,
  "raw": [
    8.662688255310059,
    3.729088068008423,
    1.5497599840164185,
    1.148192048072815,
    1.3548799753189087,
    1.1048320531845093,
    2.0005760192871094,
    1.7494399547576904,
    1.5443840026855469,
    1.3166719675064087,
    1.3475840091705322,
    2.4157440662384033,
    8.308095932006836,
    11.018207550048828,
    6.984543800354004,
    2.6464641094207764,
    1.378656029701233,
    1.268671989440918,
    1.3762880563735962,
    1.4804799556732178,
    1.7185920476913452,
    1.419424057006836,
    1.6333760023117065,
    1.3954240083694458,
    1.2364799976348877,
    1.0335040092468262,
    1.569823980331421,
    2.3561599254608154,
    9.158720016479492,
    1.7292799949645996,
    19.865983963012695,
    3.16595196723938,
    1.3142080307006836,
    1.1871999502182007,
    1.4491519927978516,
    1.1891839504241943,
    1.4697920083999634,
    1.0634880065917969,
    2.4726080894470215,
    1.9303359985351562,
    1.7547199726104736,
    1.395616054534912,
    1.5748480558395386,
    1.2127360105514526,
    1.4529919624328613,
    1.271456003189087,
    5.967936038970947,
    2.472320079803467,
    8.18291187286377,
    3.5629758834838867,
    7.962143898010254,
    2.5012478828430176,
    1.7411199808120728,
    1.2432960271835327,
    1.4522240161895752,
    1.0076160430908203,
    1.3835200071334839,
    1.2314560413360596,
    1.5754239559173584,
    1.1359360218048096,
    1.464352011680603,
    1.0278079509735107,
    1.4285759925842285,
    1.1280640363693237,
    1.341312050819397,
    1.2144639492034912,
    5.917888164520264,
    3.7967679500579834,
    6.69923210144043,
    2.772736072540283,
    8.932000160217285,
    1.7162879705429077,
    1.5667200088500977,
    1.3573440313339233,
    1.5393600463867188,
    1.2055360078811646,
    1.4450880289077759,
    1.2212159633636475,
    1.3266880512237549,
    1.318176031112671,
    1.3684799671173096,
    1.1605119705200195,
    1.9691840410232544,
    2.09500789642334,
    1.703328013420105,
    2.3428800106048584,
    8.756768226623535,
    2.9949440956115723,
    8.375871658325195,
    2.9316160678863525,
    1.267807960510254,
    1.6576000452041626,
    1.624511957168579,
    1.5735039710998535,
    1.4382719993591309,
    1.3674880266189575,
    1.5578559637069702,
    1.2920000553131104,
    2.0033600330352783,
    1.5380159616470337
  ]
}