{
  "label": "s4n4g_resnet_nid003956_g1",
  "num_cells": 8,
  "graph_mode": 1,
  "mode": "GRAPH",
  "mean_ms": 0.4309523195028305,
  "per_cell_ms": 0.053869039937853816,
  "p95_ms": 0.43705278933048247,
  "p99_ms": 0.4382012751698494,
  "miss_1ms": 0.0,
  "raw": [
    0.42531201243400574,
    0.42630401253700256,
    0.4269759953022003,
    0.43401598930358887,
    0.43299201130867004,
    0.42716801166534424,
    0.4336000084877014,
    0.43484801054000854,
    0.43327999114990234,
    0.4344640076160431,
    0.4333760142326355,
    0.4330880045890808,
    0.4256959855556488,
    0.4341759979724884,
    0.42688000202178955,
    0.42499199509620667,
    0.4328640103340149,
    0.42662400007247925,
    0.4386560022830963,
    0.42735999822616577,
    0.4326399862766266,
    0.42668798565864563,
    0.43433600664138794,
    0.42691200971603394,
    0.436383992433548,
    0.43772798776626587,
    0.43587198853492737,
    0.4347519874572754,
    0.42550399899482727,
    0.4288319945335388,
    0.42847999930381775,
    0.4276160001754761,
    0.43459200859069824,
    0.42640000581741333,
    0.4336319863796234,
    0.42559999227523804,
    0.4276160001754761,
    0.4296959936618805,
    0.4344319999217987,
    0.43251198530197144,
    0.43052801489830017,
    0.4354879856109619,
    0.42585599422454834,
    0.4278720021247864,
    0.4333440065383911,
    0.43510401248931885,
    0.428384006023407,
    0.43459200859069824,
    0.4259519875049591,
    0.4375999867916107
  ]
}