{
  "label": "72b_baseline_final",
  "stats": {
    "name": "72b_baseline_final",
    "count": 100,
    "mean_ms": 2.3352467250823974,
    "std_ms": 2.9128525120808835,
    "p50_ms": 1.083024024963379,
    "p95_ms": 7.803121495246887,
    "p99_ms": 14.044754142761247,
    "min_ms": 0.8465920090675354,
    "max_ms": 17.227264404296875,
    "jitter": 1.247342510234376
  },
  "miss_1ms": 0.63,
  "raw": [
    14.01260757446289,
    3.400320053100586,
    5.164768218994141,
    0.9098880290985107,
    1.082368016242981,
    0.8575680255889893,
    1.140768051147461,
    0.8598080277442932,
    1.140064001083374,
    0.8523520231246948,
    1.0807360410690308,
    5.665760040283203,
    1.073632001876831,
    0.8600959777832031,
    1.1149760484695435,
    1.6463680267333984,
    1.1228480339050293,
    0.8940160274505615,
    7.6721601486206055,
    3.016576051712036,
    7.396736145019531,
    3.245824098587036,
    11.709471702575684,
    0.8660159707069397,
    1.1336640119552612,
    0.8944000005722046,
    1.0762879848480225,
    0.9070720076560974,
    1.1487040519714355,
    0.8716480135917664,
    1.0766719579696655,
    0.8500800132751465,
    1.1403520107269287,
    0.8501120209693909,
    1.1443840265274048,
    0.8481600284576416,
    1.075711965560913,
    0.895359992980957,
    3.8693439960479736,
    3.2775039672851562,
    7.886752128601074,
    6.139264106750488,
    7.748672008514404,
    0.9031360149383545,
    1.102239966392517,
    0.8597440123558044,
    1.1443840265274048,
    0.8988159894943237,
    1.1372159719467163,
    0.8761600255966187,
    1.0737919807434082,
    0.8595520257949829,
    1.139296054840088,
    0.9109439849853516,
    1.0836800336837769,
    0.8920639753341675,
    1.1094399690628052,
    0.8494719862937927,
    4.068831920623779,
    3.123584032058716,
    6.927072048187256,
    2.7151360511779785,
    8.191583633422852,
    0.9035199880599976,
    1.1263680458068848,
    0.8888000249862671,
    1.1318720579147339,
    0.9016320109367371,
    1.1431679725646973,
    0.8726720213890076,
    1.1387519836425781,
    0.8506559729576111,
    1.078495979309082,
    0.8500800132751465,
    1.137760043144226,
    0.8519359827041626,
    1.079967975616455,
    0.9094079732894897,
    4.037631988525391,
    7.798719882965088,
    6.802495956420898,
    3.226016044616699,
    17.227264404296875,
    0.8490560054779053,
    1.112831950187683,
    0.8618239760398865,
    1.1163840293884277,
    0.8488320112228394,
    1.0749119520187378,
    0.8621760010719299,
    1.099295973777771,
    0.8512960076332092,
    1.0739519596099854,
    0.8465920090675354,
    1.0753920078277588,
    0.8468480110168457,
    1.0762239694595337,
    3.7303359508514404,
    1.0856640338897705,
    1.6698240041732788
  ]
}