{
  "label": "s4n_gpt2_n3",
  "num_cells": 8,
  "graph_mode": 1,
  "mode": "GRAPH",
  "mean_ms": 0.4313215959072113,
  "per_cell_ms": 0.053915199488401414,
  "p95_ms": 0.43416480869054797,
  "p99_ms": 0.43462398648262024,
  "miss_1ms": 0.0,
  "raw": [
    0.4312640130519867,
    0.43276798725128174,
    0.43375998735427856,
    0.4244160056114197,
    0.4318400025367737,
    0.4328320026397705,
    0.4325439929962158,
    0.4318079948425293,
    0.4326399862766266,
    0.43251198530197144,
    0.4253759980201721,
    0.4286719858646393,
    0.43238401412963867,
    0.42473599314689636,
    0.4315199851989746,
    0.4320639967918396,
    0.43164798617362976,
    0.43244799971580505,
    0.43251198530197144,
    0.4318079948425293,
    0.43139201402664185,
    0.43296000361442566,
    0.43462398648262024,
    0.43462398648262024,
    0.4256640076637268,
    0.4334079921245575,
    0.4327999949455261,
    0.43219199776649475,
    0.43244799971580505,
    0.43244799971580505,
    0.431551992893219,
    0.4264639914035797,
    0.43276798725128174,
    0.4342080056667328,
    0.42451199889183044,
    0.434112012386322,
    0.43142399191856384,
    0.43276798725128174,
    0.43375998735427856,
    0.4249599874019623,
    0.43164798617362976,
    0.4331839978694916,
    0.4320319890975952,
    0.4253759980201721,
    0.43273600935935974,
    0.4322879910469055,
    0.4326080083847046,
    0.43267199397087097,
    0.4318400025367737,
    0.4330559968948364
  ]
}