{
  "label": "s4n_neuralrx_n0",
  "num_cells": 8,
  "graph_mode": 1,
  "mode": "GRAPH",
  "mean_ms": 0.43368703961372373,
  "per_cell_ms": 0.05421087995171547,
  "p95_ms": 0.4363872066140175,
  "p99_ms": 0.44192768424749374,
  "miss_1ms": 0.0,
  "raw": [
    0.432096004486084,
    0.4328640103340149,
    0.43353599309921265,
    0.4331200122833252,
    0.43190398812294006,
    0.43408000469207764,
    0.4366399943828583,
    0.4334079921245575,
    0.43350398540496826,
    0.43331199884414673,
    0.43382400274276733,
    0.4323520064353943,
    0.4325760006904602,
    0.43408000469207764,
    0.43276798725128174,
    0.4326399862766266,
    0.4322879910469055,
    0.43372800946235657,
    0.43299201130867004,
    0.43539199233055115,
    0.4322560131549835,
    0.43382400274276733,
    0.43267199397087097,
    0.43641600012779236,
    0.43219199776649475,
    0.43615999817848206,
    0.43462398648262024,
    0.43276798725128174,
    0.436352014541626,
    0.4331200122833252,
    0.4326080083847046,
    0.435808002948761,
    0.4329279959201813,
    0.44700801372528076,
    0.4334399998188019,
    0.43219199776649475,
    0.43296000361442566,
    0.4331200122833252,
    0.4331519901752472,
    0.43251198530197144,
    0.4328640103340149,
    0.43356800079345703,
    0.43401598930358887,
    0.4339520037174225,
    0.43215999007225037,
    0.4330880045890808,
    0.43302398920059204,
    0.4322560131549835,
    0.4329279959201813,
    0.43327999114990234
  ]
}