{
  "label": "q32b1n_baseline_nid001461_g2",
  "num_cells": 8,
  "graph_mode": 1,
  "mode": "GRAPH",
  "mean_ms": 0.5517824053764343,
  "per_cell_ms": 0.06897280067205429,
  "p95_ms": 0.5552448183298111,
  "p99_ms": 0.5617839825153351,
  "miss_1ms": 0.0,
  "raw": [
    0.5519999861717224,
    0.5543680191040039,
    0.5540800094604492,
    0.5527039766311646,
    0.5492799878120422,
    0.562175989151001,
    0.5546560287475586,
    0.5613759756088257,
    0.5526400208473206,
    0.5517119765281677,
    0.5524799823760986,
    0.5498560070991516,
    0.5494400262832642,
    0.5439040064811707,
    0.5475519895553589,
    0.5522559881210327,
    0.549888014793396,
    0.5534719824790955,
    0.5522559881210327,
    0.549888014793396,
    0.5508480072021484,
    0.5506560206413269,
    0.551904022693634,
    0.5517119765281677,
    0.5516480207443237,
    0.5449600219726562,
    0.5527679920196533,
    0.5522879958152771,
    0.5513280034065247,
    0.5526400208473206,
    0.5523840188980103,
    0.5528320074081421,
    0.5495039820671082,
    0.5511680245399475,
    0.5500159859657288,
    0.5551040172576904,
    0.5511680245399475,
    0.5521280169487,
    0.551360011100769,
    0.5516480207443237,
    0.5531200170516968,
    0.5462719798088074,
    0.5491520166397095,
    0.5463680028915405,
    0.5521600246429443,
    0.5523840188980103,
    0.5536640286445618,
    0.5550400018692017,
    0.5515519976615906,
    0.5553600192070007
  ]
}