{
  "label": "s1n_baseline",
  "num_cells": 8,
  "graph_mode": 1,
  "mode": "GRAPH",
  "mean_ms": 0.5507193589210511,
  "per_cell_ms": 0.06883991986513138,
  "p95_ms": 0.555103999376297,
  "p99_ms": 0.5608819216489792,
  "miss_1ms": 0.0,
  "raw": [
    0.5460159778594971,
    0.5531520247459412,
    0.550432026386261,
    0.5511360168457031,
    0.5496000051498413,
    0.552191972732544,
    0.545087993144989,
    0.5512319803237915,
    0.5512959957122803,
    0.545632004737854,
    0.5516480207443237,
    0.5505279898643494,
    0.5440319776535034,
    0.5514879822731018,
    0.5511999726295471,
    0.5440319776535034,
    0.5482239723205566,
    0.548192024230957,
    0.5533440113067627,
    0.5617600083351135,
    0.550815999507904,
    0.5439040064811707,
    0.5527679920196533,
    0.5454080104827881,
    0.550815999507904,
    0.5511999726295471,
    0.5526720285415649,
    0.545632004737854,
    0.55103999376297,
    0.5515519976615906,
    0.5599679946899414,
    0.552511990070343,
    0.5446400046348572,
    0.5544000267982483,
    0.5538880228996277,
    0.555679976940155,
    0.5516160130500793,
    0.5512959957122803,
    0.5509439706802368,
    0.5508800148963928,
    0.5543040037155151,
    0.55103999376297,
    0.5510720014572144,
    0.5520319938659668,
    0.5500800013542175,
    0.5515199899673462,
    0.5503680109977722,
    0.5504639744758606,
    0.5504000186920166,
    0.5528320074081421
  ]
}