{
  "label": "s4n4g_baseline_nid003953_g3",
  "num_cells": 8,
  "graph_mode": 1,
  "mode": "GRAPH",
  "mean_ms": 0.4340665602684021,
  "per_cell_ms": 0.054258320033550266,
  "p95_ms": 0.43745920062065125,
  "p99_ms": 0.4383555236458778,
  "miss_1ms": 0.0,
  "raw": [
    0.43404799699783325,
    0.43590399622917175,
    0.4381760060787201,
    0.43590399622917175,
    0.43510401248931885,
    0.4359680116176605,
    0.43641600012779236,
    0.4352959990501404,
    0.4349119961261749,
    0.43481600284576416,
    0.4330880045890808,
    0.4330880045890808,
    0.4355520009994507,
    0.43404799699783325,
    0.4334079921245575,
    0.4325439929962158,
    0.4323520064353943,
    0.43276798725128174,
    0.43379199504852295,
    0.43139201402664185,
    0.43244799971580505,
    0.43324801325798035,
    0.4331519901752472,
    0.4327999949455261,
    0.4334079921245575,
    0.43507200479507446,
    0.43375998735427856,
    0.4328959882259369,
    0.4312959909439087,
    0.434143990278244,
    0.43222400546073914,
    0.4322560131549835,
    0.4338560104370117,
    0.4368639886379242,
    0.43484801054000854,
    0.43238401412963867,
    0.4349760115146637,
    0.4333440065383911,
    0.434143990278244,
    0.43167999386787415,
    0.4333760142326355,
    0.4334079921245575,
    0.43350398540496826,
    0.43139201402664185,
    0.4379200041294098,
    0.4360640048980713,
    0.4365440011024475,
    0.4283199906349182,
    0.4368959963321686,
    0.43852800130844116
  ]
}