{
  "label": "mig72_4n_base_nid008633_g0",
  "num_cells": 8,
  "graph_mode": 1,
  "mode": "GRAPH",
  "mean_ms": 0.4678425604104996,
  "per_cell_ms": 0.05848032005131245,
  "p95_ms": 0.47176160365343095,
  "p99_ms": 0.47425632119178773,
  "miss_1ms": 0.0,
  "raw": [
    0.4670400023460388,
    0.46911999583244324,
    0.4710400104522705,
    0.4675520062446594,
    0.4681600034236908,
    0.46934399008750916,
    0.46886399388313293,
    0.46854400634765625,
    0.46745601296424866,
    0.46905601024627686,
    0.4726080000400543,
    0.4665600061416626,
    0.46751999855041504,
    0.4684480130672455,
    0.46835198998451233,
    0.4673599898815155,
    0.4678399860858917,
    0.4692479968070984,
    0.46806401014328003,
    0.4686720073223114,
    0.466592013835907,
    0.4695039987564087,
    0.4696959853172302,
    0.46614399552345276,
    0.4670400023460388,
    0.4687039852142334,
    0.469184011220932,
    0.4668799936771393,
    0.4654400050640106,
    0.46614399552345276,
    0.4758400022983551,
    0.472351998090744,
    0.468095988035202,
    0.4659520089626312,
    0.46963199973106384,
    0.46672001481056213,
    0.46716800332069397,
    0.4676800072193146,
    0.46723198890686035,
    0.4640960097312927,
    0.46534401178359985,
    0.4667840003967285,
    0.4671039879322052,
    0.4651840031147003,
    0.4650239944458008,
    0.4671359956264496,
    0.46668800711631775,
    0.46492800116539,
    0.4657599925994873,
    0.46723198890686035
  ]
}