{
  "label": "mig72_4n_qwen_nid008632_g2",
  "num_cells": 8,
  "graph_mode": 1,
  "mode": "GRAPH",
  "mean_ms": 0.5216204792261123,
  "per_cell_ms": 0.06520255990326404,
  "p95_ms": 0.5525711894035339,
  "p99_ms": 0.6037315362691879,
  "miss_1ms": 0.0,
  "raw": [
    0.5260480046272278,
    0.5159680247306824,
    0.5270079970359802,
    0.5018560290336609,
    0.5386239886283875,
    0.5281599760055542,
    0.5289599895477295,
    0.4986239969730377,
    0.5123199820518494,
    0.5025280117988586,
    0.49798399209976196,
    0.5227839946746826,
    0.5212159752845764,
    0.5166400074958801,
    0.5240960121154785,
    0.5260480046272278,
    0.5369600057601929,
    0.6180160045623779,
    0.5351999998092651,
    0.5419520139694214,
    0.529312014579773,
    0.5587199926376343,
    0.543071985244751,
    0.5164480209350586,
    0.5062400102615356,
    0.5187519788742065,
    0.5888640284538269,
    0.5080320239067078,
    0.500544011592865,
    0.5204480290412903,
    0.5262399911880493,
    0.5048959851264954,
    0.5021759867668152,
    0.5067840218544006,
    0.4960319995880127,
    0.5156159996986389,
    0.5259199738502502,
    0.4930559992790222,
    0.514303982257843,
    0.5061439871788025,
    0.5130879878997803,
    0.5189440250396729,
    0.5450559854507446,
    0.5189759731292725,
    0.5209599733352661,
    0.5045440196990967,
    0.5061439871788025,
    0.5017600059509277,
    0.5192319750785828,
    0.5297279953956604
  ]
}