{
  "label": "thresh_baseline",
  "stats": {
    "name": "thresh_baseline",
    "count": 100,
    "mean_ms": 2.0669248020648956,
    "std_ms": 2.622207605099116,
    "p50_ms": 1.0614240169525146,
    "p95_ms": 7.975332808494567,
    "p99_ms": 12.646806802749639,
    "min_ms": 0.8333439826965332,
    "max_ms": 13.770527839660645,
    "jitter": 1.268651671545807
  },
  "miss_1ms": 0.6,
  "raw": [
    1.060960054397583,
    0.841920018196106,
    1.0882240533828735,
    0.8464319705963135,
    1.0575679540634155,
    0.8389120101928711,
    1.0627520084381104,
    0.8861119747161865,
    7.5641279220581055,
    1.685215950012207,
    7.727519989013672,
    2.9863359928131104,
    1.1240960359573364,
    0.8455680012702942,
    1.1187200546264648,
    0.891871988773346,
    1.0707199573516846,
    0.8376960158348083,
    1.0643839836120605,
    0.8586239814758301,
    1.062559962272644,
    0.8815680146217346,
    1.1286720037460327,
    0.8828160166740417,
    1.0855040550231934,
    0.8378880023956299,
    1.0618879795074463,
    0.8379520177841187,
    1.10806405544281,
    2.8575360774993896,
    5.759039878845215,
    3.2594239711761475,
    10.919136047363281,
    0.8816959857940674,
    1.1049280166625977,
    0.8808959722518921,
    1.1272319555282593,
    0.8655040264129639,
    1.09443199634552,
    0.8457279801368713,
    1.0699199438095093,
    0.8615360260009766,
    1.058176040649414,
    0.8409600257873535,
    1.0999360084533691,
    0.8384960293769836,
    1.0585600137710571,
    0.839680016040802,
    1.0586559772491455,
    0.845088005065918,
    7.885663986206055,
    2.7966079711914062,
    7.241631984710693,
    3.057408094406128,
    1.0985280275344849,
    0.846176028251648,
    1.1329920291900635,
    0.8377280235290527,
    1.0561599731445312,
    0.8411200046539307,
    1.0987839698791504,
    0.8732799887657166,
    1.1089600324630737,
    0.8666239976882935,
    1.0731199979782104,
    0.8486719727516174,
    1.0691519975662231,
    0.839136004447937,
    1.0641920566558838,
    0.8437119722366333,
    12.635456085205078,
    2.696063995361328,
    8.070879936218262,
    2.9595839977264404,
    4.596672058105469,
    0.837440013885498,
    1.1162879467010498,
    0.8840000033378601,
    1.0580159425735474,
    0.8415359854698181,
    1.0652159452438354,
    0.8333439826965332,
    1.0599679946899414,
    0.840287983417511,
    1.0655360221862793,
    0.8387839794158936,
    1.067039966583252,
    0.8459839820861816,
    1.057695984840393,
    0.8409919738769531,
    3.204832077026367,
    8.593536376953125,
    7.970304012298584,
    3.20796799659729,
    13.770527839660645,
    0.8933119773864746,
    1.0701119899749756,
    0.8487679958343506,
    1.059872031211853,
    0.8715839982032776
  ]
}