{
  "label": "72b_qwen72b_b1_s2048",
  "stats": {
    "name": "72b_qwen72b_b1_s2048",
    "count": 100,
    "mean_ms": 3.199613769650459,
    "std_ms": 5.275095150336844,
    "p50_ms": 1.5972480177879333,
    "p95_ms": 12.357145166397094,
    "p99_ms": 22.30849943161021,
    "min_ms": 0.9974719882011414,
    "max_ms": 41.82524871826172,
    "jitter": 1.648666223521447
  },
  "miss_1ms": 0.99,
  "raw": [
    2.7387518882751465,
    1.590880036354065,
    1.3940479755401611,
    1.6681599617004395,
    1.7811199426651,
    1.0325759649276733,
    1.5705280303955078,
    4.538527965545654,
    9.252320289611816,
    1.1937919855117798,
    4.296095848083496,
    1.9340159893035889,
    1.4681600332260132,
    1.1687040328979492,
    1.9143040180206299,
    2.7195839881896973,
    2.130239963531494,
    1.3700159788131714,
    1.3941760063171387,
    1.637279987335205,
    1.4843839406967163,
    1.2519680261611938,
    1.5032320022583008,
    1.3222719430923462,
    2.3381760120391846,
    2.7736001014709473,
    2.1532480716705322,
    1.4629759788513184,
    1.624959945678711,
    1.6818879842758179,
    1.7649919986724854,
    1.321344017982483,
    5.056608200073242,
    1.6036159992218018,
    1.6123839616775513,
    3.301664113998413,
    2.325439929962158,
    1.4457919597625732,
    1.3078399896621704,
    41.82524871826172,
    1.8635200262069702,
    1.508512020111084,
    2.556960105895996,
    19.92678451538086,
    2.8462719917297363,
    1.4732799530029297,
    1.5388799905776978,
    1.1203839778900146,
    1.3424639701843262,
    1.193984031677246,
    4.381792068481445,
    1.1543359756469727,
    2.04585599899292,
    0.9974719882011414,
    1.5677759647369385,
    1.0511679649353027,
    11.021087646484375,
    1.1535359621047974,
    12.350943565368652,
    1.5097919702529907,
    1.7778559923171997,
    1.9582079648971558,
    1.3793920278549194,
    1.0914560556411743,
    2.041440010070801,
    1.0689599514007568,
    22.111360549926758,
    2.6793599128723145,
    2.1694400310516357,
    1.2299840450286865,
    1.5873600244522095,
    1.2930560111999512,
    1.9755200147628784,
    1.8796160221099854,
    3.9907519817352295,
    1.1020159721374512,
    1.454751968383789,
    1.137120008468628,
    2.1220479011535645,
    1.1938879489898682,
    1.5409599542617798,
    1.1525440216064453,
    5.108607769012451,
    14.90982437133789,
    12.4749755859375,
    1.1613759994506836,
    3.0797441005706787,
    1.1144640445709229,
    1.6737279891967773,
    5.043744087219238,
    1.398848056793213,
    1.51254403591156,
    1.4844160079956055,
    1.2357120513916016,
    1.3832319974899292,
    1.0803519487380981,
    1.624608039855957,
    2.1403520107269287,
    5.861248016357422,
    1.176800012588501
  ]
}