{
  "label": "s1n_resnet",
  "num_cells": 8,
  "graph_mode": 1,
  "mode": "GRAPH",
  "mean_ms": 2.1959072065353396,
  "per_cell_ms": 0.27448840081691744,
  "p95_ms": 4.343412804603576,
  "p99_ms": 4.756954092979431,
  "miss_1ms": 0.92,
  "raw": [
    1.3824959993362427,
    0.940447986125946,
    1.3931519985198975,
    1.3065279722213745,
    1.309823989868164,
    2.7180159091949463,
    2.752415895462036,
    3.5176639556884766,
    4.553120136260986,
    2.6784958839416504,
    1.9064639806747437,
    2.3671040534973145,
    1.576032042503357,
    1.5016640424728394,
    1.1910079717636108,
    1.2289600372314453,
    1.7677439451217651,
    2.9869120121002197,
    4.807616233825684,
    4.087103843688965,
    2.6020801067352295,
    1.4670720100402832,
    2.592479944229126,
    1.630687952041626,
    1.1892160177230835,
    1.2728639841079712,
    0.986240029335022,
    2.811583995819092,
    2.7600960731506348,
    4.074048042297363,
    2.2393600940704346,
    2.1918718814849854,
    2.2341439723968506,
    1.3636159896850586,
    1.374176025390625,
    1.53056001663208,
    1.1470400094985962,
    4.704224109649658,
    3.808799982070923,
    3.4214720726013184,
    2.5663681030273438,
    2.0105600357055664,
    1.9862079620361328,
    0.9454079866409302,
    1.3863999843597412,
    1.220639944076538,
    1.73689603805542,
    0.9997439980506897,
    2.8150720596313477,
    2.753664016723633
  ]
}