{
  "label": "8cell_diff_hbm",
  "num_cells": 8,
  "hbm_used_pct": 20.0,
  "stats": {
    "name": "8cell_diff_hbm",
    "count": 100,
    "mean_ms": 8.27799681842327,
    "std_ms": 2.527852701053429,
    "p50_ms": 6.866127997636795,
    "p95_ms": 12.844476795196533,
    "p99_ms": 17.92708940267563,
    "min_ms": 6.524896025657654,
    "max_ms": 18.305760324001312,
    "jitter": 0.3053700981652364
  },
  "miss_1ms": 1.0,
  "raw": [
    17.92326444387436,
    6.855391979217529,
    8.299519956111908,
    6.875072002410889,
    6.764096021652222,
    9.099263966083527,
    10.269279956817627,
    11.22736006975174,
    6.76883202791214,
    6.915647983551025,
    18.305760324001312,
    6.7661439180374146,
    6.675168037414551,
    8.48665601015091,
    7.20304012298584,
    9.306080043315887,
    6.808000028133392,
    6.641792058944702,
    8.805376052856445,
    6.9938560128211975,
    6.760863959789276,
    7.007936060428619,
    6.734368026256561,
    12.993984043598175,
    6.797056019306183,
    8.997951865196228,
    6.7565760016441345,
    6.658528029918671,
    7.403295993804932,
    7.040383994579315,
    6.719775974750519,
    10.729727923870087,
    6.754016041755676,
    8.790752112865448,
    6.6994240283966064,
    6.675008058547974,
    6.591360092163086,
    7.587935924530029,
    6.74864000082016,
    11.404000163078308,
    7.009119987487793,
    8.331391990184784,
    6.874911963939667,
    7.02512001991272,
    8.978368163108826,
    6.609567940235138,
    6.789952039718628,
    11.236319899559021,
    6.862591981887817,
    8.104959905147552,
    6.859135985374451,
    6.869664013385773,
    9.520672023296356,
    6.803135991096497,
    6.692672073841095,
    11.051167964935303,
    6.665087938308716,
    6.725535988807678,
    6.796927988529205,
    6.7554240226745605,
    8.693632125854492,
    6.801631927490234,
    12.836607992649078,
    8.600639879703522,
    6.715775966644287,
    6.738432049751282,
    6.838495969772339,
    6.739263951778412,
    9.417887926101685,
    6.824000000953674,
    17.888352155685425,
    7.243488013744354,
    6.624800026416779,
    11.022304117679596,
    6.778463900089264,
    6.75465601682663,
    9.02345609664917,
    6.660160005092621,
    12.494208216667175,
    6.722688019275665,
    6.524896025657654,
    10.677151918411255,
    6.778048038482666,
    7.564799964427948,
    9.417408049106598,
    6.824575960636139,
    11.344672203063965,
    6.855552017688751,
    9.111743867397308,
    6.64163202047348,
    6.719296097755432,
    10.65660810470581,
    6.8056639432907104,
    11.155903816223145,
    6.768927991390228,
    15.465984106063843,
    6.745119988918304,
    11.64790403842926,
    6.6732800006866455,
    6.598656117916107
  ]
}