{
  "label": "s2n4g_neuralrx_nid002689_g3",
  "num_cells": 8,
  "graph_mode": 1,
  "mode": "GRAPH",
  "mean_ms": 0.4338598418235779,
  "per_cell_ms": 0.05423248022794724,
  "p95_ms": 0.435676808655262,
  "p99_ms": 0.4409318372607231,
  "miss_1ms": 0.0,
  "raw": [
    0.43404799699783325,
    0.43401598930358887,
    0.43379199504852295,
    0.43356800079345703,
    0.432096004486084,
    0.434112012386322,
    0.4411199986934662,
    0.43459200859069824,
    0.4349119961261749,
    0.4349760115146637,
    0.434143990278244,
    0.43248000741004944,
    0.4326080083847046,
    0.43379199504852295,
    0.43398401141166687,
    0.4318079948425293,
    0.435232013463974,
    0.4331839978694916,
    0.43347200751304626,
    0.4333440065383911,
    0.44073599576950073,
    0.4339520037174225,
    0.43324801325798035,
    0.43593600392341614,
    0.431551992893219,
    0.43382400274276733,
    0.43382400274276733,
    0.4328320026397705,
    0.4320639967918396,
    0.43398401141166687,
    0.4331519901752472,
    0.43251198530197144,
    0.4323520064353943,
    0.4336000084877014,
    0.43513599038124084,
    0.43484801054000854,
    0.4333760142326355,
    0.4352959990501404,
    0.4336960017681122,
    0.43164798617362976,
    0.43481600284576416,
    0.43324801325798035,
    0.43536001443862915,
    0.4326399862766266,
    0.43187201023101807,
    0.43372800946235657,
    0.43408000469207764,
    0.4331519901752472,
    0.43219199776649475,
    0.4330559968948364
  ]
}