{
  "label": "sm14_1cell",
  "sm_pct": 14,
  "stats": {
    "name": "sm14_1cell",
    "count": 100,
    "mean_ms": 2.2893014293909073,
    "std_ms": 2.8985688784575596,
    "p50_ms": 1.0811200141906738,
    "p95_ms": 8.201971054077147,
    "p99_ms": 15.22099200248719,
    "min_ms": 0.8468160033226013,
    "max_ms": 16.728960037231445,
    "jitter": 1.266136840367393
  },
  "miss_1ms": 0.63,
  "raw": [
    1.1040639877319336,
    0.9113280177116394,
    1.1356159448623657,
    0.9124159812927246,
    1.0797760486602783,
    0.8650239706039429,
    1.1242239475250244,
    0.8551679849624634,
    1.0846079587936401,
    0.8483840227127075,
    1.080415964126587,
    0.8617280125617981,
    1.0900479555130005,
    0.8628799915313721,
    3.8625600337982178,
    2.8310720920562744,
    6.49721622467041,
    2.706847906112671,
    9.29248046875,
    0.8608959913253784,
    1.14028799533844,
    0.9188479781150818,
    2.3755838871002197,
    0.8651520013809204,
    1.0991679430007935,
    0.8535040020942688,
    1.0751680135726929,
    0.8556479811668396,
    1.0803519487380981,
    0.8594560027122498,
    1.0858880281448364,
    0.8484799861907959,
    1.1402239799499512,
    0.8503999710083008,
    1.1131839752197266,
    1.747040033340454,
    8.151007652282715,
    4.2350077629089355,
    6.085599899291992,
    3.222464084625244,
    1.0836800336837769,
    0.8506240248680115,
    1.080672025680542,
    0.8482879996299744,
    1.1410880088806152,
    0.8468160033226013,
    1.07750403881073,
    0.8526399731636047,
    1.075551986694336,
    0.8532480001449585,
    1.0868799686431885,
    1.751263976097107,
    15.20576000213623,
    1.4567999839782715,
    7.918560028076172,
    8.927071571350098,
    1.0864319801330566,
    0.863968014717102,
    1.0766079425811768,
    0.8644160032272339,
    1.097856044769287,
    0.8496000170707703,
    1.0803840160369873,
    0.9009919762611389,
    1.1263359785079956,
    0.9009919762611389,
    3.447551965713501,
    0.8926399946212769,
    1.147968053817749,
    0.8503040075302124,
    1.0766719579696655,
    0.8830400109291077,
    3.9417920112609863,
    3.1600639820098877,
    16.728960037231445,
    3.3054399490356445,
    7.212096214294434,
    0.9128320217132568,
    1.0784000158309937,
    0.856607973575592,
    1.0815680027008057,
    0.8504959940910339,
    1.1259839534759521,
    0.8619840145111084,
    1.0975680351257324,
    0.8665279746055603,
    1.078495979309082,
    0.8733440041542053,
    1.11135995388031,
    0.8478720188140869,
    1.075808048248291,
    0.8604480028152466,
    4.1815361976623535,
    3.2711679935455322,
    10.003775596618652,
    3.1457600593566895,
    8.16380786895752,
    5.571263790130615,
    1.1357120275497437,
    0.8580480217933655
  ]
}