{
  "label": "sm50_1cell",
  "sm_pct": 50,
  "stats": {
    "name": "sm50_1cell",
    "count": 100,
    "mean_ms": 2.0579145616292953,
    "std_ms": 2.5176635847184308,
    "p50_ms": 1.0712800025939941,
    "p95_ms": 7.901328063011169,
    "p99_ms": 8.309620571136518,
    "min_ms": 0.8404160141944885,
    "max_ms": 16.763872146606445,
    "jitter": 1.2234053014937327
  },
  "miss_1ms": 0.62,
  "raw": [
    1.0709760189056396,
    0.8467839956283569,
    1.0715839862823486,
    0.9085760116577148,
    1.0728319883346558,
    0.8840320110321045,
    4.015488147735596,
    2.768671989440918,
    7.81171178817749,
    2.0681920051574707,
    7.578048229217529,
    0.8543679714202881,
    1.0762879848480225,
    0.8995519876480103,
    1.1422719955444336,
    0.898464024066925,
    1.0707839727401733,
    0.8432319760322571,
    1.1368639469146729,
    0.8952640295028687,
    1.0665279626846313,
    0.8431680202484131,
    1.0769280195236206,
    0.8471999764442444,
    1.0747840404510498,
    0.8414080142974854,
    1.0766079425811768,
    1.5548800230026245,
    16.763872146606445,
    3.06441593170166,
    8.224224090576172,
    5.166240215301514,
    1.118016004562378,
    0.8416000008583069,
    1.1344319581985474,
    0.8946560025215149,
    1.1447999477386475,
    0.8607680201530457,
    1.1148799657821655,
    0.8418880105018616,
    1.0709760189056396,
    0.8954560160636902,
    1.0855679512023926,
    0.8428800106048584,
    1.0699199438095093,
    0.8439040184020996,
    1.0731199979782104,
    0.8405439853668213,
    3.1511359214782715,
    3.1907200813293457,
    7.937503814697266,
    3.033888101577759,
    7.899424076080322,
    0.8464639782905579,
    1.2778879404067993,
    0.9006080031394958,
    1.0750080347061157,
    0.8622720241546631,
    1.0680639743804932,
    0.890496015548706,
    1.102112054824829,
    0.8407999873161316,
    1.143615961074829,
    0.9308800101280212,
    1.0657600164413452,
    0.8462399840354919,
    1.0668480396270752,
    0.8404160141944885,
    1.141983985900879,
    1.9566080570220947,
    7.886623859405518,
    2.966495990753174,
    7.070367813110352,
    3.1740479469299316,
    1.1125439405441284,
    0.899616003036499,
    1.081055998802185,
    0.8437119722366333,
    1.0670720338821411,
    0.8912960290908813,
    1.0718719959259033,
    0.8503360152244568,
    1.067199945449829,
    0.8440639972686768,
    1.0678080320358276,
    0.8910080194473267,
    1.090880036354065,
    0.85452800989151,
    1.0670720338821411,
    0.8440319895744324,
    4.377280235290527,
    3.2164158821105957,
    8.128928184509277,
    1.3847039937973022,
    7.974815845489502,
    0.8535040020942688,
    1.1156799793243408,
    0.877344012260437,
    1.1203839778900146,
    0.8443840146064758
  ]
}