{
  "label": "mig32_4n_qwen_nid001540_g3",
  "num_cells": 8,
  "graph_mode": 1,
  "mode": "GRAPH",
  "mean_ms": 0.4690291202068329,
  "per_cell_ms": 0.05862864002585411,
  "p95_ms": 0.47558720111846925,
  "p99_ms": 0.4772076925635338,
  "miss_1ms": 0.0,
  "raw": [
    0.4750719964504242,
    0.46726399660110474,
    0.4710719883441925,
    0.4670400023460388,
    0.4658240079879761,
    0.47600001096725464,
    0.4707840085029602,
    0.4661119878292084,
    0.46726399660110474,
    0.4755519926548004,
    0.46639999747276306,
    0.4658240079879761,
    0.4674240052700043,
    0.4676800072193146,
    0.46665599942207336,
    0.4663360118865967,
    0.47836801409721375,
    0.46697598695755005,
    0.4731200039386749,
    0.4657599925994873,
    0.4732159972190857,
    0.4676479995250702,
    0.47391998767852783,
    0.4651840031147003,
    0.46691200137138367,
    0.4668799936771393,
    0.47011199593544006,
    0.46585598587989807,
    0.4659839868545532,
    0.46860799193382263,
    0.47068798542022705,
    0.46694400906562805,
    0.4676479995250702,
    0.46723198890686035,
    0.4665600061416626,
    0.46556800603866577,
    0.46566399931907654,
    0.4756160080432892,
    0.466623991727829,
    0.46531200408935547,
    0.47337600588798523,
    0.4675840139389038,
    0.46828800439834595,
    0.46560001373291016,
    0.4649919867515564,
    0.4736959934234619,
    0.47539201378822327,
    0.4679040014743805,
    0.4721600115299225,
    0.4737600088119507
  ]
}