{
  "label": "8cell_same_gpt2",
  "num_cells": 8,
  "hbm_used_pct": 20.0,
  "stats": {
    "name": "8cell_same_gpt2",
    "count": 100,
    "mean_ms": 8.058194861412048,
    "std_ms": 2.7221978026173264,
    "p50_ms": 6.765216022729874,
    "p95_ms": 13.330721712112425,
    "p99_ms": 17.25130752325061,
    "min_ms": 6.429888069629669,
    "max_ms": 23.265343487262726,
    "jitter": 0.3378173213026909
  },
  "miss_1ms": 1.0,
  "raw": [
    6.6256319880485535,
    11.051999807357788,
    6.607743978500366,
    9.594208002090454,
    6.730815947055817,
    6.773983955383301,
    6.802432000637054,
    6.6886080503463745,
    9.150687873363495,
    6.559519946575165,
    6.7821438908576965,
    12.685119926929474,
    7.107551991939545,
    6.686464011669159,
    6.872639954090118,
    6.76966404914856,
    9.283999979496002,
    6.572320103645325,
    6.527391970157623,
    9.612768054008484,
    6.628704071044922,
    8.212959885597229,
    7.470687925815582,
    6.83459198474884,
    6.760767996311188,
    6.7322880029678345,
    8.989504039287567,
    8.881631910800934,
    6.617696046829224,
    6.607968032360077,
    6.563104093074799,
    6.72297602891922,
    6.852991998195648,
    13.281376123428345,
    6.858464062213898,
    6.525343954563141,
    8.92137587070465,
    6.856768012046814,
    6.723392069339752,
    7.1553279757499695,
    7.096992075443268,
    10.061504125595093,
    6.868672013282776,
    11.148032069206238,
    6.507136046886444,
    6.521887898445129,
    6.587999880313873,
    7.60179203748703,
    6.606239914894104,
    11.087807893753052,
    6.675167918205261,
    11.082271754741669,
    6.643168032169342,
    6.487008035182953,
    6.429888069629669,
    6.648000061511993,
    6.706112027168274,
    16.051712036132812,
    6.697471916675568,
    8.889824211597443,
    6.654623985290527,
    6.637503981590271,
    8.958368003368378,
    6.653535962104797,
    6.6474878787994385,
    10.281599879264832,
    6.652479946613312,
    6.6416319608688354,
    6.858303964138031,
    6.612480103969574,
    10.402399778366089,
    7.231840074062347,
    7.324863910675049,
    15.884511947631836,
    6.69756805896759,
    6.583199977874756,
    6.776703894138336,
    6.625664055347443,
    17.190559685230255,
    6.577599942684174,
    8.365823984146118,
    9.762880086898804,
    7.066592037677765,
    6.8053759932518005,
    6.64409601688385,
    6.593504011631012,
    11.097344040870667,
    6.718688011169434,
    23.265343487262726,
    6.50220799446106,
    6.47462397813797,
    9.65449607372284,
    6.704735994338989,
    10.86377602815628,
    6.678336024284363,
    14.268287897109985,
    6.727199971675873,
    6.604896008968353,
    6.473055958747864,
    6.572991967201233
  ]
}