{
  "label": "s4n_resnet_n1",
  "num_cells": 8,
  "graph_mode": 1,
  "mode": "GRAPH",
  "mean_ms": 0.43451200127601625,
  "per_cell_ms": 0.05431400015950203,
  "p95_ms": 0.43641600012779236,
  "p99_ms": 0.4460902392864227,
  "miss_1ms": 0.0,
  "raw": [
    0.43212801218032837,
    0.43641600012779236,
    0.4343680143356323,
    0.4345279932022095,
    0.4327999949455261,
    0.435232013463974,
    0.4330559968948364,
    0.43324801325798035,
    0.43379199504852295,
    0.4344319999217987,
    0.43382400274276733,
    0.43273600935935974,
    0.43251198530197144,
    0.4360960125923157,
    0.43510401248931885,
    0.4330559968948364,
    0.4333440065383911,
    0.4342080056667328,
    0.43375998735427856,
    0.43321600556373596,
    0.43641600012779236,
    0.4343680143356323,
    0.4455679953098297,
    0.4323199987411499,
    0.43324801325798035,
    0.43536001443862915,
    0.4465920031070709,
    0.43375998735427856,
    0.4336000084877014,
    0.4344959855079651,
    0.4342080056667328,
    0.4336639940738678,
    0.4323199987411499,
    0.43273600935935974,
    0.4344959855079651,
    0.43375998735427856,
    0.4333760142326355,
    0.43510401248931885,
    0.43462398648262024,
    0.43401598930358887,
    0.4336960017681122,
    0.4346559941768646,
    0.43379199504852295,
    0.43299201130867004,
    0.43487998843193054,
    0.43536001443862915,
    0.4349119961261749,
    0.43299201130867004,
    0.4354879856109619,
    0.4349440038204193
  ]
}