{
  "label": "mig72_4n_qwen_nid008636_g0",
  "num_cells": 8,
  "graph_mode": 1,
  "mode": "GRAPH",
  "mean_ms": 0.504751358628273,
  "per_cell_ms": 0.06309391982853413,
  "p95_ms": 0.5222672164440155,
  "p99_ms": 0.5328182476758957,
  "miss_1ms": 0.0,
  "raw": [
    0.5221440196037292,
    0.5294399857521057,
    0.5131199955940247,
    0.5082880258560181,
    0.504863977432251,
    0.5035840272903442,
    0.49344000220298767,
    0.5223680138587952,
    0.49775999784469604,
    0.48607999086380005,
    0.4970879852771759,
    0.5090240240097046,
    0.49142399430274963,
    0.5145919919013977,
    0.5063679814338684,
    0.496832013130188,
    0.4967679977416992,
    0.4944320023059845,
    0.5093759894371033,
    0.49478399753570557,
    0.5090879797935486,
    0.5109440088272095,
    0.503711998462677,
    0.48873600363731384,
    0.49462398886680603,
    0.5001919865608215,
    0.507423996925354,
    0.5043519735336304,
    0.5076159834861755,
    0.5027520060539246,
    0.5120639801025391,
    0.5094079971313477,
    0.5023679733276367,
    0.501471996307373,
    0.5145599842071533,
    0.5041919946670532,
    0.5042880177497864,
    0.5071039795875549,
    0.5070400238037109,
    0.5081279873847961,
    0.49980801343917847,
    0.5360640287399292,
    0.5099520087242126,
    0.49801599979400635,
    0.5106559991836548,
    0.49212801456451416,
    0.4959999918937683,
    0.5028799772262573,
    0.5018560290336609,
    0.4983679950237274
  ]
}