{
  "label": "mig32_1n_base_nid001533_g3",
  "num_cells": 8,
  "graph_mode": 1,
  "mode": "GRAPH",
  "mean_ms": 0.5927475225925446,
  "per_cell_ms": 0.07409344032406807,
  "p95_ms": 0.5954992085695267,
  "p99_ms": 0.5995110523700714,
  "miss_1ms": 0.0,
  "raw": [
    0.5924479961395264,
    0.5957440137863159,
    0.5946239829063416,
    0.5922880172729492,
    0.5922880172729492,
    0.5952000021934509,
    0.5943040251731873,
    0.5946239829063416,
    0.592736005783081,
    0.5947840213775635,
    0.5967040061950684,
    0.5950080156326294,
    0.594048023223877,
    0.5926719903945923,
    0.5905600190162659,
    0.5943040251731873,
    0.58815997838974,
    0.5898560285568237,
    0.5913919806480408,
    0.590399980545044,
    0.5942720174789429,
    0.5919359922409058,
    0.6022080183029175,
    0.5916799902915955,
    0.5894399881362915,
    0.5941439867019653,
    0.5928959846496582,
    0.590175986289978,
    0.5897279977798462,
    0.5920000076293945,
    0.5941439867019653,
    0.592736005783081,
    0.5909439921379089,
    0.5914559960365295,
    0.5935680270195007,
    0.5925120115280151,
    0.5898879766464233,
    0.5918400287628174,
    0.5930879712104797,
    0.5932480096817017,
    0.590719997882843,
    0.5908480286598206,
    0.5932480096817017,
    0.5939520001411438,
    0.5904319882392883,
    0.5919679999351501,
    0.5950400233268738,
    0.5920640230178833,
    0.5924479961395264,
    0.5926079750061035
  ]
}