{
  "label": "q32b4n_baseline_nid001761_g1",
  "num_cells": 8,
  "graph_mode": 1,
  "mode": "GRAPH",
  "mean_ms": 0.43471487998962405,
  "per_cell_ms": 0.054339359998703006,
  "p95_ms": 0.4377839997410774,
  "p99_ms": 0.4418918517231941,
  "miss_1ms": 0.0,
  "raw": [
    0.43699198961257935,
    0.4355520009994507,
    0.43641600012779236,
    0.4347519874572754,
    0.43481600284576416,
    0.4368000030517578,
    0.43116798996925354,
    0.43532800674438477,
    0.43584001064300537,
    0.4355520009994507,
    0.43612799048423767,
    0.4345279932022095,
    0.4344319999217987,
    0.4357759952545166,
    0.434112012386322,
    0.4341759979724884,
    0.434688001871109,
    0.4357759952545166,
    0.42633599042892456,
    0.43193599581718445,
    0.4384320080280304,
    0.435263991355896,
    0.4336639940738678,
    0.43379199504852295,
    0.43248000741004944,
    0.4363200068473816,
    0.4354879856109619,
    0.43251198530197144,
    0.43379199504852295,
    0.4362559914588928,
    0.440064013004303,
    0.4342080056667328,
    0.4317440092563629,
    0.4339520037174225,
    0.4345279932022095,
    0.43564799427986145,
    0.43331199884414673,
    0.43356800079345703,
    0.4338560104370117,
    0.44364801049232483,
    0.43536001443862915,
    0.4360960125923157,
    0.4343999922275543,
    0.436352014541626,
    0.43187201023101807,
    0.43350398540496826,
    0.434112012386322,
    0.43350398540496826,
    0.43299201130867004,
    0.4339199960231781
  ]
}