{
  "label": "s1n4g_resnet_nid001285_g0",
  "num_cells": 8,
  "graph_mode": 1,
  "mode": "GRAPH",
  "mean_ms": 2.1978822493553163,
  "per_cell_ms": 0.27473528116941454,
  "p95_ms": 4.080228734016418,
  "p99_ms": 4.518576717376709,
  "miss_1ms": 0.94,
  "raw": [
    2.4887359142303467,
    1.812351942062378,
    1.3844159841537476,
    1.0580799579620361,
    1.4159679412841797,
    0.9410560131072998,
    2.9624319076538086,
    4.498144149780273,
    3.520576000213623,
    3.4662399291992188,
    2.183583974838257,
    2.5716800689697266,
    1.625920057296753,
    1.3842240571975708,
    1.2789440155029297,
    1.4427200555801392,
    1.4687680006027222,
    1.0427520275115967,
    2.9602560997009277,
    3.818880081176758,
    4.074368000030518,
    2.2325439453125,
    1.490399956703186,
    2.222208023071289,
    2.271712064743042,
    1.320512056350708,
    1.5884159803390503,
    1.2095999717712402,
    1.904703974723816,
    2.66812801361084,
    4.085023880004883,
    3.9468159675598145,
    2.201888084411621,
    2.212768077850342,
    1.7426559925079346,
    1.2051520347595215,
    1.6115200519561768,
    1.3962559700012207,
    1.4327679872512817,
    0.9566720128059387,
    2.719167947769165,
    2.769792079925537,
    3.514400005340576,
    4.5382080078125,
    2.672800064086914,
    2.2081921100616455,
    2.4786880016326904,
    1.5630719661712646,
    0.9455680251121521,
    1.384384036064148
  ]
}