{
  "label": "gintf_graph_neuralrx_high",
  "num_cells": 8,
  "graph_mode": 1,
  "mode": "GRAPH",
  "mean_ms": 0.9428659224510193,
  "per_cell_ms": 0.11785824030637741,
  "p95_ms": 1.0648928046226502,
  "p99_ms": 1.1012604761123657,
  "miss_1ms": 0.3,
  "raw": [
    1.0476800203323364,
    0.8593279719352722,
    0.8611199855804443,
    1.0353920459747314,
    0.9587839841842651,
    1.07532799243927,
    0.9372159838676453,
    1.0205119848251343,
    0.9623039960861206,
    0.8872960209846497,
    1.050112009048462,
    0.9311680197715759,
    1.0460799932479858,
    0.9621440172195435,
    0.8782399892807007,
    0.9639999866485596,
    1.0410239696502686,
    0.9279360175132751,
    0.8761600255966187,
    0.878495991230011,
    0.892192006111145,
    0.8752639889717102,
    0.8662400245666504,
    1.0483200550079346,
    0.9623680114746094,
    0.9084159731864929,
    0.8808000087738037,
    1.0385279655456543,
    0.963424026966095,
    0.8717439770698547,
    0.875711977481842,
    1.0631680488586426,
    0.6990399956703186,
    0.861952006816864,
    0.8691200017929077,
    1.0663039684295654,
    0.9692800045013428,
    0.9057919979095459,
    0.8948479890823364,
    1.0458240509033203,
    0.8738240003585815,
    1.1261759996414185,
    0.8791999816894531,
    1.0386240482330322,
    0.6940479874610901,
    0.8849279880523682,
    0.9975360035896301,
    0.9751999974250793,
    1.0387840270996094,
    0.8763200044631958
  ]
}