{
  "label": "s4n_resnet_n2",
  "num_cells": 8,
  "graph_mode": 1,
  "mode": "GRAPH",
  "mean_ms": 0.43334719955921175,
  "per_cell_ms": 0.05416839994490147,
  "p95_ms": 0.4359248012304306,
  "p99_ms": 0.43978431582450866,
  "miss_1ms": 0.0,
  "raw": [
    0.4320319890975952,
    0.43324801325798035,
    0.43398401141166687,
    0.43296000361442566,
    0.43215999007225037,
    0.43430399894714355,
    0.43356800079345703,
    0.4318079948425293,
    0.43244799971580505,
    0.43430399894714355,
    0.4359680116176605,
    0.435263991355896,
    0.4334079921245575,
    0.43430399894714355,
    0.4312640130519867,
    0.43161600828170776,
    0.43196800351142883,
    0.4328640103340149,
    0.44176000356674194,
    0.43171200156211853,
    0.43273600935935974,
    0.4339199960231781,
    0.43331199884414673,
    0.43273600935935974,
    0.4322879910469055,
    0.43350398540496826,
    0.43347200751304626,
    0.4320319890975952,
    0.43190398812294006,
    0.43331199884414673,
    0.4333760142326355,
    0.4317440092563629,
    0.4320639967918396,
    0.43270400166511536,
    0.43375998735427856,
    0.4343999922275543,
    0.4314559996128082,
    0.4333440065383911,
    0.43513599038124084,
    0.43302398920059204,
    0.4328640103340149,
    0.43587198853492737,
    0.4336960017681122,
    0.43187201023101807,
    0.43215999007225037,
    0.43459200859069824,
    0.43772798776626587,
    0.4320319890975952,
    0.43244799971580505,
    0.4329279959201813
  ]
}