{
  "label": "m1n_full_nid001277_g3",
  "num_cells": 8,
  "graph_mode": 1,
  "mode": "GRAPH",
  "mean_ms": 0.9145830488204956,
  "per_cell_ms": 0.11432288110256195,
  "p95_ms": 1.0454944550991059,
  "p99_ms": 1.0520816349983215,
  "miss_1ms": 0.28,
  "raw": [
    1.0284479856491089,
    1.0335040092468262,
    0.956384003162384,
    1.0056960582733154,
    0.9577280282974243,
    0.8744320273399353,
    0.9217280149459839,
    1.0232319831848145,
    0.6955199837684631,
    0.8857920169830322,
    1.0181119441986084,
    0.9659519791603088,
    1.0521600246429443,
    0.8148159980773926,
    1.0031360387802124,
    0.9673600196838379,
    1.0520000457763672,
    0.8679680228233337,
    1.0088319778442383,
    0.8852800130844116,
    0.8872320055961609,
    0.8159999847412109,
    0.8817600011825562,
    1.0193920135498047,
    0.9492800235748291,
    0.8692799806594849,
    0.9061440229415894,
    1.0224000215530396,
    0.690559983253479,
    0.895583987236023,
    0.8656960129737854,
    0.6994240283966064,
    0.9837440252304077,
    0.8734400272369385,
    0.9233279824256897,
    1.0257920026779175,
    0.6927679777145386,
    0.8744959831237793,
    0.9906880259513855,
    0.692736029624939,
    0.946943998336792,
    0.8715839982032776,
    0.8703359961509705,
    1.0438400506973267,
    0.7042239904403687,
    0.8889600038528442,
    0.9407359957695007,
    0.9716160297393799,
    1.0468480587005615,
    0.8662400245666504
  ]
}