{
  "label": "mig72_4n_qwen_nid008636_g2",
  "num_cells": 8,
  "graph_mode": 1,
  "mode": "GRAPH",
  "mean_ms": 0.5084140753746033,
  "per_cell_ms": 0.06355175942182541,
  "p95_ms": 0.5233903795480728,
  "p99_ms": 0.5404649430513382,
  "miss_1ms": 0.0,
  "raw": [
    0.49379199743270874,
    0.5090879797935486,
    0.5338879823684692,
    0.546783983707428,
    0.5078399777412415,
    0.5190719962120056,
    0.5214719772338867,
    0.5089920163154602,
    0.519711971282959,
    0.5181120038032532,
    0.5026559829711914,
    0.49696001410484314,
    0.5049920082092285,
    0.5041279792785645,
    0.4909760057926178,
    0.502560019493103,
    0.5118399858474731,
    0.5121279954910278,
    0.5090240240097046,
    0.5078399777412415,
    0.5140159726142883,
    0.5127679705619812,
    0.5041599869728088,
    0.5001279711723328,
    0.5046399831771851,
    0.5018560290336609,
    0.5078719854354858,
    0.5171520113945007,
    0.5004159808158875,
    0.4832639992237091,
    0.517632007598877,
    0.4970239996910095,
    0.502784013748169,
    0.501471996307373,
    0.5249599814414978,
    0.4999360144138336,
    0.49593600630760193,
    0.4946880042552948,
    0.5109440088272095,
    0.5202239751815796,
    0.5129280090332031,
    0.4981440007686615,
    0.5168960094451904,
    0.4984320104122162,
    0.5117759704589844,
    0.5188480019569397,
    0.5146880149841309,
    0.5026559829711914,
    0.5074880123138428,
    0.5051199793815613
  ]
}