{
  "label": "q32b4n_baseline_nid001764_g3",
  "num_cells": 8,
  "graph_mode": 1,
  "mode": "GRAPH",
  "mean_ms": 0.43287488222122195,
  "per_cell_ms": 0.05410936027765274,
  "p95_ms": 0.43774240612983706,
  "p99_ms": 0.43890336036682126,
  "miss_1ms": 0.0,
  "raw": [
    0.4349440038204193,
    0.4365440011024475,
    0.42841601371765137,
    0.4345279932022095,
    0.42796799540519714,
    0.4283199906349182,
    0.428384006023407,
    0.43379199504852295,
    0.431551992893219,
    0.4336319863796234,
    0.4339520037174225,
    0.43171200156211853,
    0.4330880045890808,
    0.43459200859069824,
    0.43513599038124084,
    0.43433600664138794,
    0.434112012386322,
    0.43852800130844116,
    0.43510401248931885,
    0.43273600935935974,
    0.4331200122833252,
    0.43830400705337524,
    0.43433600664138794,
    0.4392639994621277,
    0.43456000089645386,
    0.4336000084877014,
    0.4349440038204193,
    0.4370560050010681,
    0.4342080056667328,
    0.4338560104370117,
    0.43427199125289917,
    0.4333760142326355,
    0.43379199504852295,
    0.42985600233078003,
    0.43536001443862915,
    0.4296000003814697,
    0.4244160056114197,
    0.4312640130519867,
    0.43187201023101807,
    0.43196800351142883,
    0.43401598930358887,
    0.4318079948425293,
    0.43004798889160156,
    0.4331519901752472,
    0.4328320026397705,
    0.4338560104370117,
    0.42659199237823486,
    0.4251840114593506,
    0.43196800351142883,
    0.4338879883289337
  ]
}