{
  "label": "eval_A_baseline",
  "num_cells": 8,
  "graph_mode": 1,
  "mode": "GRAPH",
  "mean_ms": 0.5442777597904205,
  "per_cell_ms": 0.06803471997380256,
  "p95_ms": 0.54998399913311,
  "p99_ms": 0.5511254531145096,
  "miss_1ms": 0.0,
  "raw": [
    0.5432639718055725,
    0.5508480072021484,
    0.5479360222816467,
    0.5439680218696594,
    0.5434240102767944,
    0.5443840026855469,
    0.5432320237159729,
    0.54448002576828,
    0.5453439950942993,
    0.5445759892463684,
    0.5448960065841675,
    0.5433599948883057,
    0.5513920187950134,
    0.5421760082244873,
    0.5427520275115967,
    0.5427200198173523,
    0.5437759757041931,
    0.5425599813461304,
    0.5489599704742432,
    0.5448639988899231,
    0.5429440140724182,
    0.5441920161247253,
    0.5502719879150391,
    0.5440639853477478,
    0.5455039739608765,
    0.5443519949913025,
    0.545632004737854,
    0.5438079833984375,
    0.542527973651886,
    0.5458239912986755,
    0.5456960201263428,
    0.5403839945793152,
    0.5496320128440857,
    0.5488319993019104,
    0.5428159832954407,
    0.5420799851417542,
    0.541920006275177,
    0.5464000105857849,
    0.5445759892463684,
    0.5413439869880676,
    0.5408639907836914,
    0.5417280197143555,
    0.5432639718055725,
    0.5414720177650452,
    0.5416640043258667,
    0.5412799715995789,
    0.5437440276145935,
    0.5437120199203491,
    0.5415359735488892,
    0.5429120063781738
  ]
}