{
  "label": "mig32_1n_qwen_nid001533_g0",
  "num_cells": 8,
  "graph_mode": 1,
  "mode": "GRAPH",
  "mean_ms": 0.5030611199140549,
  "per_cell_ms": 0.06288263998925686,
  "p95_ms": 0.5469760149717331,
  "p99_ms": 0.5609526300430298,
  "miss_1ms": 0.0,
  "raw": [
    0.46828800439834595,
    0.46905601024627686,
    0.4763840138912201,
    0.46905601024627686,
    0.4689599871635437,
    0.47814399003982544,
    0.47020798921585083,
    0.4731839895248413,
    0.47247999906539917,
    0.4710719883441925,
    0.4764159917831421,
    0.47785601019859314,
    0.47523200511932373,
    0.4692479968070984,
    0.46905601024627686,
    0.4684480130672455,
    0.47683200240135193,
    0.4702720046043396,
    0.47257599234580994,
    0.46851199865341187,
    0.468095988035202,
    0.47020798921585083,
    0.4755200147628784,
    0.5060799717903137,
    0.5045760273933411,
    0.508575975894928,
    0.544160008430481,
    0.5448639988899231,
    0.5234240293502808,
    0.5244799852371216,
    0.5311679840087891,
    0.5314880013465881,
    0.5352960228919983,
    0.5249599814414978,
    0.5268480181694031,
    0.5200960040092468,
    0.5283520221710205,
    0.5287359952926636,
    0.5337280035018921,
    0.5487040281295776,
    0.5196160078048706,
    0.5539839863777161,
    0.5281599760055542,
    0.5136319994926453,
    0.523967981338501,
    0.5327680110931396,
    0.5676479935646057,
    0.5300480127334595,
    0.539903998374939,
    0.5226879715919495
  ]
}