{
  "label": "mig72_1n_base_nid008649_g0",
  "num_cells": 8,
  "graph_mode": 1,
  "mode": "GRAPH",
  "mean_ms": 0.5178655982017517,
  "per_cell_ms": 0.06473319977521896,
  "p95_ms": 0.5212911874055862,
  "p99_ms": 0.5264252758026123,
  "miss_1ms": 0.0,
  "raw": [
    0.5187839865684509,
    0.5196160078048706,
    0.5189759731292725,
    0.5186880230903625,
    0.518559992313385,
    0.518559992313385,
    0.5177279710769653,
    0.516319990158081,
    0.5203520059585571,
    0.5188159942626953,
    0.5154880285263062,
    0.5202239751815796,
    0.5171520113945007,
    0.5169600248336792,
    0.5159040093421936,
    0.515936017036438,
    0.5215359926223755,
    0.5184959769248962,
    0.5168319940567017,
    0.5152639746665955,
    0.5162240266799927,
    0.5168319940567017,
    0.5154880285263062,
    0.5156159996986389,
    0.5175039768218994,
    0.5198079943656921,
    0.5177599787712097,
    0.5160959959030151,
    0.5156800150871277,
    0.5173760056495667,
    0.5158079862594604,
    0.515392005443573,
    0.5145599842071533,
    0.5179839730262756,
    0.516319990158081,
    0.5164160132408142,
    0.5167040228843689,
    0.5167359709739685,
    0.5164480209350586,
    0.5157120227813721,
    0.5149440169334412,
    0.5197439789772034,
    0.5190719962120056,
    0.5174400210380554,
    0.5170239806175232,
    0.5284479856491089,
    0.5243200063705444,
    0.5201280117034912,
    0.5205119848251343,
    0.5209919810295105
  ]
}