{
  "label": "mig32_1n_qwen_nid001533_g2",
  "num_cells": 8,
  "graph_mode": 1,
  "mode": "GRAPH",
  "mean_ms": 0.46883968114852903,
  "per_cell_ms": 0.05860496014356613,
  "p95_ms": 0.4728255942463875,
  "p99_ms": 0.4761820885539055,
  "miss_1ms": 0.0,
  "raw": [
    0.47062399983406067,
    0.4705600142478943,
    0.46934399008750916,
    0.46902400255203247,
    0.46828800439834595,
    0.469184011220932,
    0.4689599871635437,
    0.4679040014743805,
    0.4681600034236908,
    0.47334399819374084,
    0.4700799882411957,
    0.46806401014328003,
    0.4678399860858917,
    0.46959999203681946,
    0.4700160026550293,
    0.46748799085617065,
    0.4721919894218445,
    0.47020798921585083,
    0.46745601296424866,
    0.4689280092716217,
    0.468095988035202,
    0.4694080054759979,
    0.46617600321769714,
    0.4670720100402832,
    0.468095988035202,
    0.46880000829696655,
    0.4684480130672455,
    0.46614399552345276,
    0.4671359956264496,
    0.4694080054759979,
    0.4705600142478943,
    0.46617600321769714,
    0.4668799936771393,
    0.4711360037326813,
    0.4698239862918854,
    0.4679040014743805,
    0.4660159945487976,
    0.4696959853172302,
    0.4676800072193146,
    0.4670720100402832,
    0.4758720099925995,
    0.4676159918308258,
    0.47648000717163086,
    0.47043201327323914,
    0.4676159918308258,
    0.46803200244903564,
    0.469184011220932,
    0.46668800711631775,
    0.46534401178359985,
    0.4657280147075653
  ]
}