{
  "label": "bora_C_nid008353_g0",
  "config": "C",
  "mean_ms": 0.5726118445396423,
  "p99_ms": 0.7552137660980224,
  "miss_1ms": 0.0,
  "raw": [
    0.5443840026855469,
    0.5385280251502991,
    0.5475839972496033,
    0.5509120225906372,
    0.5643519759178162,
    0.5443199872970581,
    0.5667840242385864,
    0.5451200008392334,
    0.5498560070991516,
    0.5540159940719604,
    0.5559679865837097,
    0.6099200248718262,
    0.7786239981651306,
    0.7308480143547058,
    0.5542399883270264,
    0.5560640096664429,
    0.6609280109405518,
    0.5948160290718079,
    0.5697600245475769,
    0.6662399768829346,
    0.5603200197219849,
    0.5504639744758606,
    0.5685439705848694,
    0.5564799904823303,
    0.5589439868927002,
    0.5754560232162476,
    0.5539199709892273,
    0.5389440059661865,
    0.6069759726524353,
    0.6314560174942017,
    0.5548800230026245,
    0.5612800121307373,
    0.5382720232009888,
    0.5616959929466248,
    0.5426560044288635,
    0.5612480044364929,
    0.5486720204353333,
    0.5551360249519348,
    0.5516480207443237,
    0.5459520220756531,
    0.5568640232086182,
    0.5773119926452637,
    0.554751992225647,
    0.5766080021858215,
    0.5602560043334961,
    0.5568640232086182,
    0.5726079940795898,
    0.5528320074081421,
    0.563647985458374,
    0.5526400208473206
  ]
}