{
  "label": "mig72_4n_base_nid008637_g0",
  "num_cells": 8,
  "graph_mode": 1,
  "mode": "GRAPH",
  "mean_ms": 0.4685651195049286,
  "per_cell_ms": 0.05857063993811607,
  "p95_ms": 0.4722304120659828,
  "p99_ms": 0.474059199988842,
  "miss_1ms": 0.0,
  "raw": [
    0.4679360091686249,
    0.4691520035266876,
    0.4710719883441925,
    0.4673599898815155,
    0.4675840139389038,
    0.4713920056819916,
    0.46691200137138367,
    0.46665599942207336,
    0.46774399280548096,
    0.46639999747276306,
    0.46828800439834595,
    0.4712960124015808,
    0.46860799193382263,
    0.46672001481056213,
    0.4663040041923523,
    0.4696640074253082,
    0.46492800116539,
    0.46911999583244324,
    0.4684799909591675,
    0.4684799909591675,
    0.46911999583244324,
    0.46959999203681946,
    0.4695039987564087,
    0.4679040014743805,
    0.4665600061416626,
    0.4687359929084778,
    0.4689599871635437,
    0.4672960042953491,
    0.46720001101493835,
    0.47539201378822327,
    0.47014400362968445,
    0.46748799085617065,
    0.4662399888038635,
    0.46911999583244324,
    0.4684799909591675,
    0.46825599670410156,
    0.46726399660110474,
    0.4681600034236908,
    0.4679040014743805,
    0.47228801250457764,
    0.468095988035202,
    0.46828800439834595,
    0.468095988035202,
    0.4670720100402832,
    0.4678719937801361,
    0.46854400634765625,
    0.468095988035202,
    0.4721600115299225,
    0.4676479995250702,
    0.4726719856262207
  ]
}