{
  "label": "s4n4g_resnet_nid003953_g0",
  "num_cells": 8,
  "graph_mode": 1,
  "mode": "GRAPH",
  "mean_ms": 2.167151346206665,
  "per_cell_ms": 0.27089391827583315,
  "p95_ms": 4.368489503860474,
  "p99_ms": 4.5383339118957515,
  "miss_1ms": 0.9,
  "raw": [
    2.6785600185394287,
    2.188352108001709,
    2.586400032043457,
    1.6268479824066162,
    1.3913600444793701,
    0.956991970539093,
    1.3469120264053345,
    1.6580159664154053,
    0.9865279793739319,
    2.8078720569610596,
    2.7445120811462402,
    3.877471923828125,
    4.5680317878723145,
    2.6780478954315186,
    1.5044480562210083,
    2.472928047180176,
    1.5797439813613892,
    0.9459519982337952,
    1.3810880184173584,
    1.1502399444580078,
    1.4073920249938965,
    1.1458879709243774,
    3.0039360523223877,
    2.763360023498535,
    3.8768320083618164,
    4.409183979034424,
    2.1096959114074707,
    2.209343910217285,
    2.1128640174865723,
    1.7530239820480347,
    0.8050879836082458,
    1.4034559726715088,
    1.5009280443191528,
    1.159872055053711,
    0.9208639860153198,
    2.715712070465088,
    2.75711989402771,
    3.7298879623413086,
    4.318751811981201,
    2.6816000938415527,
    2.2356479167938232,
    2.5899839401245117,
    1.3991999626159668,
    1.3803839683532715,
    1.526047945022583,
    1.386240005493164,
    1.4050240516662598,
    1.0432000160217285,
    2.9693119525909424,
    4.5074238777160645
  ]
}