{
  "label": "mig72_4n_qwen_nid008637_g0",
  "num_cells": 8,
  "graph_mode": 1,
  "mode": "GRAPH",
  "mean_ms": 0.6384883189201355,
  "per_cell_ms": 0.07981103986501693,
  "p95_ms": 0.5812560021877289,
  "p99_ms": 3.2014118111133474,
  "miss_1ms": 0.02,
  "raw": [
    0.5064319968223572,
    0.509984016418457,
    0.622655987739563,
    0.5080320239067078,
    0.5013759732246399,
    0.5516160130500793,
    0.5296639800071716,
    0.5386559963226318,
    0.51283198595047,
    0.5520960092544556,
    0.5289599895477295,
    0.5041279792785645,
    0.5161280035972595,
    0.5184959769248962,
    0.5536959767341614,
    0.5047680139541626,
    0.5144960284233093,
    0.5090559720993042,
    0.5382400155067444,
    0.544160008430481,
    0.525056004524231,
    0.5367680191993713,
    0.535968005657196,
    0.53193598985672,
    0.5181440114974976,
    0.5428159832954407,
    0.5418239831924438,
    0.5301439762115479,
    0.5167679786682129,
    0.5317760109901428,
    0.5351679921150208,
    0.5307520031929016,
    0.5426880121231079,
    0.5488960146903992,
    0.5432000160217285,
    0.5596160292625427,
    0.5229439735412598,
    0.5361599922180176,
    0.5555520057678223,
    0.546239972114563,
    0.5565760135650635,
    0.5618240237236023,
    0.5806400179862976,
    5.67903995513916,
    0.5318400263786316,
    0.5508480072021484,
    0.520576000213623,
    0.5286719799041748,
    0.5817599892616272,
    0.5347520112991333
  ]
}