{
  "label": "mig72_2n_base_nid008660_g2",
  "num_cells": 8,
  "graph_mode": 1,
  "mode": "GRAPH",
  "mean_ms": 0.4668524777889252,
  "per_cell_ms": 0.05835655972361565,
  "p95_ms": 0.469745597243309,
  "p99_ms": 0.47029280841350557,
  "miss_1ms": 0.0,
  "raw": [
    0.4668160080909729,
    0.4700480103492737,
    0.46937599778175354,
    0.46639999747276306,
    0.46566399931907654,
    0.46649599075317383,
    0.46720001101493835,
    0.46531200408935547,
    0.46486398577690125,
    0.46675199270248413,
    0.4681600034236908,
    0.4705280065536499,
    0.4661119878292084,
    0.4668479859828949,
    0.4667840003967285,
    0.4673599898815155,
    0.46540799736976624,
    0.4681279957294464,
    0.46726399660110474,
    0.4652799963951111,
    0.46563199162483215,
    0.46665599942207336,
    0.46643200516700745,
    0.46348801255226135,
    0.46643200516700745,
    0.46777600049972534,
    0.46691200137138367,
    0.4646399915218353,
    0.4640960097312927,
    0.46588799357414246,
    0.46691200137138367,
    0.4660159945487976,
    0.4659839868545532,
    0.46566399931907654,
    0.4671359956264496,
    0.469760000705719,
    0.46556800603866577,
    0.4673919975757599,
    0.46649599075317383,
    0.46902400255203247,
    0.46774399280548096,
    0.46649599075317383,
    0.4662399888038635,
    0.46825599670410156,
    0.4676800072193146,
    0.46649599075317383,
    0.4676479995250702,
    0.466623991727829,
    0.46700799465179443,
    0.4697279930114746
  ]
}