{
  "label": "s2n4g_neuralrx_nid002688_g2",
  "num_cells": 8,
  "graph_mode": 1,
  "mode": "GRAPH",
  "mean_ms": 0.43701631903648375,
  "per_cell_ms": 0.05462703987956047,
  "p95_ms": 0.4426799908280373,
  "p99_ms": 0.45315008014440533,
  "miss_1ms": 0.0,
  "raw": [
    0.4379200041294098,
    0.4382399916648865,
    0.43753600120544434,
    0.43644800782203674,
    0.44998401403427124,
    0.43619200587272644,
    0.4365119934082031,
    0.43372800946235657,
    0.43593600392341614,
    0.4392319917678833,
    0.4357759952545166,
    0.434688001871109,
    0.43404799699783325,
    0.4357439875602722,
    0.43724799156188965,
    0.43833601474761963,
    0.4336960017681122,
    0.43702399730682373,
    0.4561919867992401,
    0.43852800130844116,
    0.4355520009994507,
    0.4373759925365448,
    0.43718400597572327,
    0.43587198853492737,
    0.4365119934082031,
    0.4381439983844757,
    0.43699198961257935,
    0.4352000057697296,
    0.4343680143356323,
    0.43753600120544434,
    0.43587198853492737,
    0.4347519874572754,
    0.4368320107460022,
    0.4408319890499115,
    0.435808002948761,
    0.43590399622917175,
    0.4341759979724884,
    0.44419199228286743,
    0.43484801054000854,
    0.4355199933052063,
    0.4379200041294098,
    0.4365760087966919,
    0.4343680143356323,
    0.4328959882259369,
    0.43267199397087097,
    0.4367679953575134,
    0.43910399079322815,
    0.43331199884414673,
    0.43270400166511536,
    0.43801599740982056
  ]
}