{
  "label": "s4n4g_neuralrx_nid003956_g3",
  "num_cells": 8,
  "graph_mode": 1,
  "mode": "GRAPH",
  "mean_ms": 0.4353817594051361,
  "per_cell_ms": 0.054422719925642016,
  "p95_ms": 0.43896480053663256,
  "p99_ms": 0.4444972816109657,
  "miss_1ms": 0.0,
  "raw": [
    0.434143990278244,
    0.43593600392341614,
    0.4484800100326538,
    0.43539199233055115,
    0.43398401141166687,
    0.436352014541626,
    0.43587198853492737,
    0.43484801054000854,
    0.4336319863796234,
    0.4403519928455353,
    0.43593600392341614,
    0.4347839951515198,
    0.43542400002479553,
    0.4360960125923157,
    0.436352014541626,
    0.4349119961261749,
    0.4390079975128174,
    0.4338879883289337,
    0.43587198853492737,
    0.43427199125289917,
    0.43487998843193054,
    0.435808002948761,
    0.4360960125923157,
    0.43398401141166687,
    0.4339520037174225,
    0.43619200587272644,
    0.4363200068473816,
    0.4349760115146637,
    0.4342080056667328,
    0.43427199125289917,
    0.434688001871109,
    0.4366079866886139,
    0.4331839978694916,
    0.4384639859199524,
    0.4331519901752472,
    0.43353599309921265,
    0.4362559914588928,
    0.43593600392341614,
    0.43401598930358887,
    0.43187201023101807,
    0.43190398812294006,
    0.43481600284576416,
    0.4389120042324066,
    0.4331200122833252,
    0.4328959882259369,
    0.43327999114990234,
    0.43721601366996765,
    0.4347839951515198,
    0.4336319863796234,
    0.43459200859069824
  ]
}