{
  "label": "s2n4g_gpt2_nid002689_g3",
  "num_cells": 8,
  "graph_mode": 1,
  "mode": "GRAPH",
  "mean_ms": 0.4374284791946411,
  "per_cell_ms": 0.05467855989933014,
  "p95_ms": 0.44499040096998216,
  "p99_ms": 0.4504806354641914,
  "miss_1ms": 0.0,
  "raw": [
    0.43510401248931885,
    0.4344959855079651,
    0.4360640048980713,
    0.44412800669670105,
    0.43615999817848206,
    0.4360319972038269,
    0.4367679953575134,
    0.4320000112056732,
    0.4350399971008301,
    0.4360319972038269,
    0.4349760115146637,
    0.4326080083847046,
    0.4334079921245575,
    0.43558400869369507,
    0.4366079866886139,
    0.43382400274276733,
    0.43619200587272644,
    0.4350399971008301,
    0.4400320053100586,
    0.43542400002479553,
    0.4345279932022095,
    0.43673598766326904,
    0.4363200068473816,
    0.43487998843193054,
    0.44569599628448486,
    0.43772798776626587,
    0.45129600167274475,
    0.43859198689460754,
    0.43542400002479553,
    0.4367679953575134,
    0.4391680061817169,
    0.43564799427986145,
    0.43539199233055115,
    0.4395520091056824,
    0.4362559914588928,
    0.4496319890022278,
    0.4418880045413971,
    0.43804800510406494,
    0.4365119934082031,
    0.43539199233055115,
    0.43427199125289917,
    0.44067201018333435,
    0.4418559968471527,
    0.438400000333786,
    0.4346559941768646,
    0.4408639967441559,
    0.43856000900268555,
    0.4379200041294098,
    0.43721601366996765,
    0.4360319972038269
  ]
}