{
  "label": "s1n4g_neuralrx_nid001285_g2",
  "num_cells": 8,
  "graph_mode": 1,
  "mode": "GRAPH",
  "mean_ms": 0.5457772791385651,
  "per_cell_ms": 0.06822215989232064,
  "p95_ms": 0.5507440090179443,
  "p99_ms": 0.5512547338008881,
  "miss_1ms": 0.0,
  "raw": [
    0.5498239994049072,
    0.5449920296669006,
    0.5495679974555969,
    0.5445759892463684,
    0.5409280061721802,
    0.5465279817581177,
    0.5464959740638733,
    0.5460479855537415,
    0.5489280223846436,
    0.5431360006332397,
    0.5449600219726562,
    0.5488960146903992,
    0.5509120225906372,
    0.5457599759101868,
    0.5431360006332397,
    0.5430399775505066,
    0.544160008430481,
    0.5455359816551208,
    0.544160008430481,
    0.5494719743728638,
    0.544704020023346,
    0.5464959740638733,
    0.550815999507904,
    0.5437759757041931,
    0.5442240238189697,
    0.5466880202293396,
    0.5488960146903992,
    0.5433599948883057,
    0.5488319993019104,
    0.5447679758071899,
    0.5456960201263428,
    0.5434240102767944,
    0.5434880256652832,
    0.5439040064811707,
    0.5506560206413269,
    0.5425599813461304,
    0.5494719743728638,
    0.5454720258712769,
    0.5448319911956787,
    0.5437440276145935,
    0.5485119819641113,
    0.5443199872970581,
    0.551584005355835,
    0.5431360006332397,
    0.5488319993019104,
    0.5437759757041931,
    0.5425599813461304,
    0.5445119738578796,
    0.5420479774475098,
    0.5427200198173523
  ]
}