{
  "label": "s4n_neuralrx_n1",
  "num_cells": 8,
  "graph_mode": 1,
  "mode": "GRAPH",
  "mean_ms": 0.4327904015779495,
  "per_cell_ms": 0.05409880019724369,
  "p95_ms": 0.435507208108902,
  "p99_ms": 0.4385126408934593,
  "miss_1ms": 0.0,
  "raw": [
    0.4318079948425293,
    0.43296000361442566,
    0.43487998843193054,
    0.4325439929962158,
    0.4349440038204193,
    0.4342400133609772,
    0.4328640103340149,
    0.43299201130867004,
    0.44089600443840027,
    0.4360319972038269,
    0.4327999949455261,
    0.4314559996128082,
    0.43136000633239746,
    0.43190398812294006,
    0.4333760142326355,
    0.428384006023407,
    0.4317440092563629,
    0.4323520064353943,
    0.4327999949455261,
    0.43296000361442566,
    0.43190398812294006,
    0.43244799971580505,
    0.4336639940738678,
    0.4311999976634979,
    0.4312959909439087,
    0.4328640103340149,
    0.43219199776649475,
    0.4322560131549835,
    0.43187201023101807,
    0.43296000361442566,
    0.43241599202156067,
    0.43222400546073914,
    0.431551992893219,
    0.4328320026397705,
    0.4331519901752472,
    0.4315199851989746,
    0.4313279986381531,
    0.43296000361442566,
    0.43331199884414673,
    0.4342400133609772,
    0.4359680116176605,
    0.4322560131549835,
    0.43299201130867004,
    0.4322560131549835,
    0.4313279986381531,
    0.43324801325798035,
    0.43244799971580505,
    0.43113601207733154,
    0.4326399862766266,
    0.43375998735427856
  ]
}