{
  "label": "s2n4g_neuralrx_nid002688_g1",
  "num_cells": 8,
  "graph_mode": 1,
  "mode": "GRAPH",
  "mean_ms": 0.4331750398874283,
  "per_cell_ms": 0.054146879985928535,
  "p95_ms": 0.43909119814634323,
  "p99_ms": 0.44599584221839905,
  "miss_1ms": 0.0,
  "raw": [
    0.43356800079345703,
    0.4288640022277832,
    0.4360960125923157,
    0.43408000469207764,
    0.427839994430542,
    0.43564799427986145,
    0.4294719994068146,
    0.4270719885826111,
    0.4350399971008301,
    0.44736000895500183,
    0.42876800894737244,
    0.4331200122833252,
    0.435232013463974,
    0.4354879856109619,
    0.42931199073791504,
    0.4269759953022003,
    0.4445759952068329,
    0.4349760115146637,
    0.43593600392341614,
    0.43302398920059204,
    0.43350398540496826,
    0.43347200751304626,
    0.42931199073791504,
    0.4344959855079651,
    0.43350398540496826,
    0.43568000197410583,
    0.43321600556373596,
    0.42825600504875183,
    0.43372800946235657,
    0.4296959936618805,
    0.43327999114990234,
    0.43558400869369507,
    0.42716801166534424,
    0.4392639994621277,
    0.42790400981903076,
    0.4344640076160431,
    0.43353599309921265,
    0.4283519983291626,
    0.43699198961257935,
    0.43887999653816223,
    0.42630401253700256,
    0.4352959990501404,
    0.4280959963798523,
    0.426144003868103,
    0.43481600284576416,
    0.4354560077190399,
    0.4360640048980713,
    0.4350399971008301,
    0.43427199125289917,
    0.4345279932022095
  ]
}