{
  "label": "s4n4g_neuralrx_nid001269_g0",
  "num_cells": 8,
  "graph_mode": 1,
  "mode": "GRAPH",
  "mean_ms": 0.9389164853096008,
  "per_cell_ms": 0.1173645606637001,
  "p95_ms": 1.063888031244278,
  "p99_ms": 1.0938016426563262,
  "miss_1ms": 0.3,
  "raw": [
    0.9447680115699768,
    0.8318399786949158,
    0.8782079815864563,
    1.0148799419403076,
    0.7030400037765503,
    1.102112054824829,
    0.8862400054931641,
    1.0310720205307007,
    0.9267200231552124,
    0.9653120040893555,
    1.08515202999115,
    0.8840960264205933,
    0.9046080112457275,
    0.875935971736908,
    1.073248028755188,
    0.9542400240898132,
    1.0292479991912842,
    0.8653439879417419,
    1.0103360414505005,
    0.9600639939308167,
    1.0041600465774536,
    0.8712959885597229,
    1.052448034286499,
    0.9463679790496826,
    1.0191999673843384,
    0.856544017791748,
    1.0047359466552734,
    0.9521600008010864,
    1.0367679595947266,
    0.8751680254936218,
    0.9949759840965271,
    0.8886079788208008,
    0.8846719861030579,
    0.9182080030441284,
    0.9086719751358032,
    1.0236480236053467,
    0.9242560267448425,
    0.9539520144462585,
    0.8721920251846313,
    1.0282560586929321,
    0.692736029624939,
    0.8952640295028687,
    0.9918400049209595,
    0.8771520256996155,
    0.8735039830207825,
    0.919327974319458,
    0.8894079923629761,
    1.024224042892456,
    0.9589120149612427,
    0.8807039856910706
  ]
}