{
  "label": "m4n_full_nid001760_g1",
  "num_cells": 8,
  "graph_mode": 1,
  "mode": "GRAPH",
  "mean_ms": 2.039244167804718,
  "per_cell_ms": 0.25490552097558977,
  "p95_ms": 9.284680032730103,
  "p99_ms": 9.303725967407226,
  "miss_1ms": 0.96,
  "raw": [
    1.4352960586547852,
    1.4560960531234741,
    1.4515520334243774,
    1.4483200311660767,
    1.4179840087890625,
    1.4564160108566284,
    1.4092799425125122,
    1.4590719938278198,
    1.4204800128936768,
    1.444640040397644,
    1.4401919841766357,
    9.30675220489502,
    1.4610559940338135,
    1.4259519577026367,
    1.4117759466171265,
    1.4173120260238647,
    1.3769279718399048,
    1.4152640104293823,
    0.9545279741287231,
    1.419935941696167,
    1.4274239540100098,
    1.4568959474563599,
    1.4128639698028564,
    9.300576210021973,
    1.4270720481872559,
    1.4016319513320923,
    1.4236479997634888,
    1.4112000465393066,
    1.4290560483932495,
    1.458016037940979,
    1.4262399673461914,
    1.4156160354614258,
    1.4365439414978027,
    1.4325120449066162,
    1.4302719831466675,
    9.292672157287598,
    1.4141119718551636,
    1.425536036491394,
    1.4130879640579224,
    1.4226880073547363,
    1.4216320514678955,
    1.438912034034729,
    1.4279359579086304,
    1.4616320133209229,
    1.4470080137252808,
    1.3783999681472778,
    9.274911880493164,
    0.986847996711731,
    1.4111679792404175,
    1.4272639751434326
  ]
}