{
  "label": "s2n4g_gpt2_nid002688_g2",
  "num_cells": 8,
  "graph_mode": 1,
  "mode": "GRAPH",
  "mean_ms": 0.4372352010011673,
  "per_cell_ms": 0.05465440012514591,
  "p95_ms": 0.4445919945836067,
  "p99_ms": 0.45663614869117736,
  "miss_1ms": 0.0,
  "raw": [
    0.43536001443862915,
    0.43219199776649475,
    0.4341759979724884,
    0.44703999161720276,
    0.4350079894065857,
    0.43558400869369507,
    0.4354879856109619,
    0.43401598930358887,
    0.4437119960784912,
    0.4383679926395416,
    0.4395520091056824,
    0.43379199504852295,
    0.43116798996925354,
    0.43801599740982056,
    0.4354560077190399,
    0.4419200122356415,
    0.46585598587989807,
    0.4367679953575134,
    0.4381760060787201,
    0.4360319972038269,
    0.4349440038204193,
    0.4376640021800995,
    0.43644800782203674,
    0.43398401141166687,
    0.43536001443862915,
    0.4392319917678833,
    0.436352014541626,
    0.43507200479507446,
    0.43724799156188965,
    0.4352959990501404,
    0.4453119933605194,
    0.43487998843193054,
    0.43481600284576416,
    0.4357120096683502,
    0.4347839951515198,
    0.4343680143356323,
    0.440064013004303,
    0.43507200479507446,
    0.435808002948761,
    0.4428800046443939,
    0.4339520037174225,
    0.4359680116176605,
    0.43542400002479553,
    0.4342400133609772,
    0.44204801321029663,
    0.4357439875602722,
    0.4363200068473816,
    0.4352959990501404,
    0.4334079921245575,
    0.436383992433548
  ]
}