{
  "label": "resnet_bs32",
  "stats": {
    "name": "resnet_bs32",
    "count": 100,
    "mean_ms": 2.6088588780164716,
    "std_ms": 2.234478379938939,
    "p50_ms": 1.5679839849472046,
    "p95_ms": 8.434628963470459,
    "p99_ms": 8.7629243183136,
    "min_ms": 0.9892160296440125,
    "max_ms": 8.932031631469727,
    "jitter": 0.8564964547403285
  },
  "miss_1ms": 0.99,
  "raw": [
    2.8035199642181396,
    2.3792641162872314,
    8.538463592529297,
    4.254047870635986,
    8.932031631469727,
    1.752128005027771,
    1.6310399770736694,
    1.105247974395752,
    1.3995840549468994,
    1.3541120290756226,
    1.2881920337677002,
    1.739583969116211,
    1.7149440050125122,
    1.3906240463256836,
    1.316383957862854,
    1.2345600128173828,
    1.358847975730896,
    1.2156480550765991,
    1.4763519763946533,
    2.927839994430542,
    8.275520324707031,
    3.672287940979004,
    7.806079864501953,
    4.925824165344238,
    1.4112319946289062,
    1.0218240022659302,
    1.7069120407104492,
    1.4355839490890503,
    1.7154879570007324,
    1.2834559679031372,
    1.5120320320129395,
    1.1720000505447388,
    1.4599360227584839,
    1.2278720140457153,
    1.4185919761657715,
    1.7925759553909302,
    1.634335994720459,
    1.301759958267212,
    4.215360164642334,
    2.388063907623291,
    7.628672122955322,
    3.8433918952941895,
    8.52563190460205,
    1.0840320587158203,
    1.567199945449829,
    0.9892160296440125,
    1.5199999809265137,
    1.3441920280456543,
    1.7024320363998413,
    1.6741440296173096,
    1.6886080503463745,
    1.2899199724197388,
    1.4945600032806396,
    1.048095941543579,
    1.5404479503631592,
    1.2451519966125488,
    1.2901439666748047,
    2.7943360805511475,
    7.864543914794922,
    3.9217278957366943,
    8.761216163635254,
    8.484576225280762,
    1.640768051147461,
    1.422592043876648,
    1.753600001335144,
    1.2010560035705566,
    1.4946880340576172,
    1.1230720281600952,
    1.3903039693832397,
    1.56876802444458,
    1.6318080425262451,
    1.4458240270614624,
    1.673535943031311,
    1.4366719722747803,
    1.531999945640564,
    1.373088002204895,
    4.986976146697998,
    3.5035839080810547,
    5.987679958343506,
    3.365216016769409,
    8.425151824951172,
    1.7312320470809937,
    1.535647988319397,
    1.2320640087127686,
    1.343168020248413,
    1.05622398853302,
    1.2771519422531128,
    1.7510080337524414,
    2.1127359867095947,
    1.1815040111541748,
    1.6587200164794922,
    1.2807680368423462,
    1.4367680549621582,
    1.2053439617156982,
    1.3494720458984375,
    2.58569598197937,
    8.432000160217285,
    2.918015956878662,
    4.328415870666504,
    3.0221760272979736
  ]
}