{
  "label": "s1n4g_gpt2_nid001285_g2",
  "num_cells": 8,
  "graph_mode": 1,
  "mode": "GRAPH",
  "mean_ms": 0.5477574360370636,
  "per_cell_ms": 0.06846967950463295,
  "p95_ms": 0.5538943856954575,
  "p99_ms": 0.5548016041517257,
  "miss_1ms": 0.0,
  "raw": [
    0.5456640124320984,
    0.5479360222816467,
    0.5465919971466064,
    0.5542399883270264,
    0.5454720258712769,
    0.5548800230026245,
    0.5459840297698975,
    0.551360011100769,
    0.5460159778594971,
    0.5478079915046692,
    0.549888014793396,
    0.5531520247459412,
    0.5455039739608765,
    0.5463359951972961,
    0.5472319722175598,
    0.5448639988899231,
    0.5472959876060486,
    0.5547199845314026,
    0.5458239912986755,
    0.5448639988899231,
    0.546239972114563,
    0.5468159914016724,
    0.5475519895553589,
    0.5450559854507446,
    0.5524479746818542,
    0.5475519895553589,
    0.5454720258712769,
    0.5460159778594971,
    0.5492799878120422,
    0.5468159914016724,
    0.5470719933509827,
    0.5444480180740356,
    0.5534719824790955,
    0.5471360087394714,
    0.5464320182800293,
    0.5494719743728638,
    0.5507839918136597,
    0.5480639934539795,
    0.546239972114563,
    0.5453119874000549,
    0.5497599840164185,
    0.5467519760131836,
    0.546720027923584,
    0.545632004737854,
    0.5443519949913025,
    0.5472000241279602,
    0.5505279898643494,
    0.5452479720115662,
    0.5452479720115662,
    0.5491200089454651
  ]
}