{
  "label": "s4n4g_baseline_nid003956_g1",
  "num_cells": 8,
  "graph_mode": 1,
  "mode": "GRAPH",
  "mean_ms": 0.434547199010849,
  "per_cell_ms": 0.05431839987635612,
  "p95_ms": 0.4392031908035278,
  "p99_ms": 0.44690656155347824,
  "miss_1ms": 0.0,
  "raw": [
    0.43542400002479553,
    0.43670400977134705,
    0.4333440065383911,
    0.436383992433548,
    0.4360319972038269,
    0.4272319972515106,
    0.43375998735427856,
    0.440095990896225,
    0.4350079894065857,
    0.43584001064300537,
    0.434688001871109,
    0.43302398920059204,
    0.43088001012802124,
    0.4328640103340149,
    0.43324801325798035,
    0.43331199884414673,
    0.43251198530197144,
    0.4341759979724884,
    0.446368008852005,
    0.4368959963321686,
    0.4368959963321686,
    0.43510401248931885,
    0.4381119906902313,
    0.42928001284599304,
    0.4357120096683502,
    0.4336000084877014,
    0.43375998735427856,
    0.4344640076160431,
    0.4333440065383911,
    0.4290879964828491,
    0.4328959882259369,
    0.43302398920059204,
    0.43408000469207764,
    0.43398401141166687,
    0.43404799699783325,
    0.4334079921245575,
    0.43030399084091187,
    0.4336639940738678,
    0.4331519901752472,
    0.4310399889945984,
    0.4349440038204193,
    0.43462398648262024,
    0.4474239945411682,
    0.4352959990501404,
    0.43433600664138794,
    0.4331839978694916,
    0.4373120069503784,
    0.43670400977134705,
    0.43375998735427856,
    0.43302398920059204
  ]
}