{
  "label": "s4n4g_neuralrx_nid003952_g2",
  "num_cells": 8,
  "graph_mode": 1,
  "mode": "GRAPH",
  "mean_ms": 0.4357926392555237,
  "per_cell_ms": 0.05447407990694046,
  "p95_ms": 0.43900000005960466,
  "p99_ms": 0.4479299220442772,
  "miss_1ms": 0.0,
  "raw": [
    0.43619200587272644,
    0.436352014541626,
    0.43721601366996765,
    0.43702399730682373,
    0.4349119961261749,
    0.4371199905872345,
    0.4367679953575134,
    0.43856000900268555,
    0.4339199960231781,
    0.4362559914588928,
    0.44998401403427124,
    0.43404799699783325,
    0.4343999922275543,
    0.4366399943828583,
    0.43641600012779236,
    0.43856000900268555,
    0.434143990278244,
    0.43769600987434387,
    0.4362559914588928,
    0.4343999922275543,
    0.4354879856109619,
    0.4357120096683502,
    0.4342400133609772,
    0.4352959990501404,
    0.43404799699783325,
    0.43558400869369507,
    0.4355199933052063,
    0.43427199125289917,
    0.43456000089645386,
    0.4366079866886139,
    0.4322560131549835,
    0.43356800079345703,
    0.4347839951515198,
    0.4370560050010681,
    0.4339199960231781,
    0.4330559968948364,
    0.43382400274276733,
    0.4349440038204193,
    0.43568000197410583,
    0.4355520009994507,
    0.43935999274253845,
    0.4362879991531372,
    0.4336639940738678,
    0.43398401141166687,
    0.43331199884414673,
    0.4350079894065857,
    0.43327999114990234,
    0.4328320026397705,
    0.43327999114990234,
    0.44579198956489563
  ]
}