{
  "label": "s2n4g_resnet_nid002688_g2",
  "num_cells": 8,
  "graph_mode": 1,
  "mode": "GRAPH",
  "mean_ms": 0.4361472022533417,
  "per_cell_ms": 0.05451840028166771,
  "p95_ms": 0.44014880061149597,
  "p99_ms": 0.44570304363965985,
  "miss_1ms": 0.0,
  "raw": [
    0.4349760115146637,
    0.43670400977134705,
    0.43772798776626587,
    0.44761601090431213,
    0.4359680116176605,
    0.43667200207710266,
    0.4413439929485321,
    0.4357439875602722,
    0.43484801054000854,
    0.4371199905872345,
    0.43536001443862915,
    0.4386880099773407,
    0.43430399894714355,
    0.43641600012779236,
    0.43539199233055115,
    0.4347200095653534,
    0.4339520037174225,
    0.4374080002307892,
    0.43696001172065735,
    0.4373759925365448,
    0.4359999895095825,
    0.4373440146446228,
    0.4373440146446228,
    0.43558400869369507,
    0.4346559941768646,
    0.4368959963321686,
    0.43718400597572327,
    0.435263991355896,
    0.4349119961261749,
    0.4367679953575134,
    0.4357120096683502,
    0.43513599038124084,
    0.43615999817848206,
    0.4370880126953125,
    0.4379520118236542,
    0.43558400869369507,
    0.43331199884414673,
    0.43427199125289917,
    0.434143990278244,
    0.4342080056667328,
    0.4312640130519867,
    0.4350079894065857,
    0.4343680143356323,
    0.43404799699783325,
    0.43372800946235657,
    0.43558400869369507,
    0.43590399622917175,
    0.4437119960784912,
    0.4344640076160431,
    0.4344640076160431
  ]
}