{
  "label": "q32b2n_baseline_nid001641_g3",
  "num_cells": 8,
  "graph_mode": 1,
  "mode": "GRAPH",
  "mean_ms": 0.4934310394525528,
  "per_cell_ms": 0.0616788799315691,
  "p95_ms": 0.44511039853096007,
  "p99_ms": 1.9157327920198384,
  "miss_1ms": 0.02,
  "raw": [
    0.43510401248931885,
    0.43539199233055115,
    0.43612799048423767,
    0.434688001871109,
    0.4336639940738678,
    0.4368320107460022,
    0.4362240135669708,
    0.4344319999217987,
    0.4336639940738678,
    0.43510401248931885,
    0.43590399622917175,
    0.43382400274276733,
    0.43331199884414673,
    0.43379199504852295,
    0.4362559914588928,
    0.43539199233055115,
    0.4448640048503876,
    0.43542400002479553,
    0.43587198853492737,
    0.4342400133609772,
    0.4338879883289337,
    0.43481600284576416,
    0.4360640048980713,
    0.4343999922275543,
    0.4423680007457733,
    0.4359999895095825,
    0.4359999895095825,
    0.4453119933605194,
    0.4339520037174225,
    0.4330880045890808,
    0.4360960125923157,
    0.435232013463974,
    0.44441598653793335,
    0.4328640103340149,
    0.43433600664138794,
    0.4466879963874817,
    0.43276798725128174,
    0.43251198530197144,
    0.4326399862766266,
    0.43190398812294006,
    0.4416640102863312,
    0.4325439929962158,
    0.43430399894714355,
    0.43212801218032837,
    0.43270400166511536,
    0.436352014541626,
    0.43619200587272644,
    0.43136000633239746,
    0.43167999386787415,
    3.3271679878234863
  ]
}