{
  "label": "s2n4g_gpt2_nid002688_g1",
  "num_cells": 8,
  "graph_mode": 1,
  "mode": "GRAPH",
  "mean_ms": 0.4336883181333542,
  "per_cell_ms": 0.05421103976666927,
  "p95_ms": 0.43670719414949416,
  "p99_ms": 0.43909695774316787,
  "miss_1ms": 0.0,
  "raw": [
    0.4350399971008301,
    0.43644800782203674,
    0.4330559968948364,
    0.4346559941768646,
    0.43487998843193054,
    0.4336960017681122,
    0.434688001871109,
    0.43408000469207764,
    0.43456000089645386,
    0.43513599038124084,
    0.42735999822616577,
    0.4343999922275543,
    0.43513599038124084,
    0.43558400869369507,
    0.43302398920059204,
    0.4322560131549835,
    0.4349760115146637,
    0.4333760142326355,
    0.43459200859069824,
    0.43193599581718445,
    0.4325439929962158,
    0.437824010848999,
    0.4291839897632599,
    0.43375998735427856,
    0.43427199125289917,
    0.43667200207710266,
    0.43241599202156067,
    0.435232013463974,
    0.43487998843193054,
    0.43587198853492737,
    0.4365119934082031,
    0.4341759979724884,
    0.4347519874572754,
    0.4278079867362976,
    0.42742401361465454,
    0.43430399894714355,
    0.434112012386322,
    0.4350079894065857,
    0.4350399971008301,
    0.42607998847961426,
    0.4403199851512909,
    0.4264959990978241,
    0.4283199906349182,
    0.4343999922275543,
    0.4363200068473816,
    0.4294719994068146,
    0.43673598766326904,
    0.4344319999217987,
    0.4349440038204193,
    0.4362240135669708
  ]
}