{
  "label": "mig72_2n_qwen_nid008660_g2",
  "num_cells": 8,
  "graph_mode": 1,
  "mode": "GRAPH",
  "mean_ms": 0.49549184143543246,
  "per_cell_ms": 0.06193648017942906,
  "p95_ms": 0.5528384029865263,
  "p99_ms": 0.6221673595905304,
  "miss_1ms": 0.0,
  "raw": [
    0.6382079720497131,
    0.49427199363708496,
    0.5097280144691467,
    0.4978240132331848,
    0.5030400156974792,
    0.47942399978637695,
    0.48627200722694397,
    0.47891199588775635,
    0.47942399978637695,
    0.4713599979877472,
    0.4787519872188568,
    0.48182401061058044,
    0.476639986038208,
    0.49244800209999084,
    0.4813440144062042,
    0.48204800486564636,
    0.48233601450920105,
    0.47839999198913574,
    0.4986880123615265,
    0.4808639883995056,
    0.479775995016098,
    0.5776640176773071,
    0.48812800645828247,
    0.48953598737716675,
    0.49033600091934204,
    0.49353599548339844,
    0.4923839867115021,
    0.5005760192871094,
    0.5017279982566833,
    0.495168000459671,
    0.6054720282554626,
    0.49091199040412903,
    0.48761600255966187,
    0.48156800866127014,
    0.4872640073299408,
    0.48499199748039246,
    0.4938240051269531,
    0.5224959850311279,
    0.4962559938430786,
    0.4838080108165741,
    0.48368000984191895,
    0.48364800214767456,
    0.48089599609375,
    0.4872640073299408,
    0.4832319915294647,
    0.48476800322532654,
    0.4827199876308441,
    0.48745599389076233,
    0.5027520060539246,
    0.4833280146121979
  ]
}