{
  "label": "g40_sm50",
  "num_cells": 20,
  "num_tx": 4,
  "num_rx": 4,
  "mcs": 2,
  "hbm_pct": 43.6,
  "stats": {
    "name": "g40_sm50",
    "count": 100,
    "mean_ms": 15.197085747122765,
    "std_ms": 0.976463411819583,
    "p50_ms": 14.744960010051727,
    "p95_ms": 17.371255919337273,
    "p99_ms": 18.487596452832225,
    "min_ms": 14.68374389410019,
    "max_ms": 18.767615914344788,
    "jitter": 0.0642533330447553
  },
  "miss_1ms": 1.0,
  "raw": [
    16.965792059898376,
    18.484767973423004,
    18.767615914344788,
    16.978495955467224,
    17.06383991241455,
    18.38451188802719,
    14.790207982063293,
    14.723711967468262,
    14.743167996406555,
    14.728352069854736,
    14.75379192829132,
    14.719872057437897,
    14.738175868988037,
    17.367551922798157,
    15.195647835731506,
    14.80047994852066,
    17.946687936782837,
    14.745919942855835,
    14.77407991886139,
    14.70956802368164,
    14.758015990257263,
    14.766719996929169,
    14.767904043197632,
    14.756191968917847,
    16.06883192062378,
    16.69376003742218,
    14.853375971317291,
    14.870144188404083,
    14.74620795249939,
    14.727039992809296,
    14.71887993812561,
    14.743488073348999,
    14.782687902450562,
    14.766496062278748,
    14.745119988918304,
    14.738176107406616,
    17.05097597837448,
    15.416319906711578,
    14.773344159126282,
    14.70691204071045,
    14.728544175624847,
    14.75843197107315,
    14.843360006809235,
    14.727392017841339,
    14.724415898323059,
    14.723103940486908,
    14.686304032802582,
    15.525087893009186,
    16.909279882907867,
    14.700672149658203,
    14.72764801979065,
    14.688799977302551,
    14.742399871349335,
    14.69974410533905,
    14.738656103610992,
    14.813791930675507,
    14.741375923156738,
    14.729663968086243,
    14.713215947151184,
    16.759840071201324,
    15.670335829257965,
    14.721855878829956,
    14.693311929702759,
    14.71891188621521,
    14.693952023983002,
    14.70876806974411,
    14.7123521566391,
    14.735840022563934,
    14.74480003118515,
    14.713823974132538,
    15.25027197599411,
    17.176767945289612,
    14.832352042198181,
    14.727807939052582,
    14.68374389410019,
    14.708288133144379,
    14.727039873600006,
    14.75024002790451,
    14.738591969013214,
    14.714656054973602,
    14.726912081241608,
    14.707360088825226,
    16.51206409931183,
    15.957023799419403,
    14.763679921627045,
    14.763712108135223,
    14.726847887039185,
    14.86243200302124,
    14.813856065273285,
    14.710304081439972,
    14.726687967777252,
    14.739040076732635,
    14.769759893417358,
    14.9825279712677,
    17.441631853580475,
    14.772799968719482,
    14.691167950630188,
    14.708703994750977,
    14.690400004386902,
    14.703392028808594
  ]
}