{
  "label": "s4n_baseline_n1",
  "num_cells": 8,
  "graph_mode": 1,
  "mode": "GRAPH",
  "mean_ms": 0.4338585603237152,
  "per_cell_ms": 0.0542323200404644,
  "p95_ms": 0.4363424062728882,
  "p99_ms": 0.43818336248397827,
  "miss_1ms": 0.0,
  "raw": [
    0.4307520091533661,
    0.43347200751304626,
    0.43408000469207764,
    0.4322879910469055,
    0.4331519901752472,
    0.43331199884414673,
    0.4339199960231781,
    0.4323520064353943,
    0.43587198853492737,
    0.4365440011024475,
    0.4334399998188019,
    0.4355520009994507,
    0.43372800946235657,
    0.43267199397087097,
    0.43353599309921265,
    0.43408000469207764,
    0.4328640103340149,
    0.434112012386322,
    0.4325439929962158,
    0.4323520064353943,
    0.4312959909439087,
    0.4338879883289337,
    0.4339199960231781,
    0.4320000112056732,
    0.4314559996128082,
    0.4338560104370117,
    0.43699198961257935,
    0.4346559941768646,
    0.4347519874572754,
    0.4352000057697296,
    0.43561598658561707,
    0.43408000469207764,
    0.4347519874572754,
    0.43932801485061646,
    0.4354560077190399,
    0.43219199776649475,
    0.4320639967918396,
    0.43356800079345703,
    0.4344640076160431,
    0.43372800946235657,
    0.43273600935935974,
    0.4336639940738678,
    0.43462398648262024,
    0.4322560131549835,
    0.43193599581718445,
    0.4334079921245575,
    0.4343680143356323,
    0.4360960125923157,
    0.4347839951515198,
    0.43516799807548523
  ]
}