{
  "label": "mig72_4n_qwen_nid008633_g1",
  "num_cells": 8,
  "graph_mode": 1,
  "mode": "GRAPH",
  "mean_ms": 0.5686361593008041,
  "per_cell_ms": 0.07107951991260052,
  "p95_ms": 1.0552799642086028,
  "p99_ms": 1.5088422596454607,
  "miss_1ms": 0.1,
  "raw": [
    0.5053759813308716,
    0.5601599812507629,
    0.5147519707679749,
    0.5235199928283691,
    0.5342079997062683,
    0.4910080134868622,
    0.48124799132347107,
    0.4787839949131012,
    0.4824959933757782,
    0.4798080027103424,
    0.48214399814605713,
    0.47571200132369995,
    0.4782400131225586,
    0.47910401225090027,
    0.48236799240112305,
    0.4859839975833893,
    0.4838399887084961,
    0.48214399814605713,
    0.5134080052375793,
    0.5435519814491272,
    0.4859200119972229,
    0.4850560128688812,
    0.4821760058403015,
    0.48076799511909485,
    0.4792959988117218,
    0.4870719909667969,
    0.5518720149993896,
    0.48899200558662415,
    0.47910401225090027,
    0.4835520088672638,
    0.4952639937400818,
    0.4727360010147095,
    0.4798080027103424,
    0.49292799830436707,
    0.4808320105075836,
    0.4744639992713928,
    0.47808000445365906,
    0.4832960069179535,
    0.4835520088672638,
    1.865280032157898,
    0.4872319996356964,
    0.48742398619651794,
    0.4818879961967468,
    1.0101120471954346,
    0.6860479712486267,
    1.083359956741333,
    0.4800319969654083,
    1.1378560066223145,
    1.0209599733352661,
    0.48899200558662415
  ]
}