{
  "label": "g40_resnet128",
  "num_cells": 20,
  "num_tx": 4,
  "num_rx": 4,
  "mcs": 2,
  "hbm_pct": 53.2,
  "stats": {
    "name": "g40_resnet128",
    "count": 100,
    "mean_ms": 61.202453104257586,
    "std_ms": 5.097975986037095,
    "p50_ms": 61.278943836688995,
    "p95_ms": 69.1617338836193,
    "p99_ms": 70.91262042164803,
    "min_ms": 53.45708787441254,
    "max_ms": 72.38700890541077,
    "jitter": 0.08329692238565599
  },
  "miss_1ms": 1.0,
  "raw": [
    55.06979179382324,
    69.1537914276123,
    53.90115225315094,
    70.89772760868073,
    55.767232060432434,
    65.5122879743576,
    58.32172775268555,
    57.69846439361572,
    67.41619181632996,
    53.557536005973816,
    72.38700890541077,
    54.315680146217346,
    67.0272958278656,
    57.69212818145752,
    62.43737554550171,
    61.56886422634125,
    57.362656354904175,
    68.67360019683838,
    54.02719986438751,
    69.80310392379761,
    55.32313632965088,
    65.55939149856567,
    59.267263770103455,
    63.81244766712189,
    59.80863952636719,
    64.24339210987091,
    65.61625576019287,
    57.267168402671814,
    66.82848000526428,
    54.12172818183899,
    67.31062424182892,
    57.71942341327667,
    62.067487716674805,
    64.34668743610382,
    62.26694345474243,
    61.605119824409485,
    53.6085764169693,
    69.79062473773956,
    54.90620744228363,
    65.54403233528137,
    57.65452790260315,
    56.04086410999298,
    67.463711977005,
    54.27468824386597,
    63.96502447128296,
    59.44211196899414,
    63.82064068317413,
    62.33859145641327,
    65.86572802066803,
    59.45926332473755,
    53.64524817466736,
    68.97603142261505,
    54.8314563035965,
    66.71196746826172,
    58.9289276599884,
    60.094175577163696,
    64.09315133094788,
    53.45708787441254,
    69.01651179790497,
    56.03148818016052,
    64.58988797664642,
    59.89948749542236,
    59.46988761425018,
    64.61833560466766,
    53.50876832008362,
    67.78659236431122,
    55.434592843055725,
    62.68092858791351,
    61.352415323257446,
    57.25817549228668,
    62.82521653175354,
    58.087231397628784,
    67.33395195007324,
    56.93827211856842,
    63.27363204956055,
    60.95676863193512,
    55.463008403778076,
    69.31264054775238,
    54.178751707077026,
    67.01939165592194,
    57.23539161682129,
    63.10534405708313,
    61.42204833030701,
    57.18745517730713,
    67.29504013061523,
    55.169599294662476,
    66.18108820915222,
    56.837504386901855,
    63.1536009311676,
    61.205472350120544,
    57.28121495246887,
    66.81295990943909,
    54.04275178909302,
    67.91865658760071,
    58.87536036968231,
    65.77795267105103,
    58.62640035152435,
    60.37497580051422,
    64.01875245571136,
    56.02015995979309
  ]
}