{
  "label": "q32b2n_baseline_nid001640_g3",
  "num_cells": 8,
  "graph_mode": 1,
  "mode": "GRAPH",
  "mean_ms": 0.431832959651947,
  "per_cell_ms": 0.05397911995649338,
  "p95_ms": 0.4403599947690964,
  "p99_ms": 0.4460012859106064,
  "miss_1ms": 0.0,
  "raw": [
    0.4344640076160431,
    0.42895999550819397,
    0.4278720021247864,
    0.4338879883289337,
    0.4350399971008301,
    0.43593600392341614,
    0.4270719885826111,
    0.4341759979724884,
    0.4341759979724884,
    0.4277760088443756,
    0.4341759979724884,
    0.43433600664138794,
    0.4325439929962158,
    0.4256319999694824,
    0.4270080029964447,
    0.4357759952545166,
    0.4278079867362976,
    0.4451200067996979,
    0.4273279905319214,
    0.43238401412963867,
    0.4326399862766266,
    0.44143998622894287,
    0.42793598771095276,
    0.42640000581741333,
    0.43248000741004944,
    0.4357439875602722,
    0.4468480050563812,
    0.4265280067920685,
    0.4258880019187927,
    0.4349119961261749,
    0.4293760061264038,
    0.4270719885826111,
    0.4252159893512726,
    0.4325760006904602,
    0.42524799704551697,
    0.43372800946235657,
    0.42656001448631287,
    0.43507200479507446,
    0.427839994430542,
    0.4329279959201813,
    0.4343680143356323,
    0.43904000520706177,
    0.42905598878860474,
    0.43327999114990234,
    0.42924800515174866,
    0.4368000030517578,
    0.4333760142326355,
    0.4256640076637268,
    0.43379199504852295,
    0.4291200041770935
  ]
}