{
  "label": "q32b4n_qwen32b_nid001461_g0",
  "num_cells": 8,
  "graph_mode": 1,
  "mode": "GRAPH",
  "mean_ms": 0.4437273597717285,
  "per_cell_ms": 0.05546591997146606,
  "p95_ms": 0.4501503974199295,
  "p99_ms": 0.46242335170507426,
  "miss_1ms": 0.0,
  "raw": [
    0.44310399889945984,
    0.44761601090431213,
    0.445279985666275,
    0.4431999921798706,
    0.4418239891529083,
    0.44438400864601135,
    0.43856000900268555,
    0.44332799315452576,
    0.44115200638771057,
    0.4434559941291809,
    0.4376319944858551,
    0.4447680115699768,
    0.44336000084877014,
    0.4522559940814972,
    0.4472639858722687,
    0.44572800397872925,
    0.4461759924888611,
    0.43904000520706177,
    0.4440320134162903,
    0.4435200095176697,
    0.4427199959754944,
    0.4386880099773407,
    0.44470399618148804,
    0.4721919894218445,
    0.4461759924888611,
    0.4379200041294098,
    0.4394879937171936,
    0.4442560076713562,
    0.443807989358902,
    0.4365760087966919,
    0.4360319972038269,
    0.44201600551605225,
    0.4460799992084503,
    0.44304001331329346,
    0.4453760087490082,
    0.4522239863872528,
    0.4413119852542877,
    0.43775999546051025,
    0.4453119933605194,
    0.4376640021800995,
    0.44377601146698,
    0.44099199771881104,
    0.4460799992084503,
    0.4445120096206665,
    0.4442879855632782,
    0.43852800130844116,
    0.44550400972366333,
    0.4442879855632782,
    0.44361600279808044,
    0.44576001167297363
  ]
}