{
  "label": "snrx_large",
  "num_cells": 8,
  "num_tx": 4,
  "num_rx": 4,
  "mcs": 2,
  "hbm_pct": 22.7,
  "stats": {
    "name": "snrx_large",
    "count": 100,
    "mean_ms": 8.25421279489994,
    "std_ms": 0.4397514425469967,
    "p50_ms": 8.188432067632675,
    "p95_ms": 8.418844836950303,
    "p99_ms": 11.188788548111917,
    "min_ms": 7.987968027591705,
    "max_ms": 11.380927920341492,
    "jitter": 0.05327600020424812
  },
  "miss_1ms": 1.0,
  "raw": [
    8.255808055400848,
    8.253183960914612,
    8.110208094120026,
    8.432767987251282,
    8.256831884384155,
    8.213055908679962,
    8.191072046756744,
    8.116319954395294,
    8.227263867855072,
    8.174176096916199,
    8.157504081726074,
    7.987968027591705,
    8.220479965209961,
    8.157088041305542,
    8.168416023254395,
    8.247200012207031,
    8.178848028182983,
    8.254271745681763,
    8.09520012140274,
    8.12745600938797,
    11.380927920341492,
    8.227295875549316,
    8.159007787704468,
    8.128063797950745,
    8.249119937419891,
    8.190335929393768,
    8.09551990032196,
    8.162848114967346,
    8.078784048557281,
    8.168032050132751,
    8.099200129508972,
    8.232319951057434,
    8.175904095172882,
    8.163263857364655,
    8.41811203956604,
    8.171487867832184,
    8.292992055416107,
    8.187968015670776,
    8.128192126750946,
    8.243327975273132,
    8.14000004529953,
    8.231007993221283,
    8.158143997192383,
    8.182463943958282,
    8.24156802892685,
    8.13647997379303,
    8.125183939933777,
    8.004255831241608,
    8.232832133769989,
    8.133055984973907,
    8.252639889717102,
    8.150943994522095,
    8.223232090473175,
    8.248800039291382,
    8.224000036716461,
    8.136672139167786,
    8.268128037452698,
    8.142015993595123,
    8.12694388628006,
    8.242432057857513,
    8.16044807434082,
    8.215040028095245,
    8.186624109745026,
    8.445504069328308,
    8.148959934711456,
    8.196192026138306,
    8.22652792930603,
    8.176512062549591,
    8.21254414319992,
    8.24998390674591,
    8.227071940898895,
    8.226815938949585,
    8.160256206989288,
    11.186847746372223,
    8.13321590423584,
    8.253727912902832,
    8.11075210571289,
    8.134368002414703,
    8.226400077342987,
    8.049888014793396,
    8.161183953285217,
    8.459935903549194,
    8.170336067676544,
    8.218175888061523,
    8.207520008087158,
    8.224735796451569,
    8.284544110298157,
    8.256031930446625,
    8.122143983840942,
    8.167680084705353,
    8.161472022533417,
    8.227487981319427,
    8.141408085823059,
    8.23750388622284,
    8.26089596748352,
    8.159776151180267,
    8.060000002384186,
    8.213023900985718,
    8.188896119594574,
    8.192224085330963
  ]
}