{
  "label": "nv_resnet",
  "num_cells": 8,
  "graph_mode": 1,
  "mode": "GRAPH",
  "mean_ms": 0.6728185653686524,
  "per_cell_ms": 0.08410232067108155,
  "p95_ms": 1.0420192182064054,
  "p99_ms": 1.1198090040683746,
  "miss_1ms": 0.06,
  "raw": [
    1.1206400394439697,
    0.6384320259094238,
    0.7389439940452576,
    0.5867199897766113,
    0.5656639933586121,
    0.6884480118751526,
    0.8361600041389465,
    0.6192319989204407,
    0.5935680270195007,
    0.7065920233726501,
    0.5268160104751587,
    0.5811200141906738,
    0.5248960256576538,
    0.5846719741821289,
    0.5381760001182556,
    0.509984016418457,
    0.5217919945716858,
    0.5617920160293579,
    0.5817279815673828,
    1.1189440488815308,
    0.6102399826049805,
    0.541375994682312,
    0.9051839709281921,
    0.5776640176773071,
    0.8361920118331909,
    0.8408960103988647,
    0.7634559869766235,
    0.838208019733429,
    0.6288639903068542,
    0.5537919998168945,
    0.7001280188560486,
    0.5424320101737976,
    0.5232639908790588,
    0.523360013961792,
    0.5531520247459412,
    0.5649600028991699,
    0.5616639852523804,
    0.5103999972343445,
    0.5616959929466248,
    0.6462399959564209,
    0.9923520088195801,
    0.643775999546051,
    0.5486720204353333,
    1.0826560258865356,
    0.5942720174789429,
    0.8051199913024902,
    0.7407360076904297,
    0.8225600123405457,
    0.8363519906997681,
    0.646943986415863
  ]
}