{
  "label": "thresh_hbm_8.0GB",
  "stats": {
    "name": "thresh_hbm_8.0GB",
    "count": 100,
    "mean_ms": 97.50256851196289,
    "std_ms": 6.560286115223699,
    "p50_ms": 100.15212631225586,
    "p95_ms": 109.25839195251464,
    "p99_ms": 109.32575050354004,
    "min_ms": 81.9303970336914,
    "max_ms": 109.37542724609375,
    "jitter": 0.06728321330754274
  },
  "miss_1ms": 1.0,
  "raw": [
    91.12329864501953,
    91.03763580322266,
    100.24988555908203,
    91.03763580322266,
    102.65267181396484,
    91.11420440673828,
    92.97030639648438,
    91.04393768310547,
    100.30255889892578,
    100.14972686767578,
    91.17916870117188,
    100.13737487792969,
    91.20259094238281,
    100.10784149169922,
    91.1646728515625,
    100.13206481933594,
    100.72716522216797,
    100.14873504638672,
    100.25679779052734,
    100.22067260742188,
    91.0928955078125,
    100.20217895507812,
    91.17680358886719,
    91.01507568359375,
    100.26771545410156,
    100.09983825683594,
    109.30863952636719,
    109.2562255859375,
    91.5033950805664,
    100.19097900390625,
    102.58751678466797,
    100.18460845947266,
    109.37542724609375,
    100.17356872558594,
    100.27401733398438,
    100.1052474975586,
    100.24559783935547,
    100.117919921875,
    82.05638122558594,
    91.08182525634766,
    102.63807678222656,
    91.04409790039062,
    84.03372955322266,
    100.1503677368164,
    83.443359375,
    109.22476959228516,
    100.26022338867188,
    109.17314910888672,
    83.84521484375,
    100.12201690673828,
    91.15923309326172,
    100.18531036376953,
    100.37484741210938,
    109.18540954589844,
    82.0943374633789,
    109.2389144897461,
    102.174560546875,
    91.0469741821289,
    93.20336151123047,
    91.19062042236328,
    91.17967987060547,
    81.9303970336914,
    100.71894073486328,
    100.15996551513672,
    91.16358184814453,
    100.1412124633789,
    100.27385711669922,
    91.09584045410156,
    109.29955291748047,
    100.16649627685547,
    102.22297668457031,
    100.18163299560547,
    93.95996856689453,
    91.03068542480469,
    100.30652618408203,
    100.15484619140625,
    100.26918029785156,
    91.02108764648438,
    100.19452667236328,
    100.17756652832031,
    100.25135803222656,
    100.19181060791016,
    100.34300994873047,
    100.11682891845703,
    100.57689666748047,
    100.17145538330078,
    93.09645080566406,
    91.05039978027344,
    109.32524871826172,
    100.17110443115234,
    109.3135986328125,
    100.15388488769531,
    100.26313781738281,
    91.0604476928711,
    91.1692123413086,
    100.1879653930664,
    93.53846740722656,
    100.1337890625,
    101.37619018554688,
    91.05369567871094
  ]
}