{
  "label": "conc_qwen7b",
  "num_cells": 20,
  "num_tx": 4,
  "num_rx": 4,
  "mcs": 2,
  "concurrent": true,
  "hbm_pct": 82.8,
  "stats": {
    "mean_ms": 21.004028415679933,
    "p50_ms": 15.238431930541992,
    "p95_ms": 43.2779016494751,
    "p99_ms": 89.37130027771006,
    "jitter": 0.6631297574937695
  },
  "miss_1ms": 1.0,
  "raw": [
    28.179872512817383,
    59.65110397338867,
    31.6167049407959,
    38.58812713623047,
    28.46588706970215,
    26.001663208007812,
    26.773344039916992,
    26.792287826538086,
    25.92508888244629,
    25.821727752685547,
    25.224063873291016,
    31.008447647094727,
    46.39593505859375,
    108.88025665283203,
    33.62489700317383,
    23.48736000061035,
    25.89072036743164,
    28.369951248168945,
    26.72697639465332,
    22.6759033203125,
    23.49897575378418,
    19.094303131103516,
    16.765663146972656,
    16.676416397094727,
    18.206111907958984,
    18.970495223999023,
    16.730623245239258,
    16.23811149597168,
    15.263104438781738,
    15.428895950317383,
    15.228192329406738,
    15.266207695007324,
    15.248671531677246,
    15.265888214111328,
    15.270879745483398,
    15.148127555847168,
    43.248863220214844,
    16.061248779296875,
    14.870368003845215,
    14.982368469238281,
    15.00819206237793,
    14.95638370513916,
    14.919296264648438,
    14.815903663635254,
    14.957695960998535,
    14.853631973266602,
    15.079999923706055,
    15.631999969482422,
    16.968992233276367,
    14.883487701416016,
    14.964832305908203,
    14.848128318786621,
    14.817407608032227,
    14.813823699951172,
    14.732255935668945,
    14.992639541625977,
    14.729632377624512,
    14.669983863830566,
    15.20956802368164,
    89.17424011230469,
    34.48457717895508,
    14.664511680603027,
    14.752608299255371,
    14.711104393005371,
    14.642399787902832,
    14.572671890258789,
    14.833855628967285,
    14.717984199523926,
    14.657183647155762,
    14.760831832885742,
    15.35206413269043,
    21.99884796142578,
    14.79088020324707,
    15.295071601867676,
    15.223711967468262,
    15.079551696777344,
    14.54867172241211,
    14.705183982849121,
    15.257568359375,
    15.100799560546875,
    14.96390438079834,
    14.961407661437988,
    43.82963180541992,
    35.10492706298828,
    14.743871688842773,
    14.805439949035645,
    14.971712112426758,
    15.481056213378906,
    14.561344146728516,
    15.118592262268066,
    14.618783950805664,
    14.644672393798828,
    14.751520156860352,
    14.881279945373535,
    17.921119689941406,
    14.97980785369873,
    17.760000228881836,
    16.050975799560547,
    14.953439712524414,
    14.557344436645508
  ]
}