{
  "label": "mig72_1n_base_nid008649_g2",
  "num_cells": 8,
  "graph_mode": 1,
  "mode": "GRAPH",
  "mean_ms": 0.5196684801578522,
  "per_cell_ms": 0.06495856001973152,
  "p95_ms": 0.5296703964471817,
  "p99_ms": 0.5318057745695114,
  "miss_1ms": 0.0,
  "raw": [
    0.5182080268859863,
    0.5215039849281311,
    0.5203520059585571,
    0.5184640288352966,
    0.5303040146827698,
    0.5197439789772034,
    0.532480001449585,
    0.5186880230903625,
    0.519648015499115,
    0.5202239751815796,
    0.5185279846191406,
    0.5181760191917419,
    0.5187519788742065,
    0.5311040282249451,
    0.5193279981613159,
    0.517632007598877,
    0.5172160267829895,
    0.5191360116004944,
    0.5171200037002563,
    0.5192959904670715,
    0.5175039768218994,
    0.516864001750946,
    0.51801598072052,
    0.5193279981613159,
    0.5165119767189026,
    0.5180479884147644,
    0.5178239941596985,
    0.5175679922103882,
    0.5264319777488708,
    0.5193279981613159,
    0.5175679922103882,
    0.5169600248336792,
    0.5183680057525635,
    0.5186880230903625,
    0.5171520113945007,
    0.5172479748725891,
    0.5210880041122437,
    0.5182719826698303,
    0.5172479748725891,
    0.5169600248336792,
    0.5159680247306824,
    0.51801598072052,
    0.5172160267829895,
    0.5177919864654541,
    0.5168960094451904,
    0.5196800231933594,
    0.5200960040092468,
    0.5288959741592407,
    0.5222079753875732,
    0.5237759947776794
  ]
}