{
  "label": "m2n_baseline_nid001373_g2",
  "num_cells": 8,
  "graph_mode": 1,
  "mode": "GRAPH",
  "mean_ms": 0.43522368252277377,
  "per_cell_ms": 0.05440296031534672,
  "p95_ms": 0.43718079924583436,
  "p99_ms": 0.4435040086507797,
  "miss_1ms": 0.0,
  "raw": [
    0.435232013463974,
    0.4362879991531372,
    0.43673598766326904,
    0.43779200315475464,
    0.4342080056667328,
    0.4368639886379242,
    0.435263991355896,
    0.43484801054000854,
    0.4489920139312744,
    0.43641600012779236,
    0.4363200068473816,
    0.43536001443862915,
    0.4359680116176605,
    0.43744000792503357,
    0.43673598766326904,
    0.434688001871109,
    0.43462398648262024,
    0.43532800674438477,
    0.4368320107460022,
    0.43484801054000854,
    0.435232013463974,
    0.4355520009994507,
    0.4357759952545166,
    0.4301759898662567,
    0.4349440038204193,
    0.43587198853492737,
    0.43481600284576416,
    0.4338560104370117,
    0.4352000057697296,
    0.4357120096683502,
    0.43487998843193054,
    0.4322560131549835,
    0.4328320026397705,
    0.4341759979724884,
    0.43350398540496826,
    0.4328640103340149,
    0.43241599202156067,
    0.4342400133609772,
    0.4338879883289337,
    0.4331839978694916,
    0.43187201023101807,
    0.4362879991531372,
    0.43558400869369507,
    0.4350399971008301,
    0.4349119961261749,
    0.4342400133609772,
    0.43459200859069824,
    0.4357120096683502,
    0.43481600284576416,
    0.4359680116176605
  ]
}