{
  "label": "v2_hbm_0.5GB",
  "stats": {
    "name": "v2_hbm_0.5GB",
    "count": 100,
    "mean_ms": 10.550950117111206,
    "std_ms": 3.6547630769701462,
    "p50_ms": 8.934704303741455,
    "p95_ms": 20.308917427062987,
    "p99_ms": 24.622265357971195,
    "min_ms": 7.372735977172852,
    "max_ms": 25.23619270324707,
    "jitter": 0.34639184494323066
  },
  "miss_1ms": 1.0,
  "raw": [
    8.940159797668457,
    7.372735977172852,
    8.913984298706055,
    9.521471977233887,
    10.629152297973633,
    10.269599914550781,
    14.560832023620605,
    10.283935546875,
    8.925344467163086,
    9.537664413452148,
    8.963359832763672,
    8.81827163696289,
    8.936384201049805,
    14.634143829345703,
    15.381088256835938,
    10.270976066589355,
    8.930944442749023,
    8.820320129394531,
    8.203136444091797,
    8.086175918579102,
    8.205280303955078,
    8.825823783874512,
    14.987456321716309,
    11.692768096923828,
    20.522720336914062,
    8.82483196258545,
    8.933024406433105,
    8.811424255371094,
    22.94313621520996,
    11.023167610168457,
    12.77228832244873,
    8.796863555908203,
    8.939711570739746,
    8.07795238494873,
    8.238880157470703,
    11.006784439086914,
    13.203295707702637,
    10.265312194824219,
    8.920831680297852,
    9.55561637878418,
    8.940671920776367,
    8.082271575927734,
    8.92636775970459,
    8.085472106933594,
    14.399359703063965,
    11.719103813171387,
    15.515263557434082,
    8.091903686523438,
    8.849151611328125,
    9.549280166625977,
    9.654303550720215,
    8.098912239074707,
    8.19702434539795,
    8.83135986328125,
    25.23619270324707,
    9.53388786315918,
    8.926719665527344,
    10.272064208984375,
    8.37279987335205,
    8.092320442199707,
    8.236479759216309,
    8.081119537353516,
    20.297664642333984,
    10.270048141479492,
    15.160544395446777,
    8.82470417022705,
    7.468255996704102,
    8.093664169311523,
    8.209600448608398,
    8.923135757446289,
    8.192288398742676,
    11.014016151428223,
    21.389728546142578,
    10.977567672729492,
    8.921536445617676,
    8.81612777709961,
    8.200480461120605,
    8.82367992401123,
    8.194080352783203,
    8.821855545043945,
    15.673952102661133,
    10.268320083618164,
    14.942079544067383,
    8.815391540527344,
    8.190719604492188,
    9.56383991241455,
    8.947936058044434,
    8.102368354797363,
    8.947456359863281,
    11.713536262512207,
    13.40675163269043,
    9.536543846130371,
    8.20143985748291,
    9.52393627166748,
    8.239487648010254,
    8.815360069274902,
    8.929408073425293,
    8.838272094726562,
    24.616064071655273,
    10.984288215637207
  ]
}