{
  "label": "mig72_2n_qwen_nid008657_g2",
  "num_cells": 8,
  "graph_mode": 1,
  "mode": "GRAPH",
  "mean_ms": 0.5138841611146927,
  "per_cell_ms": 0.06423552013933659,
  "p95_ms": 0.5718911975622176,
  "p99_ms": 0.5929763233661651,
  "miss_1ms": 0.0,
  "raw": [
    0.4907520115375519,
    0.49856001138687134,
    0.48396798968315125,
    0.49164798855781555,
    0.5368000268936157,
    0.5123199820518494,
    0.49529600143432617,
    0.5581120252609253,
    0.5864319801330566,
    0.49561598896980286,
    0.5061119794845581,
    0.5115839838981628,
    0.5049920082092285,
    0.520799994468689,
    0.5033599734306335,
    0.5106559991836548,
    0.48659199476242065,
    0.5007680058479309,
    0.4841279983520508,
    0.522816002368927,
    0.5197759866714478,
    0.5033599734306335,
    0.5798400044441223,
    0.5538880228996277,
    0.5029439926147461,
    0.4901120066642761,
    0.5338240265846252,
    0.5119360089302063,
    0.5147200226783752,
    0.5345919728279114,
    0.4864960014820099,
    0.5017920136451721,
    0.5174400210380554,
    0.5114240050315857,
    0.4877760112285614,
    0.49779200553894043,
    0.5045760273933411,
    0.5076799988746643,
    0.4933759868144989,
    0.562175989151001,
    0.5023040175437927,
    0.5992640256881714,
    0.5150719881057739,
    0.538815975189209,
    0.5501760244369507,
    0.5095040202140808,
    0.48342400789260864,
    0.5026559829711914,
    0.4811519980430603,
    0.4950079917907715
  ]
}