{
  "label": "m4n_full_nid001761_g3",
  "num_cells": 8,
  "graph_mode": 1,
  "mode": "GRAPH",
  "mean_ms": 0.9304659247398377,
  "per_cell_ms": 0.11630824059247971,
  "p95_ms": 1.0502992510795592,
  "p99_ms": 1.0832083296775816,
  "miss_1ms": 0.26,
  "raw": [
    1.0121279954910278,
    0.8860480189323425,
    0.9859520196914673,
    0.9011840224266052,
    1.0450559854507446,
    0.8798720240592957,
    0.8684800267219543,
    0.8794879913330078,
    0.8899520039558411,
    0.8619840145111084,
    0.8915519714355469,
    1.026911973953247,
    0.9229120016098022,
    0.9362239837646484,
    0.9127359986305237,
    1.0257920026779175,
    0.8765760064125061,
    1.1134079694747925,
    0.9217280149459839,
    1.0299839973449707,
    0.9654719829559326,
    0.8769599795341492,
    0.865664005279541,
    1.0306240320205688,
    0.7049599885940552,
    0.8872640132904053,
    0.9910079836845398,
    0.8744320273399353,
    0.8835200071334839,
    0.8656319975852966,
    0.8787199854850769,
    1.0269440412521362,
    0.8840960264205933,
    1.0517760515213013,
    0.9635840058326721,
    1.0487680435180664,
    0.9498239755630493,
    0.8739200234413147,
    0.9051200151443481,
    1.0249279737472534,
    0.9329599738121033,
    0.9423040151596069,
    0.8606079816818237,
    1.0515520572662354,
    0.9622079730033875,
    0.8786560297012329,
    0.8677759766578674,
    1.0266560316085815,
    0.6990399956703186,
    0.8803520202636719
  ]
}