{
  "label": "m2n_full_nid001373_g2",
  "num_cells": 8,
  "graph_mode": 1,
  "mode": "GRAPH",
  "mean_ms": 2.2204716753959657,
  "per_cell_ms": 0.2775589594244957,
  "p95_ms": 4.2949054479598985,
  "p99_ms": 4.537530083656311,
  "miss_1ms": 0.98,
  "raw": [
    1.7865920066833496,
    1.342303991317749,
    1.5616639852523804,
    1.0140479803085327,
    2.814016103744507,
    2.7448959350585938,
    3.8801920413970947,
    4.524767875671387,
    2.6663360595703125,
    2.2038400173187256,
    2.4744958877563477,
    1.5651520490646362,
    1.516800045967102,
    1.262495994567871,
    1.2817920446395874,
    1.7451839447021484,
    0.9938240051269531,
    2.8118081092834473,
    2.743648052215576,
    3.8939199447631836,
    4.5497918128967285,
    2.6498560905456543,
    2.1783039569854736,
    2.579040050506592,
    1.621216058731079,
    1.386847972869873,
    1.2604479789733887,
    1.4555840492248535,
    1.4661760330200195,
    1.0437120199203491,
    2.9578559398651123,
    3.812608003616333,
    4.054207801818848,
    2.2328319549560547,
    1.4810559749603271,
    2.2189760208129883,
    2.088671922683716,
    1.1917760372161865,
    1.3650879859924316,
    1.519711971282959,
    1.5206400156021118,
    1.4038079977035522,
    1.045151948928833,
    2.978976011276245,
    4.49183988571167,
    3.947999954223633,
    2.205888032913208,
    2.242464065551758,
    2.0872321128845215,
    1.1580480337142944
  ]
}