{
  "label": "m4n_full_nid001764_g1",
  "num_cells": 8,
  "graph_mode": 1,
  "mode": "GRAPH",
  "mean_ms": 1.8924992096424103,
  "per_cell_ms": 0.23656240120530128,
  "p95_ms": 5.930598300695399,
  "p99_ms": 9.273287372589111,
  "miss_1ms": 0.96,
  "raw": [
    1.4179840087890625,
    9.215871810913086,
    1.9152640104293823,
    1.852895975112915,
    1.4441920518875122,
    1.40556800365448,
    1.4039360284805298,
    1.4256960153579712,
    1.8657920360565186,
    1.412608027458191,
    1.416543960571289,
    1.4721280336380005,
    1.460960030555725,
    9.237024307250977,
    1.4641920328140259,
    1.4188159704208374,
    1.4061440229415894,
    1.3906559944152832,
    1.2961920499801636,
    0.9783679842948914,
    1.4457919597625732,
    1.0017600059509277,
    1.4417920112609863,
    1.4335360527038574,
    1.3806079626083374,
    1.8692799806594849,
    1.313472032546997,
    0.985759973526001,
    1.4605439901351929,
    1.0197759866714478,
    1.4188159704208374,
    1.437824010848999,
    1.4275200366973877,
    1.3945280313491821,
    1.4271039962768555,
    1.4181439876556396,
    1.4445439577102661,
    1.40665602684021,
    1.4205440282821655,
    1.4226239919662476,
    1.4164799451828003,
    9.308128356933594,
    1.4538880586624146,
    1.4169600009918213,
    1.4368000030517578,
    1.4305919408798218,
    1.3654719591140747,
    1.4437439441680908,
    1.4271999597549438,
    1.4542399644851685
  ]
}