{
  "label": "real4gpu_resnet_gpu0",
  "num_cells": 4,
  "hbm_used_pct": 16.0,
  "stats": {
    "name": "real4gpu_resnet_gpu0",
    "count": 100,
    "mean_ms": 64.44409922599793,
    "std_ms": 2.1684537056790276,
    "p50_ms": 63.943968296051025,
    "p95_ms": 67.68955993652344,
    "p99_ms": 71.85877283096318,
    "min_ms": 62.23856067657471,
    "max_ms": 78.87801837921143,
    "jitter": 0.03364859982097839
  },
  "miss_1ms": 1.0,
  "raw": [
    62.73033618927002,
    65.44252681732178,
    67.50553607940674,
    62.74684810638428,
    64.4726734161377,
    65.42499160766602,
    63.22886371612549,
    65.16867160797119,
    63.03107166290283,
    63.5959358215332,
    62.91856002807617,
    63.39011096954346,
    67.95631980895996,
    62.6559362411499,
    64.05523300170898,
    63.93033695220947,
    64.2568006515503,
    68.70246315002441,
    65.25065517425537,
    62.43769645690918,
    64.62156867980957,
    63.96214485168457,
    66.63843154907227,
    63.119872093200684,
    64.25929641723633,
    63.13353443145752,
    62.23856067657471,
    64.86057567596436,
    66.70083141326904,
    71.78787136077881,
    64.43740844726562,
    64.28531074523926,
    63.54799938201904,
    63.31606578826904,
    64.65996837615967,
    64.14934539794922,
    63.69641590118408,
    64.03840065002441,
    64.69174289703369,
    64.10591888427734,
    64.38508892059326,
    63.55097675323486,
    64.87823963165283,
    62.57087993621826,
    63.61628818511963,
    62.70204830169678,
    66.87718391418457,
    63.32588768005371,
    62.59446334838867,
    64.45011138916016,
    63.14627265930176,
    63.57692813873291,
    65.63545608520508,
    66.54262351989746,
    63.59766387939453,
    62.91708755493164,
    64.55804634094238,
    68.39708709716797,
    62.949472427368164,
    63.2149133682251,
    66.53849601745605,
    63.164671897888184,
    67.6755199432373,
    63.41129684448242,
    62.872992515563965,
    63.95759963989258,
    64.87769603729248,
    63.5117130279541,
    66.87462425231934,
    63.509087562561035,
    63.32230281829834,
    62.882272720336914,
    63.12451171875,
    66.14368057250977,
    65.1011848449707,
    65.42569828033447,
    62.95676803588867,
    63.29305458068848,
    63.342912673950195,
    62.844319343566895,
    65.8167667388916,
    64.77206420898438,
    62.671488761901855,
    63.63609600067139,
    78.87801837921143,
    63.48646545410156,
    62.346431732177734,
    64.14147090911865,
    62.93203258514404,
    63.564735412597656,
    64.12144088745117,
    64.1968002319336,
    65.71568012237549,
    63.053215980529785,
    65.20454406738281,
    66.10825538635254,
    62.36880016326904,
    63.78508758544922,
    63.344895362854004,
    64.79567909240723
  ]
}