{
  "label": "sm60_1cell",
  "sm_pct": 60,
  "stats": {
    "name": "sm60_1cell",
    "count": 100,
    "mean_ms": 1.9720755207538605,
    "std_ms": 2.2273971566762563,
    "p50_ms": 1.0837599635124207,
    "p95_ms": 7.75994861125946,
    "p99_ms": 8.186605739593528,
    "min_ms": 0.8398720026016235,
    "max_ms": 12.312704086303711,
    "jitter": 1.1294684880144927
  },
  "miss_1ms": 0.63,
  "raw": [
    1.0902400016784668,
    0.8499199748039246,
    1.1005439758300781,
    0.8484159708023071,
    1.0666240453720093,
    2.0652480125427246,
    7.668896198272705,
    2.854912042617798,
    8.12112045288086,
    0.8994560241699219,
    1.136288046836853,
    0.8955519795417786,
    1.1383039951324463,
    0.8914880156517029,
    1.0686399936676025,
    0.8499199748039246,
    1.1172480583190918,
    0.8517439961433411,
    1.1225279569625854,
    0.8407679796218872,
    1.066912055015564,
    0.8424000144004822,
    1.0733439922332764,
    0.8612480163574219,
    1.137120008468628,
    1.695520043373108,
    8.049887657165527,
    2.9238719940185547,
    8.144927978515625,
    3.0542399883270264,
    5.216224193572998,
    0.898144006729126,
    1.1295679807662964,
    0.8754559755325317,
    1.0992319583892822,
    0.8507519960403442,
    1.1225919723510742,
    0.8892800211906433,
    1.1327040195465088,
    0.8965439796447754,
    1.079327940940857,
    0.8926399946212769,
    1.1276479959487915,
    0.8898879885673523,
    1.1282559633255005,
    0.8891199827194214,
    3.3224639892578125,
    3.0330560207366943,
    7.489855766296387,
    2.70249605178833,
    7.7505598068237305,
    0.8770560026168823,
    1.0705599784851074,
    0.8726400136947632,
    1.1005760431289673,
    0.89164799451828,
    1.1040960550308228,
    0.856768012046814,
    1.0817279815673828,
    0.8678079843521118,
    1.1283520460128784,
    0.8481280207633972,
    1.0645439624786377,
    0.8398720026016235,
    1.0748800039291382,
    0.856607973575592,
    1.0593279600143433,
    1.6908479928970337,
    7.93833589553833,
    3.093503952026367,
    6.556672096252441,
    3.0473599433898926,
    1.093183994293213,
    0.8703680038452148,
    1.0979520082473755,
    0.9198079705238342,
    1.1270400285720825,
    0.8833280205726624,
    1.1199040412902832,
    0.8455359935760498,
    1.1355520486831665,
    0.8662400245666504,
    1.0857919454574585,
    0.8415359854698181,
    1.063423991203308,
    0.84198397397995,
    1.061792016029358,
    1.508128046989441,
    12.312704086303711,
    2.0320959091186523,
    7.298336029052734,
    3.3597118854522705,
    1.3946559429168701,
    0.8410879969596863,
    1.0708160400390625,
    0.8431040048599243,
    1.1234240531921387,
    0.9069120287895203,
    1.1245440244674683,
    0.8741440176963806
  ]
}