{
  "label": "s4n4g_gpt2_nid003956_g1",
  "num_cells": 8,
  "graph_mode": 1,
  "mode": "GRAPH",
  "mean_ms": 0.43394559919834136,
  "per_cell_ms": 0.05424319989979267,
  "p95_ms": 0.4381760060787201,
  "p99_ms": 0.4394460770487785,
  "miss_1ms": 0.0,
  "raw": [
    0.4330559968948364,
    0.43324801325798035,
    0.4376640021800995,
    0.43375998735427856,
    0.4315199851989746,
    0.43372800946235657,
    0.4362240135669708,
    0.4344319999217987,
    0.43484801054000854,
    0.4349119961261749,
    0.434143990278244,
    0.4338879883289337,
    0.4381760060787201,
    0.43382400274276733,
    0.4381760060787201,
    0.4325439929962158,
    0.4347200095653534,
    0.43459200859069824,
    0.4397439956665039,
    0.43110400438308716,
    0.43584001064300537,
    0.4339199960231781,
    0.4336319863796234,
    0.43190398812294006,
    0.4320000112056732,
    0.4338560104370117,
    0.4338879883289337,
    0.43222400546073914,
    0.43190398812294006,
    0.4342400133609772,
    0.43456000089645386,
    0.43222400546073914,
    0.4311999976634979,
    0.43382400274276733,
    0.4347519874572754,
    0.43193599581718445,
    0.4323520064353943,
    0.4344959855079651,
    0.4329279959201813,
    0.4310399889945984,
    0.4315199851989746,
    0.43270400166511536,
    0.4345279932022095,
    0.4344319999217987,
    0.43913599848747253,
    0.435808002948761,
    0.43561598658561707,
    0.43187201023101807,
    0.432096004486084,
    0.4325439929962158
  ]
}