{
  "label": "eval_A_gpt2",
  "num_cells": 8,
  "graph_mode": 1,
  "mode": "GRAPH",
  "mean_ms": 0.549857281446457,
  "per_cell_ms": 0.06873216018080712,
  "p95_ms": 0.5826320022344588,
  "p99_ms": 0.6280153656005859,
  "miss_1ms": 0.0,
  "raw": [
    0.5437120199203491,
    0.5459200143814087,
    0.5455359816551208,
    0.5513920187950134,
    0.5461440086364746,
    0.5431360006332397,
    0.5437759757041931,
    0.5427520275115967,
    0.5418559908866882,
    0.5428159832954407,
    0.554144024848938,
    0.5488640069961548,
    0.6239680051803589,
    0.5436480045318604,
    0.5435839891433716,
    0.5429120063781738,
    0.5425919890403748,
    0.5439040064811707,
    0.5440959930419922,
    0.5419520139694214,
    0.5427839756011963,
    0.5427520275115967,
    0.6319040060043335,
    0.5428159832954407,
    0.5432959794998169,
    0.5431039929389954,
    0.5440000295639038,
    0.5989760160446167,
    0.5421760082244873,
    0.543615996837616,
    0.5445119738578796,
    0.5427520275115967,
    0.5600000023841858,
    0.5531200170516968,
    0.5626559853553772,
    0.5575360059738159,
    0.5426239967346191,
    0.5507839918136597,
    0.5440959930419922,
    0.5427200198173523,
    0.5448319911956787,
    0.5428479909896851,
    0.5432959794998169,
    0.5424000024795532,
    0.542464017868042,
    0.5432639718055725,
    0.55103999376297,
    0.5434880256652832,
    0.543008029460907,
    0.5432959794998169
  ]
}