{
  "label": "72b_baseline",
  "stats": {
    "name": "72b_baseline",
    "count": 100,
    "mean_ms": 2.028506873846054,
    "std_ms": 2.5530525431958746,
    "p50_ms": 1.066864013671875,
    "p95_ms": 7.626358175277709,
    "p99_ms": 12.368298568725605,
    "min_ms": 0.8356800079345703,
    "max_ms": 15.87945556640625,
    "jitter": 1.2585870800404442
  },
  "miss_1ms": 0.63,
  "raw": [
    4.513599872589111,
    3.2360000610351562,
    7.615071773529053,
    0.8480960130691528,
    1.0841920375823975,
    0.8870400190353394,
    1.1314560174942017,
    0.8371520042419434,
    1.0875840187072754,
    0.8811839818954468,
    1.1083840131759644,
    0.8495360016822815,
    1.1145600080490112,
    0.8817600011825562,
    1.0748159885406494,
    0.852512001991272,
    1.1062400341033936,
    0.842464029788971,
    2.7151999473571777,
    2.8772480487823486,
    4.721983909606934,
    15.87945556640625,
    8.13219165802002,
    2.096191883087158,
    1.0809279680252075,
    0.840224027633667,
    1.068160057067871,
    0.8813440203666687,
    1.075808048248291,
    0.84825599193573,
    1.0800319910049438,
    0.838591992855072,
    1.0646079778671265,
    0.8379520177841187,
    1.0805120468139648,
    0.8792639970779419,
    1.1393920183181763,
    0.8810240030288696,
    1.1181119680404663,
    1.7967679500579834,
    12.332832336425781,
    2.8059840202331543,
    5.2672319412231445,
    3.3411519527435303,
    1.1267839670181274,
    0.9093440175056458,
    1.0648640394210815,
    0.8392320275306702,
    1.0616639852523804,
    0.8807680010795593,
    1.1245440244674683,
    0.8762879967689514,
    1.0615359544754028,
    0.8485119938850403,
    1.079967975616455,
    0.8387200236320496,
    1.0713920593261719,
    0.8443840146064758,
    1.059615969657898,
    1.1548160314559937,
    6.373216152191162,
    3.106559991836548,
    7.597407817840576,
    2.9132800102233887,
    10.287296295166016,
    0.8434240221977234,
    1.06387197971344,
    0.8356800079345703,
    1.06278395652771,
    0.8457599878311157,
    1.063040018081665,
    0.8436800241470337,
    1.0672320127487183,
    0.8752639889717102,
    1.164031982421875,
    0.8575680255889893,
    1.0796480178833008,
    0.8748480081558228,
    1.064736008644104,
    0.8431680202484131,
    1.2935999631881714,
    3.3984320163726807,
    5.775968074798584,
    2.8389759063720703,
    7.840799808502197,
    0.8835840225219727,
    1.0592319965362549,
    0.8384320139884949,
    1.0743680000305176,
    0.871999979019165,
    1.080896019935608,
    0.8449599742889404,
    1.05622398853302,
    0.8368319869041443,
    1.0604159832000732,
    0.8420799970626831,
    1.0664960145950317,
    0.8393279910087585,
    1.067296028137207,
    1.1437439918518066
  ]
}