{
  "label": "bora40_A_gpt2",
  "num_cells": 8,
  "graph_mode": 1,
  "mode": "GRAPH",
  "mean_ms": 0.47762239873409273,
  "per_cell_ms": 0.05970279984176159,
  "p95_ms": 0.4479088023304939,
  "p99_ms": 1.4922386980056763,
  "miss_1ms": 0.04,
  "raw": [
    0.4304639995098114,
    0.44464001059532166,
    0.43321600556373596,
    0.43167999386787415,
    0.43136000633239746,
    0.4450240135192871,
    0.43164798617362976,
    0.4307200014591217,
    0.43062400817871094,
    0.43884798884391785,
    0.4346559941768646,
    0.43212801218032837,
    0.43110400438308716,
    0.4360960125923157,
    0.4429439902305603,
    0.4331519901752472,
    0.4344959855079651,
    0.43692800402641296,
    0.43721601366996765,
    0.4476799964904785,
    0.4336639940738678,
    0.4347839951515198,
    0.44489601254463196,
    0.4336639940738678,
    0.434688001871109,
    0.43456000089645386,
    0.43375998735427856,
    0.43324801325798035,
    0.4331519901752472,
    0.4355520009994507,
    0.4334399998188019,
    0.43327999114990234,
    0.43161600828170776,
    0.43462398648262024,
    0.43276798725128174,
    0.4309439957141876,
    0.43382400274276733,
    0.4341759979724884,
    0.43238401412963867,
    0.4373440146446228,
    0.43859198689460754,
    0.44809600710868835,
    1.491487979888916,
    1.492959976196289,
    0.43273600935935974,
    0.4350399971008301,
    0.4371519982814789,
    0.43568000197410583,
    0.43251198530197144,
    0.43587198853492737
  ]
}