{
  "label": "g40_sm100",
  "num_cells": 20,
  "num_tx": 4,
  "num_rx": 4,
  "mcs": 2,
  "hbm_pct": 44.2,
  "stats": {
    "name": "g40_sm100",
    "count": 100,
    "mean_ms": 15.040633611679077,
    "std_ms": 0.8870157959289555,
    "p50_ms": 14.667215943336487,
    "p95_ms": 17.248660746216775,
    "p99_ms": 17.69759952664376,
    "min_ms": 14.608128011226654,
    "max_ms": 19.211871922016144,
    "jitter": 0.058974629582106586
  },
  "miss_1ms": 1.0,
  "raw": [
    17.682303845882416,
    16.155424058437347,
    16.27177608013153,
    14.685472011566162,
    14.69299203157425,
    14.667936086654663,
    14.66844791173935,
    14.686208009719849,
    14.675072073936462,
    14.648608028888702,
    14.67468798160553,
    14.748832046985626,
    14.636255979537964,
    17.244703948497772,
    15.071904122829437,
    14.710464000701904,
    14.669184029102325,
    14.677631974220276,
    14.678399920463562,
    14.683295965194702,
    14.660640001296997,
    14.649984121322632,
    14.636736035346985,
    14.651615977287292,
    15.865632057189941,
    16.58108800649643,
    14.689503967761993,
    14.666591942310333,
    14.640511929988861,
    17.641375839710236,
    14.641664147377014,
    14.678432047367096,
    14.693311989307404,
    14.690912067890167,
    14.622367978096008,
    14.624896109104156,
    17.00927996635437,
    15.336608052253723,
    14.652064025402069,
    14.682752192020416,
    14.62633603811264,
    14.693247973918915,
    14.646624088287354,
    14.681568086147308,
    14.647487938404083,
    14.633087992668152,
    14.689055979251862,
    15.463551998138428,
    16.81360000371933,
    14.651264011859894,
    14.643392086029053,
    14.65833604335785,
    14.628960072994232,
    14.639904022216797,
    14.663903892040253,
    14.63814401626587,
    14.633632123470306,
    14.61926406621933,
    14.634751856327057,
    19.211871922016144,
    15.597631990909576,
    14.615872025489807,
    14.638015925884247,
    14.702080011367798,
    14.60966408252716,
    14.622431933879852,
    14.645407974720001,
    14.66783994436264,
    14.660736083984375,
    14.641631960868835,
    15.224032044410706,
    17.080640077590942,
    14.672896027565002,
    14.658623993396759,
    14.608128011226654,
    14.662976026535034,
    14.687039971351624,
    14.67084813117981,
    14.700895965099335,
    14.659776091575623,
    14.639520049095154,
    14.628095984458923,
    16.425888180732727,
    15.921856045722961,
    14.621696054935455,
    14.621344029903412,
    14.636863946914673,
    14.638464033603668,
    17.369120121002197,
    14.663423836231232,
    14.62720000743866,
    14.616864025592804,
    14.677471816539764,
    14.932575941085815,
    17.323839902877808,
    14.679487943649292,
    14.636800110340118,
    14.62060797214508,
    14.634432017803192,
    14.657088100910187
  ]
}