{
  "label": "resnet_bs128",
  "stats": {
    "name": "resnet_bs128",
    "count": 100,
    "mean_ms": 4.1855356931686405,
    "std_ms": 2.2916987664241186,
    "p50_ms": 3.7933759689331055,
    "p95_ms": 8.925920343399047,
    "p99_ms": 11.483630170822149,
    "min_ms": 1.5488959550857544,
    "max_ms": 12.72054386138916,
    "jitter": 0.5475281862162782
  },
  "miss_1ms": 1.0,
  "raw": [
    2.488640069961548,
    3.675071954727173,
    5.0340800285339355,
    1.7862399816513062,
    2.048959970474243,
    3.1137280464172363,
    4.794816017150879,
    4.873216152191162,
    5.187295913696289,
    5.063104152679443,
    8.986111640930176,
    3.9824960231781006,
    4.007264137268066,
    3.5604801177978516,
    1.9721280336380005,
    2.3329598903656006,
    4.086239814758301,
    5.381760120391846,
    1.8527679443359375,
    2.9520959854125977,
    4.196224212646484,
    3.0861759185791016,
    2.148063898086548,
    3.669696092605591,
    9.147199630737305,
    7.021215915679932,
    11.471136093139648,
    3.7916479110717773,
    1.8291200399398804,
    1.9786880016326904,
    4.465888023376465,
    4.522079944610596,
    2.3055360317230225,
    2.312256097793579,
    3.8500800132751465,
    5.2824320793151855,
    1.8377599716186523,
    2.308511972427368,
    6.788288116455078,
    6.373536109924316,
    8.584992408752441,
    3.3004798889160156,
    8.922752380371094,
    2.323359966278076,
    3.7951040267944336,
    3.3111040592193604,
    1.6035840511322021,
    2.2719359397888184,
    3.7853760719299316,
    4.907008171081543,
    1.9614720344543457,
    1.9829440116882324,
    4.276415824890137,
    5.20908784866333,
    12.72054386138916,
    4.192992210388184,
    8.386591911315918,
    4.336128234863281,
    4.876192092895508,
    4.938015937805176,
    1.8452800512313843,
    1.9788800477981567,
    3.6010239124298096,
    3.297408103942871,
    1.774399995803833,
    2.269184112548828,
    3.8604800701141357,
    1.5488959550857544,
    2.2215681076049805,
    4.103744029998779,
    10.701087951660156,
    4.921023845672607,
    4.60262393951416,
    4.074944019317627,
    2.417311906814575,
    3.6810879707336426,
    4.960544109344482,
    4.9739837646484375,
    5.7587199211120605,
    2.3850879669189453,
    4.230815887451172,
    4.785376071929932,
    1.759935975074768,
    2.262239933013916,
    3.604543924331665,
    8.756640434265137,
    8.809280395507812,
    3.4617919921875,
    8.512415885925293,
    2.840224027633667,
    3.9549760818481445,
    3.2449920177459717,
    1.8565119504928589,
    4.513535976409912,
    3.511552095413208,
    3.8811841011047363,
    4.5261759757995605,
    1.5852479934692383,
    2.7077438831329346,
    3.5200319290161133
  ]
}