{
  "label": "sm40_1cell_with72b",
  "sm_pct": 40,
  "stats": {
    "name": "sm40_1cell_with72b",
    "count": 100,
    "mean_ms": 2.7202217781543734,
    "std_ms": 5.095822748120687,
    "p50_ms": 1.0611039996147156,
    "p95_ms": 8.07416658401489,
    "p99_ms": 24.26200437545786,
    "min_ms": 0.8214079737663269,
    "max_ms": 42.657344818115234,
    "jitter": 1.8733115031444683
  },
  "miss_1ms": 0.66,
  "raw": [
    1.045151948928833,
    0.8280320167541504,
    1.0887680053710938,
    0.8278719782829285,
    1.1143360137939453,
    0.826367974281311,
    1.0456639528274536,
    0.8306559920310974,
    1.0874559879302979,
    0.826304018497467,
    1.0465600490570068,
    0.825760006904602,
    3.544895887374878,
    3.0214719772338867,
    4.8006720542907715,
    0.8302720189094543,
    1.0510079860687256,
    0.8279039859771729,
    1.083135962486267,
    1.9925119876861572,
    7.261439800262451,
    1.8969600200653076,
    7.3454718589782715,
    1.9999040365219116,
    10.571776390075684,
    5.715424060821533,
    1.0599360466003418,
    0.8252480030059814,
    1.0551680326461792,
    0.8665279746055603,
    1.064479947090149,
    0.8829759955406189,
    1.107583999633789,
    0.868224024772644,
    1.0415040254592896,
    0.8746560215950012,
    1.0444480180740356,
    0.8287680149078369,
    1.1224000453948975,
    1.3852479457855225,
    1.0783679485321045,
    0.8576319813728333,
    3.755039930343628,
    1.8384000062942505,
    42.657344818115234,
    3.686336040496826,
    5.378655910491943,
    0.8436160087585449,
    1.0784319639205933,
    0.8443199992179871,
    1.1008960008621216,
    0.8313599824905396,
    1.0584959983825684,
    0.8247680068016052,
    1.049280047416687,
    0.8766080141067505,
    1.0482560396194458,
    1.0566400289535522,
    1.047935962677002,
    0.8253440260887146,
    1.0684479475021362,
    7.279071807861328,
    24.07619285583496,
    1.8677120208740234,
    9.083264350891113,
    0.8744320273399353,
    1.120352029800415,
    0.8687679767608643,
    1.0962879657745361,
    0.8214079737663269,
    2.252415895462036,
    10.51091194152832,
    5.715839862823486,
    2.0796799659729004,
    8.021056175231934,
    5.255040168762207,
    5.637631893157959,
    7.185567855834961,
    1.0622719526290894,
    0.826528012752533,
    1.073024034500122,
    0.84169602394104,
    1.080288052558899,
    0.8686079978942871,
    1.0520000457763672,
    0.8271679878234863,
    1.0641599893569946,
    0.8320320248603821,
    1.0450559854507446,
    0.8383039832115173,
    1.0395840406417847,
    0.8218560218811035,
    3.6594560146331787,
    1.9914239645004272,
    4.4120001792907715,
    0.8303999900817871,
    1.100383996963501,
    0.8749120235443115,
    1.0908479690551758,
    0.8754240274429321
  ]
}