{
  "label": "mig72_1n_qwen_nid008649_g2",
  "num_cells": 8,
  "graph_mode": 1,
  "mode": "GRAPH",
  "mean_ms": 0.5757433545589447,
  "per_cell_ms": 0.07196791931986808,
  "p95_ms": 0.6275359958410263,
  "p99_ms": 0.6445827215909958,
  "miss_1ms": 0.0,
  "raw": [
    0.5544639825820923,
    0.5557439923286438,
    0.5891199707984924,
    0.607807993888855,
    0.5826879739761353,
    0.5817599892616272,
    0.5985919833183289,
    0.6409279704093933,
    0.5726400017738342,
    0.6075839996337891,
    0.6105920076370239,
    0.5683519840240479,
    0.6067519783973694,
    0.5663359761238098,
    0.6022719740867615,
    0.5650240182876587,
    0.6417919993400574,
    0.6111680269241333,
    0.554527997970581,
    0.566431999206543,
    0.6108480095863342,
    0.5561599731445312,
    0.5965759754180908,
    0.6093119978904724,
    0.5507199764251709,
    0.5946239829063416,
    0.6108800172805786,
    0.5514879822731018,
    0.5780159831047058,
    0.5795199871063232,
    0.582207977771759,
    0.6080319881439209,
    0.5443519949913025,
    0.5366399884223938,
    0.5464320182800293,
    0.5601599812507629,
    0.5368639826774597,
    0.5360640287399292,
    0.5470399856567383,
    0.5620160102844238,
    0.5731520056724548,
    0.5664960145950317,
    0.5403839945793152,
    0.5494719743728638,
    0.5596160292625427,
    0.6472640037536621,
    0.5437120199203491,
    0.544543981552124,
    0.5372480154037476,
    0.5427520275115967
  ]
}