{
  "label": "72b_qwen72b_b4_s2048",
  "stats": {
    "name": "72b_qwen72b_b4_s2048",
    "count": 100,
    "mean_ms": 2.3866342550516126,
    "std_ms": 3.409718271483154,
    "p50_ms": 1.7445279955863953,
    "p95_ms": 4.256748652458191,
    "p99_ms": 11.661500988006704,
    "min_ms": 0.9374399781227112,
    "max_ms": 33.44124984741211,
    "jitter": 1.42867230882405
  },
  "miss_1ms": 0.99,
  "raw": [
    2.03273606300354,
    1.5258879661560059,
    4.24348783493042,
    1.4895679950714111,
    1.880128026008606,
    1.7410880327224731,
    1.8983360528945923,
    1.6019200086593628,
    1.89411199092865,
    1.5417920351028442,
    3.0842559337615967,
    1.3822720050811768,
    1.9831680059432983,
    1.4163199663162231,
    1.6941759586334229,
    1.550271987915039,
    1.9808000326156616,
    2.4172799587249756,
    1.7830719947814941,
    1.474560022354126,
    1.7479679584503174,
    1.336959958076477,
    1.5865600109100342,
    1.2923519611358643,
    1.2867200374603271,
    1.302240014076233,
    1.5810240507125854,
    1.9907200336456299,
    4.160223960876465,
    0.9374399781227112,
    2.1000959873199463,
    1.5541119575500488,
    1.8804160356521606,
    1.5595519542694092,
    1.8092800378799438,
    2.105855941772461,
    33.44124984741211,
    2.0180160999298096,
    1.9176000356674194,
    1.4547840356826782,
    4.183167934417725,
    1.7633919715881348,
    1.9389760494232178,
    1.6699520349502563,
    1.7487679719924927,
    1.5147520303726196,
    4.50870418548584,
    1.3711680173873901,
    1.6221439838409424,
    1.350111961364746,
    1.6802560091018677,
    1.3530880212783813,
    1.6018879413604736,
    1.2428159713745117,
    9.20364761352539,
    1.614240050315857,
    2.5374081134796143,
    1.6397759914398193,
    1.8297280073165894,
    1.359328031539917,
    1.6080960035324097,
    1.3401600122451782,
    2.0642240047454834,
    1.5684159994125366,
    1.9221760034561157,
    1.4452799558639526,
    1.6029759645462036,
    1.2465280294418335,
    1.8127679824829102,
    2.8976640701293945,
    1.9027520418167114,
    2.8689920902252197,
    1.8518719673156738,
    1.3316479921340942,
    1.890496015548706,
    1.4454079866409302,
    3.271552085876465,
    2.864288091659546,
    2.1296000480651855,
    1.7013440132141113,
    2.256608009338379,
    1.6585919857025146,
    1.65392005443573,
    1.3471039533615112,
    4.585567951202393,
    1.585279941558838,
    2.020832061767578,
    1.7301119565963745,
    1.7040319442749023,
    2.148672103881836,
    1.8131840229034424,
    2.1652801036834717,
    2.1242239475250244,
    1.36844801902771,
    1.7832640409469604,
    1.3365119695663452,
    11.441503524780273,
    2.291327953338623,
    1.7486079931259155,
    1.7223999500274658
  ]
}