{
  "label": "s4n4g_gpt2_nid001269_g3",
  "num_cells": 8,
  "graph_mode": 1,
  "mode": "GRAPH",
  "mean_ms": 0.43551168143749236,
  "per_cell_ms": 0.054438960179686545,
  "p95_ms": 0.4413280129432678,
  "p99_ms": 0.4458127933740616,
  "miss_1ms": 0.0,
  "raw": [
    0.43615999817848206,
    0.4357759952545166,
    0.43587198853492737,
    0.4365440011024475,
    0.4360960125923157,
    0.43833601474761963,
    0.4373120069503784,
    0.4330880045890808,
    0.43398401141166687,
    0.43539199233055115,
    0.4344319999217987,
    0.43670400977134705,
    0.4350399971008301,
    0.4331200122833252,
    0.43507200479507446,
    0.4331200122833252,
    0.4330880045890808,
    0.43456000089645386,
    0.4349440038204193,
    0.4330559968948364,
    0.4342080056667328,
    0.4352000057697296,
    0.4373440146446228,
    0.43484801054000854,
    0.4339199960231781,
    0.43536001443862915,
    0.4362879991531372,
    0.43459200859069824,
    0.4341759979724884,
    0.44604799151420593,
    0.44377601146698,
    0.4357439875602722,
    0.43587198853492737,
    0.43430399894714355,
    0.434143990278244,
    0.4352000057697296,
    0.4357120096683502,
    0.43539199233055115,
    0.43375998735427856,
    0.4330559968948364,
    0.43542400002479553,
    0.434688001871109,
    0.4355199933052063,
    0.43353599309921265,
    0.4343999922275543,
    0.4455679953098297,
    0.4333760142326355,
    0.43401598930358887,
    0.43372800946235657,
    0.434688001871109
  ]
}