{
  "label": "mig72_1n_base_nid008649_g1",
  "num_cells": 8,
  "graph_mode": 1,
  "mode": "GRAPH",
  "mean_ms": 0.5159865629673004,
  "per_cell_ms": 0.06449832037091255,
  "p95_ms": 0.5200128108263016,
  "p99_ms": 0.5227420854568481,
  "miss_1ms": 0.0,
  "raw": [
    0.5178239941596985,
    0.5107520222663879,
    0.520799994468689,
    0.5198720097541809,
    0.5179200172424316,
    0.5195840001106262,
    0.5184320211410522,
    0.5191680192947388,
    0.5172479748725891,
    0.5147839784622192,
    0.5187519788742065,
    0.517408013343811,
    0.5167999863624573,
    0.5115519762039185,
    0.5162879824638367,
    0.5177599787712097,
    0.5172160267829895,
    0.5105599761009216,
    0.5154560208320618,
    0.5184640288352966,
    0.5166720151901245,
    0.5105599761009216,
    0.5167999863624573,
    0.5151360034942627,
    0.515392005443573,
    0.5166400074958801,
    0.5159680247306824,
    0.5149120092391968,
    0.5145919919013977,
    0.5102720260620117,
    0.5193920135498047,
    0.5151039958000183,
    0.5149760246276855,
    0.5201280117034912,
    0.515999972820282,
    0.5144000053405762,
    0.5144960284233093,
    0.5164160132408142,
    0.5171840190887451,
    0.5156159996986389,
    0.514240026473999,
    0.5154880285263062,
    0.5178239941596985,
    0.5152959823608398,
    0.5146880149841309,
    0.5129920244216919,
    0.5246080160140991,
    0.5105599761009216,
    0.5167359709739685,
    0.5095999836921692
  ]
}