{
  "label": "q32b2n_qwen32b_nid001640_g0",
  "num_cells": 8,
  "graph_mode": 1,
  "mode": "GRAPH",
  "mean_ms": 0.4452627193927765,
  "per_cell_ms": 0.05565783992409706,
  "p95_ms": 0.45256799310445783,
  "p99_ms": 0.4547135975956917,
  "miss_1ms": 0.0,
  "raw": [
    0.4459199905395508,
    0.44464001059532166,
    0.4524799883365631,
    0.44329598546028137,
    0.4498560130596161,
    0.44601601362228394,
    0.44969600439071655,
    0.4430080056190491,
    0.44207999110221863,
    0.44255998730659485,
    0.44675201177597046,
    0.4448319971561432,
    0.44176000356674194,
    0.44268798828125,
    0.45206400752067566,
    0.4501439929008484,
    0.45180800557136536,
    0.4434559941291809,
    0.45001599192619324,
    0.4430080056190491,
    0.4491199851036072,
    0.4445439875125885,
    0.4442879855632782,
    0.44275200366973877,
    0.4469119906425476,
    0.445248007774353,
    0.44304001331329346,
    0.4419200122356415,
    0.4559679925441742,
    0.446368008852005,
    0.44393599033355713,
    0.44444799423217773,
    0.44387200474739075,
    0.4454079866409302,
    0.44460800290107727,
    0.4434239864349365,
    0.4505920112133026,
    0.45340800285339355,
    0.45263999700546265,
    0.44435200095176697,
    0.4453440010547638,
    0.44460800290107727,
    0.44460800290107727,
    0.44550400972366333,
    0.43718400597572327,
    0.4368639886379242,
    0.4435200095176697,
    0.43542400002479553,
    0.43939200043678284,
    0.43775999546051025
  ]
}