{
  "label": "s2n4g_gpt2_nid002689_g2",
  "num_cells": 8,
  "graph_mode": 1,
  "mode": "GRAPH",
  "mean_ms": 0.437400318980217,
  "per_cell_ms": 0.05467503987252712,
  "p95_ms": 0.44765120297670363,
  "p99_ms": 0.45471871763467786,
  "miss_1ms": 0.0,
  "raw": [
    0.43171200156211853,
    0.4366399943828583,
    0.4362559914588928,
    0.4368320107460022,
    0.438400000333786,
    0.4345279932022095,
    0.4350079894065857,
    0.4355199933052063,
    0.43532800674438477,
    0.4339199960231781,
    0.4333440065383911,
    0.4359680116176605,
    0.4347519874572754,
    0.43513599038124084,
    0.4342080056667328,
    0.43241599202156067,
    0.4392000138759613,
    0.43619200587272644,
    0.4362559914588928,
    0.4352959990501404,
    0.435263991355896,
    0.4334399998188019,
    0.4434880018234253,
    0.4354879856109619,
    0.4384959936141968,
    0.44121599197387695,
    0.4387199878692627,
    0.4347839951515198,
    0.43647998571395874,
    0.43510401248931885,
    0.4476799964904785,
    0.4374080002307892,
    0.4352000057697296,
    0.4380800127983093,
    0.4376640021800995,
    0.4366079866886139,
    0.43564799427986145,
    0.4360640048980713,
    0.4365440011024475,
    0.43427199125289917,
    0.4423680007457733,
    0.43670400977134705,
    0.4380800127983093,
    0.4345279932022095,
    0.4360319972038269,
    0.45315200090408325,
    0.435808002948761,
    0.4349440038204193,
    0.4562239944934845,
    0.44761601090431213
  ]
}