{
  "label": "s4n4g_baseline_nid003953_g1",
  "num_cells": 8,
  "graph_mode": 1,
  "mode": "GRAPH",
  "mean_ms": 0.4336486405134201,
  "per_cell_ms": 0.054206080064177514,
  "p95_ms": 0.4368176072835922,
  "p99_ms": 0.43850462973117826,
  "miss_1ms": 0.0,
  "raw": [
    0.4336000084877014,
    0.4368000030517578,
    0.4365760087966919,
    0.4343999922275543,
    0.4338879883289337,
    0.43724799156188965,
    0.4368320107460022,
    0.43481600284576416,
    0.4349440038204193,
    0.436383992433548,
    0.43516799807548523,
    0.4343680143356323,
    0.43404799699783325,
    0.43433600664138794,
    0.4327999949455261,
    0.435808002948761,
    0.4338560104370117,
    0.43251198530197144,
    0.43267199397087097,
    0.43238401412963867,
    0.43116798996925354,
    0.4333440065383911,
    0.4329279959201813,
    0.43222400546073914,
    0.43212801218032837,
    0.43321600556373596,
    0.4333440065383911,
    0.43142399191856384,
    0.4322879910469055,
    0.43321600556373596,
    0.4328640103340149,
    0.4397119879722595,
    0.43116798996925354,
    0.43241599202156067,
    0.4328640103340149,
    0.43302398920059204,
    0.430431991815567,
    0.435263991355896,
    0.434112012386322,
    0.4349760115146637,
    0.43139201402664185,
    0.4328640103340149,
    0.4333760142326355,
    0.43164798617362976,
    0.43241599202156067,
    0.43193599581718445,
    0.43408000469207764,
    0.4320319890975952,
    0.4312959909439087,
    0.43584001064300537
  ]
}