{
  "label": "q32b1n_qwen32b_nid001461_g1",
  "num_cells": 8,
  "graph_mode": 1,
  "mode": "GRAPH",
  "mean_ms": 0.44847807884216306,
  "per_cell_ms": 0.05605975985527038,
  "p95_ms": 0.4725407913327217,
  "p99_ms": 0.4749158427119255,
  "miss_1ms": 0.0,
  "raw": [
    0.46646401286125183,
    0.46777600049972534,
    0.4708159863948822,
    0.469184011220932,
    0.46563199162483215,
    0.4747200012207031,
    0.4678399860858917,
    0.4665279984474182,
    0.4676800072193146,
    0.4692800045013428,
    0.4679679870605469,
    0.4751040041446686,
    0.4689919948577881,
    0.4699519872665405,
    0.46806401014328003,
    0.4662399888038635,
    0.4739519953727722,
    0.4442239999771118,
    0.43270400166511536,
    0.43987199664115906,
    0.44041600823402405,
    0.4418559968471527,
    0.43564799427986145,
    0.4376319944858551,
    0.44095999002456665,
    0.4423680007457733,
    0.4402880072593689,
    0.437824010848999,
    0.4397119879722595,
    0.4407680034637451,
    0.43350398540496826,
    0.43881601095199585,
    0.4333440065383911,
    0.4344640076160431,
    0.43913599848747253,
    0.43273600935935974,
    0.4403199851512909,
    0.43775999546051025,
    0.4411199986934662,
    0.4325760006904602,
    0.430976003408432,
    0.44230398535728455,
    0.4368959963321686,
    0.43193599581718445,
    0.43990400433540344,
    0.4350079894065857,
    0.4343680143356323,
    0.435232013463974,
    0.44047999382019043,
    0.44255998730659485
  ]
}