{
  "label": "mig32_4n_base_nid001536_g1",
  "num_cells": 8,
  "graph_mode": 1,
  "mode": "GRAPH",
  "mean_ms": 0.46769663751125334,
  "per_cell_ms": 0.05846207968890667,
  "p95_ms": 0.47020639926195146,
  "p99_ms": 0.47154527574777605,
  "miss_1ms": 0.0,
  "raw": [
    0.4683839976787567,
    0.4692800045013428,
    0.4692479968070984,
    0.4668479859828949,
    0.4671039879322052,
    0.46860799193382263,
    0.4692479968070984,
    0.46777600049972534,
    0.4674240052700043,
    0.4697920083999634,
    0.46886399388313293,
    0.4676159918308258,
    0.4697279930114746,
    0.4700480103492737,
    0.46806401014328003,
    0.4662399888038635,
    0.4663040041923523,
    0.4684160053730011,
    0.47200000286102295,
    0.46774399280548096,
    0.470335990190506,
    0.46985599398612976,
    0.4677119851112366,
    0.46585598587989807,
    0.46486398577690125,
    0.4688960015773773,
    0.46908798813819885,
    0.4678399860858917,
    0.466048002243042,
    0.4667840003967285,
    0.4692479968070984,
    0.4678080081939697,
    0.46643200516700745,
    0.46643200516700745,
    0.4668799936771393,
    0.46777600049972534,
    0.46748799085617065,
    0.46137601137161255,
    0.4646719992160797,
    0.4676479995250702,
    0.4654400050640106,
    0.4692800045013428,
    0.466623991727829,
    0.4655359983444214,
    0.4676479995250702,
    0.46905601024627686,
    0.46716800332069397,
    0.4661119878292084,
    0.46511998772621155,
    0.4710719883441925
  ]
}