{
  "label": "thresh_hbm_0.1GB",
  "stats": {
    "name": "thresh_hbm_0.1GB",
    "count": 100,
    "mean_ms": 3.353144016265869,
    "std_ms": 2.1783298362966312,
    "p50_ms": 2.5002880096435547,
    "p95_ms": 8.8402286529541,
    "p99_ms": 9.905278453826929,
    "min_ms": 2.1362879276275635,
    "max_ms": 14.790176391601562,
    "jitter": 0.6496380190441282
  },
  "miss_1ms": 1.0,
  "raw": [
    2.384671926498413,
    2.394335985183716,
    2.481600046157837,
    2.2607359886169434,
    2.507296085357666,
    2.2744319438934326,
    2.6300160884857178,
    2.264863967895508,
    2.632960081100464,
    2.2692480087280273,
    2.6216959953308105,
    4.81820821762085,
    8.707136154174805,
    4.819039821624756,
    2.494623899459839,
    2.2578558921813965,
    2.727231979370117,
    2.2783679962158203,
    2.497663974761963,
    2.1362879276275635,
    2.50710391998291,
    2.3856639862060547,
    2.623296022415161,
    2.1456639766693115,
    2.619744062423706,
    2.494784116744995,
    2.508575916290283,
    4.573408126831055,
    8.172415733337402,
    3.5863680839538574,
    4.57206392288208,
    2.1675519943237305,
    2.490816116333008,
    2.4893438816070557,
    2.512063980102539,
    2.156224012374878,
    2.5074241161346436,
    2.273087978363037,
    2.612031936645508,
    4.083903789520264,
    2.509471893310547,
    3.7373759746551514,
    2.3902080059051514,
    4.561247825622559,
    9.68057632446289,
    4.694752216339111,
    6.3843841552734375,
    2.3937599658966064,
    2.38156795501709,
    2.3824639320373535,
    2.3643200397491455,
    2.4061439037323,
    2.6222081184387207,
    2.39190411567688,
    2.4868481159210205,
    2.2680320739746094,
    2.514143943786621,
    2.39737606048584,
    2.375488042831421,
    4.444767951965332,
    9.326720237731934,
    4.596960067749023,
    2.61299204826355,
    2.3880960941314697,
    2.626879930496216,
    2.3956799507141113,
    2.5016000270843506,
    2.3698880672454834,
    2.498975992202759,
    2.3897600173950195,
    2.607840061187744,
    2.270751953125,
    2.634848117828369,
    2.2793281078338623,
    9.442560195922852,
    8.814623832702637,
    7.3375678062438965,
    2.1454720497131348,
    2.630336046218872,
    2.2693119049072266,
    2.6315200328826904,
    2.3925440311431885,
    2.6233279705047607,
    2.3860480785369873,
    2.7199039459228516,
    2.537440061569214,
    2.389695882797241,
    2.256256103515625,
    2.479680061340332,
    2.382175922393799,
    14.790176391601562,
    4.2000322341918945,
    9.855936050415039,
    2.397887945175171,
    2.626431941986084,
    2.258336067199707,
    2.618720054626465,
    2.4029760360717773,
    2.6251840591430664,
    2.273087978363037
  ]
}