{
  "label": "bora_D_nid008353_g3",
  "config": "D",
  "mean_ms": 0.48591935992240903,
  "p99_ms": 0.5342409557104111,
  "miss_1ms": 0.0,
  "raw": [
    0.5213760137557983,
    0.5216959714889526,
    0.5231360197067261,
    0.5225920081138611,
    0.5236480236053467,
    0.5235840082168579,
    0.5366399884223938,
    0.5225279927253723,
    0.5317440032958984,
    0.5289919972419739,
    0.5292800068855286,
    0.5227199792861938,
    0.5255039930343628,
    0.4978879988193512,
    0.4727360010147095,
    0.47017601132392883,
    0.4812160134315491,
    0.46992000937461853,
    0.4689599871635437,
    0.47043201327323914,
    0.46959999203681946,
    0.47516798973083496,
    0.48771199584007263,
    0.4686720073223114,
    0.4665279984474182,
    0.4688960015773773,
    0.4684799909591675,
    0.46774399280548096,
    0.4678719937801361,
    0.48633599281311035,
    0.4824959933757782,
    0.4674240052700043,
    0.4641599953174591,
    0.47279998660087585,
    0.46886399388313293,
    0.46592000126838684,
    0.46560001373291016,
    0.4810880124568939,
    0.4780479967594147,
    0.4681279957294464,
    0.4670400023460388,
    0.46777600049972534,
    0.468639999628067,
    0.4715520143508911,
    0.4761599898338318,
    0.4692800045013428,
    0.46832001209259033,
    0.4662719964981079,
    0.4668799936771393,
    0.46774399280548096
  ]
}