{
  "label": "m1n_baseline_nid001277_g2",
  "num_cells": 8,
  "graph_mode": 1,
  "mode": "GRAPH",
  "mean_ms": 0.5482937586307526,
  "per_cell_ms": 0.06853671982884407,
  "p95_ms": 0.5578960180282593,
  "p99_ms": 0.5639884674549103,
  "miss_1ms": 0.0,
  "raw": [
    0.5539839863777161,
    0.5524160265922546,
    0.547648012638092,
    0.5474879741668701,
    0.5431360006332397,
    0.5455679893493652,
    0.5538560152053833,
    0.5470079779624939,
    0.5452479720115662,
    0.5488319993019104,
    0.5462719798088074,
    0.5681279897689819,
    0.5472959876060486,
    0.5474879741668701,
    0.5528640151023865,
    0.5522879958152771,
    0.5449920296669006,
    0.5455359816551208,
    0.559552013874054,
    0.5457280278205872,
    0.5449600219726562,
    0.5497919917106628,
    0.5469440221786499,
    0.5558720231056213,
    0.5502719879150391,
    0.5460799932479858,
    0.5459840297698975,
    0.5442559719085693,
    0.5458239912986755,
    0.549888014793396,
    0.5460479855537415,
    0.5444480180740356,
    0.5446720123291016,
    0.5471360087394714,
    0.5450239777565002,
    0.5443840026855469,
    0.5412799715995789,
    0.5441280007362366,
    0.5453439950942993,
    0.5447999835014343,
    0.5596799850463867,
    0.5464000105857849,
    0.5497599840164185,
    0.5492479801177979,
    0.5498239994049072,
    0.5496640205383301,
    0.5459840297698975,
    0.5447679758071899,
    0.5443199872970581,
    0.5525760054588318
  ]
}