{
  "label": "gintf_stream_baseline",
  "num_cells": 8,
  "graph_mode": 0,
  "mode": "STREAM",
  "mean_ms": 1.5515283155441284,
  "per_cell_ms": 0.19394103944301605,
  "p95_ms": 1.555412805080414,
  "p99_ms": 1.5579596590995788,
  "miss_1ms": 1.0,
  "raw": [
    1.5466879606246948,
    1.554527997970581,
    1.5531840324401855,
    1.55404794216156,
    1.5473920106887817,
    1.5540800094604492,
    1.552351951599121,
    1.5516159534454346,
    1.5467519760131836,
    1.5519360303878784,
    1.5541119575500488,
    1.5540800094604492,
    1.5518720149993896,
    1.553760051727295,
    1.5520639419555664,
    1.5518399477005005,
    1.5513919591903687,
    1.5465600490570068,
    1.5525439977645874,
    1.551360011100769,
    1.5506240129470825,
    1.5531519651412964,
    1.5551999807357788,
    1.5554560422897339,
    1.5545599460601807,
    1.5532480478286743,
    1.5448319911956787,
    1.547327995300293,
    1.551584005355835,
    1.5456639528274536,
    1.553760051727295,
    1.5474560260772705,
    1.5513919591903687,
    1.553279995918274,
    1.5535039901733398,
    1.5512319803237915,
    1.5523840188980103,
    1.544160008430481,
    1.555359959602356,
    1.5517760515213013,
    1.5527360439300537,
    1.5528000593185425,
    1.5599039793014526,
    1.5499520301818848,
    1.5505599975585938,
    1.5450880527496338,
    1.5559359788894653,
    1.552351951599121,
    1.5469119548797607,
    1.5520639419555664
  ]
}