{
  "label": "mig72_1n_qwen_nid008649_g0",
  "num_cells": 8,
  "graph_mode": 1,
  "mode": "GRAPH",
  "mean_ms": 0.5761920022964477,
  "per_cell_ms": 0.07202400028705597,
  "p95_ms": 0.6848448038101196,
  "p99_ms": 0.8042335981130599,
  "miss_1ms": 0.0,
  "raw": [
    0.6826559901237488,
    0.604416012763977,
    0.5734080076217651,
    0.5497919917106628,
    0.5595840215682983,
    0.5612159967422485,
    0.5816320180892944,
    0.5521600246429443,
    0.5634239912033081,
    0.555840015411377,
    0.5546240210533142,
    0.6196799874305725,
    0.5252799987792969,
    0.5428479909896851,
    0.5439040064811707,
    0.5796160101890564,
    0.5264959931373596,
    0.567296028137207,
    0.5395519733428955,
    0.5578240156173706,
    0.5346239805221558,
    0.535040020942688,
    0.5478079915046692,
    0.5366399884223938,
    0.5464320182800293,
    0.5468479990959167,
    0.5524799823760986,
    0.5409600138664246,
    0.5397120118141174,
    0.5508480072021484,
    0.5472959876060486,
    0.5429440140724182,
    0.5342720150947571,
    0.6186239719390869,
    0.5667200088500977,
    0.5687999725341797,
    0.537056028842926,
    0.6176959872245789,
    0.6832960247993469,
    0.5411840081214905,
    0.6861119866371155,
    0.5701119899749756,
    0.5272319912910461,
    0.5275200009346008,
    0.5277119874954224,
    0.5637120008468628,
    0.8141120076179504,
    0.6436480283737183,
    0.6249600052833557,
    0.7939519882202148
  ]
}