{
  "label": "8cell_diff_gpt2",
  "num_cells": 8,
  "hbm_used_pct": 20.0,
  "stats": {
    "name": "8cell_diff_gpt2",
    "count": 100,
    "mean_ms": 7.804193928837776,
    "std_ms": 1.9383869613500617,
    "p50_ms": 6.80774399638176,
    "p95_ms": 11.10171205997467,
    "p99_ms": 15.000618366003048,
    "min_ms": 6.436224043369293,
    "max_ms": 17.254112243652344,
    "jitter": 0.248377600431917
  },
  "miss_1ms": 1.0,
  "raw": [
    6.609471917152405,
    9.002912044525146,
    6.6355520486831665,
    9.177151918411255,
    6.707456052303314,
    6.66592001914978,
    6.768576085567474,
    6.685535967350006,
    9.049471974372864,
    6.5400959849357605,
    6.67929607629776,
    9.93606412410736,
    6.777727961540222,
    10.476479947566986,
    7.068991959095001,
    6.67331200838089,
    6.582912027835846,
    6.842431902885437,
    6.503744065761566,
    10.70633614063263,
    6.634335994720459,
    10.399135947227478,
    6.649951994419098,
    6.656064033508301,
    7.428607940673828,
    6.856224000453949,
    8.906559944152832,
    6.490847945213318,
    6.7546239495277405,
    9.107744097709656,
    6.728608012199402,
    6.722208023071289,
    6.713536024093628,
    11.097664058208466,
    6.862400054931641,
    9.190847933292389,
    9.809279978275299,
    6.71971195936203,
    8.708895921707153,
    6.876511991024017,
    6.676064074039459,
    6.715104043483734,
    6.813279986381531,
    17.254112243652344,
    6.600127935409546,
    6.4944000244140625,
    14.977855801582336,
    6.724384129047394,
    7.533952057361603,
    6.816447973251343,
    6.674655973911285,
    8.830304086208344,
    6.775776028633118,
    8.810464024543762,
    9.080191910266876,
    6.894432067871094,
    6.584063947200775,
    6.735039949417114,
    6.61382395029068,
    8.977279901504517,
    6.860448002815247,
    10.561824083328247,
    6.577311933040619,
    6.541087985038757,
    8.877343952655792,
    6.830911993980408,
    6.641919910907745,
    9.051072120666504,
    6.8022080063819885,
    11.069375991821289,
    6.656031966209412,
    6.436224043369293,
    7.524511873722076,
    6.860160052776337,
    6.878463983535767,
    8.609503984451294,
    6.709696054458618,
    10.97404819726944,
    7.2522560358047485,
    9.308511972427368,
    6.638336002826691,
    6.546304106712341,
    6.627839982509613,
    6.779840052127838,
    6.752063989639282,
    13.930208027362823,
    7.31331205368042,
    11.304096162319183,
    6.6749120354652405,
    6.507999956607819,
    6.521696090698242,
    6.814624011516571,
    11.178624093532562,
    6.679807960987091,
    9.21475201845169,
    6.941856026649475,
    6.7465280294418335,
    7.075967967510223,
    6.557856023311615,
    6.604896008968353
  ]
}