{
  "label": "m4n_full_nid001764_g3",
  "num_cells": 8,
  "graph_mode": 1,
  "mode": "GRAPH",
  "mean_ms": 0.9435859143733978,
  "per_cell_ms": 0.11794823929667472,
  "p95_ms": 1.0491183638572692,
  "p99_ms": 1.0847379386425018,
  "miss_1ms": 0.36,
  "raw": [
    1.0255999565124512,
    0.8736640214920044,
    0.959231972694397,
    0.6915199756622314,
    0.9251199960708618,
    0.9494400024414062,
    0.8840000033378601,
    1.022495985031128,
    0.7082560062408447,
    0.8913599848747253,
    1.00655996799469,
    0.8683840036392212,
    0.8858240246772766,
    0.8757759928703308,
    0.8711360096931458,
    1.0396480560302734,
    0.6912639737129211,
    0.8685759902000427,
    1.0093439817428589,
    0.9598720073699951,
    1.0457919836044312,
    0.9202560186386108,
    0.8679999709129333,
    1.029952049255371,
    1.0181440114974976,
    0.8717759847640991,
    1.0203839540481567,
    0.9593279957771301,
    1.0235199928283691,
    0.870527982711792,
    0.9325439929962158,
    0.9488639831542969,
    1.0181759595870972,
    0.9329599738121033,
    0.9585599899291992,
    0.8921279907226562,
    1.0400639772415161,
    0.9212160110473633,
    1.0045119524002075,
    0.9749119877815247,
    1.0306559801101685,
    1.0911040306091309,
    0.9480000138282776,
    1.0518399477005005,
    0.875648021697998,
    1.078112006187439,
    0.9811840057373047,
    0.9639040231704712,
    1.0320320129394531,
    0.8681280016899109
  ]
}