{
  "label": "g40_thresh_0.1GB",
  "num_cells": 20,
  "num_tx": 4,
  "num_rx": 4,
  "mcs": 2,
  "hbm_pct": 47.3,
  "stats": {
    "name": "g40_thresh_0.1GB",
    "count": 100,
    "mean_ms": 70.62900767087936,
    "std_ms": 5.921805150860144,
    "p50_ms": 68.73095989227295,
    "p95_ms": 85.16912903785705,
    "p99_ms": 92.66464337825781,
    "min_ms": 66.97123169898987,
    "max_ms": 102.95145606994629,
    "jitter": 0.08384381072511839
  },
  "miss_1ms": 1.0,
  "raw": [
    68.14447951316833,
    73.55404829978943,
    69.83302426338196,
    68.27059173583984,
    68.9333438873291,
    67.66787195205688,
    68.74012780189514,
    69.38684797286987,
    69.80009651184082,
    70.75936007499695,
    68.67753601074219,
    68.72684812545776,
    69.96550369262695,
    71.46294379234314,
    68.28396797180176,
    68.30457615852356,
    69.3490240573883,
    68.03174376487732,
    71.30598402023315,
    68.12924838066101,
    69.98092818260193,
    68.30284810066223,
    69.00886368751526,
    69.72531223297119,
    92.5607361793518,
    84.9129273891449,
    71.58595180511475,
    67.66924786567688,
    68.41708850860596,
    68.89743995666504,
    68.30361604690552,
    67.51939177513123,
    67.70032000541687,
    68.89209604263306,
    69.95081639289856,
    68.13868761062622,
    92.41987299919128,
    79.46118354797363,
    67.3864643573761,
    68.28473591804504,
    68.44745540618896,
    68.69708800315857,
    71.5821762084961,
    68.05980825424194,
    67.67631959915161,
    67.39699196815491,
    68.7071681022644,
    68.91055965423584,
    70.73625588417053,
    68.14419198036194,
    71.43481612205505,
    68.41548800468445,
    68.42179203033447,
    68.92419195175171,
    68.77913641929626,
    69.94134378433228,
    69.35158395767212,
    68.47391963005066,
    67.97622418403625,
    73.88041591644287,
    70.4145917892456,
    68.57638382911682,
    68.43769598007202,
    68.31078362464905,
    68.14323210716248,
    69.25296020507812,
    68.45484805107117,
    68.01203227043152,
    68.68672037124634,
    68.57680034637451,
    78.39414405822754,
    102.95145606994629,
    68.48070406913757,
    70.07609558105469,
    68.59680008888245,
    69.2151997089386,
    68.46515202522278,
    69.36697626113892,
    68.79443192481995,
    68.76783990859985,
    68.90236783027649,
    68.31977581977844,
    71.30307221412659,
    90.03696036338806,
    69.6449282169342,
    67.99136018753052,
    68.42319941520691,
    66.97123169898987,
    69.33990383148193,
    69.44419240951538,
    69.05619144439697,
    68.48742389678955,
    68.27420783042908,
    73.71411156654358,
    90.57308888435364,
    68.43190360069275,
    68.73507165908813,
    68.1548798084259,
    68.44700813293457,
    68.27241635322571
  ]
}