{
  "label": "g40_sm20",
  "num_cells": 20,
  "num_tx": 4,
  "num_rx": 4,
  "mcs": 2,
  "hbm_pct": 43.2,
  "stats": {
    "name": "g40_sm20",
    "count": 100,
    "mean_ms": 15.121390088200569,
    "std_ms": 0.8170213624066311,
    "p50_ms": 14.744879961013794,
    "p95_ms": 17.232500609755515,
    "p99_ms": 17.572218894958496,
    "min_ms": 14.668352007865906,
    "max_ms": 17.745952010154724,
    "jitter": 0.05403083695619785
  },
  "miss_1ms": 1.0,
  "raw": [
    17.745952010154724,
    16.35123211145401,
    16.45939189195633,
    14.82915186882019,
    14.798080027103424,
    14.906879961490631,
    14.894592106342316,
    14.737375915050507,
    14.798111975193024,
    14.753664016723633,
    14.775391936302185,
    14.736160039901733,
    14.727104008197784,
    17.30464005470276,
    15.443584024906158,
    14.74537593126297,
    14.748192012310028,
    14.789440035820007,
    14.73414409160614,
    14.700415968894958,
    14.754368007183075,
    14.695776045322418,
    14.71584004163742,
    14.744383871555328,
    15.894432127475739,
    16.60608011484146,
    14.75046420097351,
    14.763264060020447,
    14.752640008926392,
    17.526879906654358,
    14.71664011478424,
    14.710207998752594,
    14.72979211807251,
    14.80809599161148,
    14.780768036842346,
    14.74431997537613,
    17.038079917430878,
    15.356608092784882,
    14.744383990764618,
    14.6984321475029,
    14.716095864772797,
    14.773887991905212,
    14.726688027381897,
    14.66972804069519,
    14.740863919258118,
    14.736704051494598,
    14.731391966342926,
    15.53171193599701,
    16.823775947093964,
    14.7950080037117,
    14.940224051475525,
    14.718815982341766,
    14.764159977436066,
    14.713055908679962,
    14.711040019989014,
    14.730431854724884,
    14.68560004234314,
    14.707391917705536,
    17.57046401500702,
    16.75024002790451,
    15.710080087184906,
    14.745983958244324,
    14.713567912578583,
    14.686752080917358,
    14.776319861412048,
    14.724255919456482,
    14.711488008499146,
    14.68528002500534,
    14.698752045631409,
    14.668352007865906,
    15.265120029449463,
    17.113312005996704,
    14.755264043807983,
    14.692191898822784,
    14.713568150997162,
    14.712127923965454,
    14.686176061630249,
    14.746336042881012,
    14.692287921905518,
    14.739231824874878,
    14.73849606513977,
    14.748191952705383,
    16.413856029510498,
    15.934335947036743,
    14.736000001430511,
    14.714176058769226,
    14.700800001621246,
    17.228703796863556,
    14.675231993198395,
    14.698592126369476,
    14.722111999988556,
    14.68364804983139,
    14.700288116931915,
    15.04310405254364,
    17.350912153720856,
    14.841440081596375,
    14.75433599948883,
    14.753888070583344,
    14.705376148223877,
    14.711456060409546
  ]
}