{
  "label": "bora_B_nid008353_g0",
  "config": "B",
  "mean_ms": 0.6479360032081604,
  "p99_ms": 2.6658480173349313,
  "miss_1ms": 0.02,
  "raw": [
    0.5302079916000366,
    0.5361279845237732,
    4.375360012054443,
    0.5770879983901978,
    0.5515519976615906,
    0.5660480260848999,
    0.554751992225647,
    0.5779839754104614,
    0.5562559962272644,
    0.8865600228309631,
    0.5529919862747192,
    0.5543680191040039,
    0.5459200143814087,
    0.5481600165367126,
    0.5582079887390137,
    0.6250240206718445,
    0.6208959817886353,
    0.5699840188026428,
    0.5477759838104248,
    0.5561280250549316,
    0.5627840161323547,
    0.5506560206413269,
    0.5924479961395264,
    0.5490239858627319,
    0.5607680082321167,
    0.5513920187950134,
    0.5432959794998169,
    0.549344003200531,
    0.5411520004272461,
    0.5674560070037842,
    0.6150400042533875,
    0.574720025062561,
    0.6074560284614563,
    0.6499199867248535,
    0.5586879849433899,
    0.5399360060691833,
    0.5531520247459412,
    0.5431360006332397,
    0.5644800066947937,
    0.5451520085334778,
    0.5863040089607239,
    0.5661439895629883,
    0.6078720092773438,
    0.5415679812431335,
    0.5475199818611145,
    0.5882560014724731,
    0.5765439867973328,
    0.5607680082321167,
    0.5538560152053833,
    0.5565760135650635
  ]
}