{
  "label": "72b_qwen72b_b1_s2048",
  "stats": {
    "name": "72b_qwen72b_b1_s2048",
    "count": 100,
    "mean_ms": 2.2353836780786516,
    "std_ms": 2.7573776818044413,
    "p50_ms": 1.1390880346298218,
    "p95_ms": 7.978585410118103,
    "p99_ms": 12.112866592407244,
    "min_ms": 0.8879680037498474,
    "max_ms": 15.334943771362305,
    "jitter": 1.2335142771438914
  },
  "miss_1ms": 0.62,
  "raw": [
    1.1900479793548584,
    0.9512320160865784,
    4.702591896057129,
    3.306879997253418,
    15.334943771362305,
    3.1464641094207764,
    5.64035177230835,
    0.9427520036697388,
    1.1881279945373535,
    0.8955199718475342,
    1.13155198097229,
    0.9565439820289612,
    1.1742719411849976,
    0.9455999732017517,
    1.1539839506149292,
    0.9082559943199158,
    1.1308159828186035,
    0.8982080221176147,
    1.1469440460205078,
    0.8886079788208008,
    1.1989760398864746,
    0.896511971950531,
    4.600319862365723,
    3.0550079345703125,
    7.972799777984619,
    3.0706560611724854,
    7.942944049835205,
    0.9123200178146362,
    1.1925439834594727,
    0.9418560266494751,
    1.1389440298080444,
    0.8894079923629761,
    1.1299200057983398,
    0.8956480026245117,
    1.1755199432373047,
    0.9200320243835449,
    1.1889920234680176,
    0.8900480270385742,
    1.134559988975525,
    0.8887360095977783,
    1.127776026725769,
    0.896511971950531,
    1.1363199949264526,
    1.927839994430542,
    8.088512420654297,
    3.315840005874634,
    10.356191635131836,
    3.1239359378814697,
    1.1875840425491333,
    0.9372479915618896,
    1.185439944267273,
    0.8910719752311707,
    1.1434880495071411,
    0.8982719779014587,
    1.1743040084838867,
    0.89164799451828,
    1.1344319581985474,
    0.910207986831665,
    1.140447974205017,
    0.8920320272445679,
    1.1527680158615112,
    0.8935359716415405,
    1.1336640119552612,
    2.0308480262756348,
    7.7669758796691895,
    2.0172159671783447,
    7.633056163787842,
    2.957632064819336,
    1.1656960248947144,
    0.9268800020217896,
    1.1392320394515991,
    0.9376959800720215,
    1.1855679750442505,
    0.9283199906349182,
    1.1794240474700928,
    0.8879680037498474,
    1.1462080478668213,
    0.8991360068321228,
    1.1308480501174927,
    0.8892800211906433,
    1.1693439483642578,
    0.8969600200653076,
    1.1308480501174927,
    0.8885759711265564,
    11.9236478805542,
    3.1121599674224854,
    7.90550422668457,
    3.0524799823760986,
    12.080320358276367,
    0.9023360013961792,
    1.2157119512557983,
    0.9357439875602722,
    1.1256639957427979,
    0.8931519985198975,
    1.1424640417099,
    0.9032639861106873,
    1.1546239852905273,
    0.9393600225448608,
    1.1836800575256348,
    0.9520320296287537
  ]
}