{
  "label": "m2n_full_nid003040_g3",
  "num_cells": 8,
  "graph_mode": 1,
  "mode": "GRAPH",
  "mean_ms": 0.9455340766906738,
  "per_cell_ms": 0.11819175958633422,
  "p95_ms": 1.073743975162506,
  "p99_ms": 1.1127666985988618,
  "miss_1ms": 0.34,
  "raw": [
    0.8879680037498474,
    0.957472026348114,
    0.9466239809989929,
    1.0235519409179688,
    0.92985600233078,
    1.0617599487304688,
    0.9646720290184021,
    1.006335973739624,
    0.6781439781188965,
    0.9513919949531555,
    0.8900480270385742,
    1.0587519407272339,
    0.705024003982544,
    1.082527995109558,
    0.9479359984397888,
    1.0113600492477417,
    0.8753920197486877,
    1.0531200170516968,
    0.9308159947395325,
    0.8725759983062744,
    0.8834559917449951,
    0.9319679737091064,
    1.0479999780654907,
    0.6974080204963684,
    0.8692160248756409,
    1.1095679998397827,
    0.8775039911270142,
    1.0147520303726196,
    0.9652479887008667,
    0.8744639754295349,
    0.9260799884796143,
    1.0630079507827759,
    0.9559999704360962,
    1.115839958190918,
    0.8736000061035156,
    1.0396480560302734,
    0.7022719979286194,
    0.893280029296875,
    0.9510080218315125,
    0.931551992893219,
    1.0206079483032227,
    0.959168016910553,
    0.9496960043907166,
    0.931551992893219,
    1.0601600408554077,
    0.8824319839477539,
    1.013535976409912,
    0.9570239782333374,
    1.0535680055618286,
    0.8897600173950195
  ]
}