{
  "label": "g40_qwen7b",
  "num_cells": 20,
  "num_tx": 4,
  "num_rx": 4,
  "mcs": 2,
  "hbm_pct": 82.7,
  "stats": {
    "name": "g40_qwen7b",
    "count": 100,
    "mean_ms": 22.323933424353598,
    "std_ms": 7.544579225161114,
    "p50_ms": 19.968880027532578,
    "p95_ms": 37.94652258455753,
    "p99_ms": 51.28993581056598,
    "min_ms": 15.08985584974289,
    "max_ms": 57.26006418466568,
    "jitter": 0.33795922437802073
  },
  "miss_1ms": 1.0,
  "raw": [
    42.839295983314514,
    21.460031807422638,
    20.764063835144043,
    27.513823747634888,
    16.95840013027191,
    32.370112001895905,
    29.404256403446198,
    32.32633596658707,
    40.81436771154404,
    21.000159978866577,
    22.507072150707245,
    18.248192131519318,
    17.635487914085388,
    32.16780811548233,
    20.77593594789505,
    19.074591994285583,
    20.235423922538757,
    20.503167808055878,
    19.66064018011093,
    19.008031964302063,
    32.08115214109421,
    48.60169577598572,
    22.19571191072464,
    22.718495905399323,
    22.82076793909073,
    19.9277440905571,
    16.814559936523438,
    18.05487996339798,
    28.82281631231308,
    18.75814402103424,
    18.45583999156952,
    18.21321600675583,
    21.125472009181976,
    27.965952038764954,
    26.426527619361877,
    18.485983967781067,
    19.621088087558746,
    32.09734398126602,
    37.79558336734772,
    25.743552267551422,
    18.71350407600403,
    21.86486393213272,
    18.578367948532104,
    17.70387202501297,
    22.55971211194992,
    17.91055989265442,
    17.789408028125763,
    26.313056111335754,
    26.593087911605835,
    22.436127960681915,
    18.347743928432465,
    20.010015964508057,
    19.435999929904938,
    18.47411185503006,
    21.515584111213684,
    20.12716794013977,
    20.677728176116943,
    17.744415938854218,
    18.722720086574554,
    20.806943953037262,
    22.69727975130081,
    17.69004797935486,
    17.498559951782227,
    24.507231831550598,
    57.26006418466568,
    25.96614444255829,
    16.760671973228455,
    51.22963148355484,
    26.441376209259033,
    20.373407900333405,
    27.87664008140564,
    19.39625608921051,
    16.939168095588684,
    19.694015741348267,
    20.172479927539825,
    20.016927778720856,
    21.995936155319214,
    20.514528334140778,
    17.20473611354828,
    25.151839792728424,
    19.23225611448288,
    16.972063958644867,
    21.201503932476044,
    18.85552006959915,
    19.25446391105652,
    19.242559909820557,
    18.777407944202423,
    18.249535977840424,
    16.439296066761017,
    17.752864003181458,
    15.45574402809143,
    15.171232044696808,
    15.125856041908264,
    17.867231965065002,
    19.42854392528534,
    15.199008047580719,
    15.118784010410309,
    15.11571192741394,
    15.138239979743958,
    15.08985584974289
  ]
}