{
  "label": "bora_A_nid008353_g0",
  "config": "A",
  "mean_ms": 0.47678400099277496,
  "p99_ms": 0.48322431892156603,
  "miss_1ms": 0.0,
  "raw": [
    0.4763840138912201,
    0.4819839894771576,
    0.4779520034790039,
    0.47676798701286316,
    0.47673600912094116,
    0.47788798809051514,
    0.4782400131225586,
    0.4761280119419098,
    0.47593599557876587,
    0.4774399995803833,
    0.4768640100955963,
    0.47603198885917664,
    0.47622400522232056,
    0.47654399275779724,
    0.47699201107025146,
    0.47788798809051514,
    0.47571200132369995,
    0.47676798701286316,
    0.47753599286079407,
    0.4756160080432892,
    0.48070400953292847,
    0.4767040014266968,
    0.4768640100955963,
    0.477728009223938,
    0.4761280119419098,
    0.4774399995803833,
    0.4780479967594147,
    0.47916799783706665,
    0.47494399547576904,
    0.4790399968624115,
    0.47779199481010437,
    0.4761599898338318,
    0.47491198778152466,
    0.47651201486587524,
    0.4753279983997345,
    0.47462400794029236,
    0.4742400050163269,
    0.47548800706863403,
    0.4769279956817627,
    0.47519999742507935,
    0.47388800978660583,
    0.47494399547576904,
    0.47542399168014526,
    0.4758400022983551,
    0.4747200012207031,
    0.4785279929637909,
    0.4750080108642578,
    0.4758400022983551,
    0.4750080108642578,
    0.48441600799560547
  ]
}