{
  "label": "mig32_4n_qwen_nid001536_g3",
  "num_cells": 8,
  "graph_mode": 1,
  "mode": "GRAPH",
  "mean_ms": 0.46931967973709104,
  "per_cell_ms": 0.05866495996713638,
  "p95_ms": 0.47680800408124924,
  "p99_ms": 0.4792624023556709,
  "miss_1ms": 0.0,
  "raw": [
    0.4674240052700043,
    0.46985599398612976,
    0.46857601404190063,
    0.4710400104522705,
    0.4696959853172302,
    0.47094398736953735,
    0.46803200244903564,
    0.4673599898815155,
    0.46639999747276306,
    0.46880000829696655,
    0.47180798649787903,
    0.4785279929637909,
    0.46649599075317383,
    0.46937599778175354,
    0.4673919975757599,
    0.47337600588798523,
    0.46540799736976624,
    0.4674240052700043,
    0.46883198618888855,
    0.47436800599098206,
    0.46672001481056213,
    0.46716800332069397,
    0.46799999475479126,
    0.46745601296424866,
    0.4691520035266876,
    0.47513601183891296,
    0.46911999583244324,
    0.4712640047073364,
    0.46985599398612976,
    0.4781759977340698,
    0.4667840003967285,
    0.46799999475479126,
    0.47996801137924194,
    0.4672960042953491,
    0.4696640074253082,
    0.4674240052700043,
    0.46649599075317383,
    0.4694080054759979,
    0.4673280119895935,
    0.4679040014743805,
    0.4677119851112366,
    0.4676479995250702,
    0.4689919948577881,
    0.4672960042953491,
    0.4674240052700043,
    0.4695039987564087,
    0.4698239862918854,
    0.46799999475479126,
    0.4678719937801361,
    0.46825599670410156
  ]
}