{
  "label": "s2n_baseline_n1",
  "num_cells": 8,
  "graph_mode": 1,
  "mode": "GRAPH",
  "mean_ms": 0.4331180799007416,
  "per_cell_ms": 0.0541397599875927,
  "p95_ms": 0.4357536032795906,
  "p99_ms": 0.43770399123430254,
  "miss_1ms": 0.0,
  "raw": [
    0.434112012386322,
    0.43564799427986145,
    0.43321600556373596,
    0.432096004486084,
    0.43273600935935974,
    0.4343680143356323,
    0.4328959882259369,
    0.4317759871482849,
    0.43212801218032837,
    0.4328320026397705,
    0.43564799427986145,
    0.4330559968948364,
    0.43116798996925354,
    0.4331839978694916,
    0.43408000469207764,
    0.43379199504852295,
    0.43276798725128174,
    0.43164798617362976,
    0.4327999949455261,
    0.43276798725128174,
    0.43196800351142883,
    0.43324801325798035,
    0.4336960017681122,
    0.4328640103340149,
    0.4322560131549835,
    0.4349760115146637,
    0.42607998847961426,
    0.4331839978694916,
    0.4328320026397705,
    0.43887999653816223,
    0.43584001064300537,
    0.4333440065383911,
    0.43356800079345703,
    0.43331199884414673,
    0.43327999114990234,
    0.43542400002479553,
    0.43161600828170776,
    0.43647998571395874,
    0.43222400546073914,
    0.4325760006904602,
    0.4312959909439087,
    0.43372800946235657,
    0.4328320026397705,
    0.4315840005874634,
    0.43193599581718445,
    0.43347200751304626,
    0.4326399862766266,
    0.4320639967918396,
    0.43193599581718445,
    0.43404799699783325
  ]
}