{
  "label": "mig32_2n_qwen_nid001461_g3",
  "num_cells": 8,
  "graph_mode": 1,
  "mode": "GRAPH",
  "mean_ms": 0.46909055948257444,
  "per_cell_ms": 0.058636319935321805,
  "p95_ms": 0.4763856023550034,
  "p99_ms": 0.4842668783664703,
  "miss_1ms": 0.0,
  "raw": [
    0.4692800045013428,
    0.46985599398612976,
    0.4670400023460388,
    0.4758400022983551,
    0.46585598587989807,
    0.4681600034236908,
    0.4670400023460388,
    0.46486398577690125,
    0.46665599942207336,
    0.4682239890098572,
    0.46905601024627686,
    0.4670720100402832,
    0.46592000126838684,
    0.4684480130672455,
    0.466592013835907,
    0.46643200516700745,
    0.4660800099372864,
    0.477183997631073,
    0.46902400255203247,
    0.4687039852142334,
    0.4649600088596344,
    0.47683200240135193,
    0.47046399116516113,
    0.4676479995250702,
    0.46668800711631775,
    0.46639999747276306,
    0.4670720100402832,
    0.46697598695755005,
    0.4647679924964905,
    0.47040000557899475,
    0.46963199973106384,
    0.46511998772621155,
    0.4678080081939697,
    0.46639999747276306,
    0.4719359874725342,
    0.49107199907302856,
    0.47123199701309204,
    0.4694400131702423,
    0.4692479968070984,
    0.4687359929084778,
    0.4683839976787567,
    0.47180798649787903,
    0.47247999906539917,
    0.4683839976787567,
    0.468639999628067,
    0.4696959853172302,
    0.4695039987564087,
    0.4674240052700043,
    0.4678719937801361,
    0.47017601132392883
  ]
}