{
  "label": "s2n_neuralrx_n1",
  "num_cells": 8,
  "graph_mode": 1,
  "mode": "GRAPH",
  "mean_ms": 0.43221887946128845,
  "per_cell_ms": 0.054027359932661057,
  "p95_ms": 0.43452800065279007,
  "p99_ms": 0.43589472740888596,
  "miss_1ms": 0.0,
  "raw": [
    0.4325439929962158,
    0.43321600556373596,
    0.43379199504852295,
    0.43161600828170776,
    0.43222400546073914,
    0.43382400274276733,
    0.4336639940738678,
    0.4341759979724884,
    0.4326399862766266,
    0.43481600284576416,
    0.4288640022277832,
    0.43302398920059204,
    0.431551992893219,
    0.4314880073070526,
    0.4325760006904602,
    0.43379199504852295,
    0.4312640130519867,
    0.4328640103340149,
    0.4317440092563629,
    0.43084800243377686,
    0.43196800351142883,
    0.4323520064353943,
    0.43251198530197144,
    0.43215999007225037,
    0.4307839870452881,
    0.43375998735427856,
    0.43238401412963867,
    0.431551992893219,
    0.43187201023101807,
    0.4355520009994507,
    0.4362240135669708,
    0.4315840005874634,
    0.4286400079727173,
    0.43212801218032837,
    0.4256319999694824,
    0.4325439929962158,
    0.4310399889945984,
    0.43193599581718445,
    0.43116798996925354,
    0.43164798617362976,
    0.43219199776649475,
    0.43238401412963867,
    0.4325439929962158,
    0.4315840005874634,
    0.43212801218032837,
    0.4336639940738678,
    0.4325439929962158,
    0.4312959909439087,
    0.4323520064353943,
    0.4322879910469055
  ]
}