{
  "label": "mig32_1n_qwen_nid001533_g3",
  "num_cells": 8,
  "graph_mode": 1,
  "mode": "GRAPH",
  "mean_ms": 0.49801152050495145,
  "per_cell_ms": 0.06225144006311893,
  "p95_ms": 0.532612782716751,
  "p99_ms": 0.5566105645895004,
  "miss_1ms": 0.0,
  "raw": [
    0.5207679867744446,
    0.5262719988822937,
    0.5173439979553223,
    0.5661439895629883,
    0.5206720232963562,
    0.5171520113945007,
    0.5277439951896667,
    0.5184640288352966,
    0.5316799879074097,
    0.5198720097541809,
    0.5466880202293396,
    0.5183359980583191,
    0.5248000025749207,
    0.5310080051422119,
    0.5250880122184753,
    0.5225279927253723,
    0.5272319912910461,
    0.5333759784698486,
    0.51910400390625,
    0.5191680192947388,
    0.5210559964179993,
    0.5257279872894287,
    0.5191360116004944,
    0.5230399966239929,
    0.5195519924163818,
    0.500544011592865,
    0.47887998819351196,
    0.47382399439811707,
    0.469760000705719,
    0.4681920111179352,
    0.47231999039649963,
    0.4689599871635437,
    0.4668479859828949,
    0.47231999039649963,
    0.46774399280548096,
    0.46716800332069397,
    0.46716800332069397,
    0.46908798813819885,
    0.469215989112854,
    0.4663679897785187,
    0.46460801362991333,
    0.4684480130672455,
    0.4727039933204651,
    0.466592013835907,
    0.4698239862918854,
    0.46668800711631775,
    0.466048002243042,
    0.46646401286125183,
    0.470304012298584,
    0.46854400634765625
  ]
}