{
  "label": "s2n4g_baseline_nid002689_g3",
  "num_cells": 8,
  "graph_mode": 1,
  "mode": "GRAPH",
  "mean_ms": 0.4364659196138382,
  "per_cell_ms": 0.05455823995172977,
  "p95_ms": 0.4466304019093513,
  "p99_ms": 0.44811551600694655,
  "miss_1ms": 0.0,
  "raw": [
    0.4362559914588928,
    0.4370880126953125,
    0.43619200587272644,
    0.4479359984397888,
    0.436383992433548,
    0.4482879936695099,
    0.4373759925365448,
    0.4360640048980713,
    0.43459200859069824,
    0.4357759952545166,
    0.4450559914112091,
    0.43375998735427856,
    0.43615999817848206,
    0.4365760087966919,
    0.43696001172065735,
    0.44755199551582336,
    0.4350399971008301,
    0.43513599038124084,
    0.4354560077190399,
    0.43564799427986145,
    0.4357759952545166,
    0.4360319972038269,
    0.4371519982814789,
    0.435263991355896,
    0.43487998843193054,
    0.4336319863796234,
    0.43558400869369507,
    0.43561598658561707,
    0.4346559941768646,
    0.4362879991531372,
    0.4365440011024475,
    0.43270400166511536,
    0.4344319999217987,
    0.43484801054000854,
    0.4338560104370117,
    0.43350398540496826,
    0.43408000469207764,
    0.4359999895095825,
    0.43484801054000854,
    0.4442560076713562,
    0.4343680143356323,
    0.4345279932022095,
    0.4349119961261749,
    0.4331200122833252,
    0.4328320026397705,
    0.43353599309921265,
    0.435808002948761,
    0.43222400546073914,
    0.43321600556373596,
    0.44550400972366333
  ]
}