{
  "label": "s4n4g_resnet_nid001269_g0",
  "num_cells": 8,
  "graph_mode": 1,
  "mode": "GRAPH",
  "mean_ms": 2.1639948773384092,
  "per_cell_ms": 0.27049935966730115,
  "p95_ms": 4.055620789527893,
  "p99_ms": 4.492444067001343,
  "miss_1ms": 1.0,
  "raw": [
    2.4812159538269043,
    1.3683199882507324,
    1.270367980003357,
    1.5936319828033447,
    1.358016014099121,
    1.5603200197219849,
    1.274176001548767,
    2.974656105041504,
    4.4910078048706055,
    3.8261759281158447,
    3.412992000579834,
    2.2165119647979736,
    2.4856960773468018,
    1.6200319528579712,
    1.3744640350341797,
    1.1894079446792603,
    1.3553600311279297,
    1.5798720121383667,
    1.0376319885253906,
    2.9800000190734863,
    4.493824005126953,
    3.3569281101226807,
    1.901087999343872,
    1.9820480346679688,
    2.1073920726776123,
    2.096127986907959,
    1.4026240110397339,
    1.5123519897460938,
    1.3654719591140747,
    1.2654399871826172,
    2.967008113861084,
    3.8362560272216797,
    4.055039882659912,
    3.441983938217163,
    2.2246720790863037,
    1.7874879837036133,
    1.2076159715652466,
    1.3641599416732788,
    1.3373119831085205,
    1.8044480085372925,
    1.050271987915039,
    2.9681599140167236,
    4.056096076965332,
    3.0998079776763916,
    2.229343891143799,
    2.251840114593506,
    1.3326400518417358,
    1.3738559484481812,
    1.4027520418167114,
    1.4758399724960327
  ]
}