{
  "label": "s2n4g_baseline_nid002688_g3",
  "num_cells": 8,
  "graph_mode": 1,
  "mode": "GRAPH",
  "mean_ms": 0.430482559800148,
  "per_cell_ms": 0.0538103199750185,
  "p95_ms": 0.4375584006309509,
  "p99_ms": 0.4435033541917801,
  "miss_1ms": 0.0,
  "raw": [
    0.4410879909992218,
    0.42816001176834106,
    0.4275200068950653,
    0.42480000853538513,
    0.4310719966888428,
    0.4389120042324066,
    0.43487998843193054,
    0.4270080029964447,
    0.42640000581741333,
    0.43590399622917175,
    0.42662400007247925,
    0.43270400166511536,
    0.4329279959201813,
    0.42611199617385864,
    0.42793598771095276,
    0.4326399862766266,
    0.4326399862766266,
    0.435232013463974,
    0.4323520064353943,
    0.4314880073070526,
    0.4256319999694824,
    0.4272960126399994,
    0.4273279905319214,
    0.42508798837661743,
    0.4314880073070526,
    0.43427199125289917,
    0.42662400007247925,
    0.4264639914035797,
    0.4328320026397705,
    0.43187201023101807,
    0.4291200041770935,
    0.42630401253700256,
    0.426144003868103,
    0.4323520064353943,
    0.4323199987411499,
    0.4338879883289337,
    0.43267199397087097,
    0.42764800786972046,
    0.4354879856109619,
    0.42422398924827576,
    0.4317440092563629,
    0.42604801058769226,
    0.4334399998188019,
    0.42422398924827576,
    0.43167999386787415,
    0.42630401253700256,
    0.43331199884414673,
    0.4267520010471344,
    0.4293439984321594,
    0.44582399725914
  ]
}