{
  "label": "q32b4n_qwen32b_nid001764_g0",
  "num_cells": 8,
  "graph_mode": 1,
  "mode": "GRAPH",
  "mean_ms": 0.4347302401065826,
  "per_cell_ms": 0.05434128001332283,
  "p95_ms": 0.4372895985841751,
  "p99_ms": 0.4419392043352127,
  "miss_1ms": 0.0,
  "raw": [
    0.43193599581718445,
    0.4371199905872345,
    0.4336960017681122,
    0.4352959990501404,
    0.4343999922275543,
    0.43513599038124084,
    0.43347200751304626,
    0.43167999386787415,
    0.43718400597572327,
    0.4359999895095825,
    0.43593600392341614,
    0.43296000361442566,
    0.4336000084877014,
    0.4359999895095825,
    0.44444799423217773,
    0.43353599309921265,
    0.4330559968948364,
    0.43670400977134705,
    0.434112012386322,
    0.43353599309921265,
    0.4326399862766266,
    0.434143990278244,
    0.4370560050010681,
    0.4330559968948364,
    0.43273600935935974,
    0.43481600284576416,
    0.4336319863796234,
    0.43356800079345703,
    0.4341759979724884,
    0.43430399894714355,
    0.435232013463974,
    0.4359680116176605,
    0.4349760115146637,
    0.4373759925365448,
    0.43558400869369507,
    0.43219199776649475,
    0.43321600556373596,
    0.43408000469207764,
    0.4339520037174225,
    0.4357439875602722,
    0.4326080083847046,
    0.4347519874572754,
    0.4347200095653534,
    0.4331839978694916,
    0.4336639940738678,
    0.4338560104370117,
    0.4368320107460022,
    0.4346559941768646,
    0.43932801485061646,
    0.4346559941768646
  ]
}