{
  "label": "multinode_baseline",
  "mode": "baseline",
  "hostname": "nid001669",
  "stats": {
    "name": "RX",
    "count": 100,
    "mean_ms": 2.060211198925972,
    "std_ms": 2.3619795615174515,
    "p50_ms": 1.042959988117218,
    "p95_ms": 7.898049688339233,
    "p99_ms": 8.233842248916647,
    "min_ms": 0.8096640110015869,
    "max_ms": 12.236831665039062,
    "jitter": 1.1464744792906656
  },
  "miss_1ms": 0.63,
  "raw": [
    1.105247974395752,
    0.8197439908981323,
    1.0861120223999023,
    0.8565760254859924,
    1.1038399934768677,
    0.8139839768409729,
    1.0400639772415161,
    0.8323839902877808,
    1.0433599948883057,
    0.8400639891624451,
    3.137376070022583,
    6.463359832763672,
    6.309855937957764,
    8.193408012390137,
    7.780416011810303,
    0.8101119995117188,
    1.076032042503357,
    0.8210560083389282,
    1.0985920429229736,
    0.8616639971733093,
    1.0548479557037354,
    0.8097599744796753,
    1.1005120277404785,
    0.8714560270309448,
    1.1085760593414307,
    0.8625280261039734,
    1.0407999753952026,
    0.8163840174674988,
    1.0938880443572998,
    0.8153600096702576,
    1.1110080480575562,
    1.6909120082855225,
    8.076128005981445,
    1.0422719717025757,
    7.783711910247803,
    2.8674240112304688,
    1.0425599813461304,
    0.8134719729423523,
    1.0955519676208496,
    0.8141760230064392,
    1.0867520570755005,
    0.8184319734573364,
    1.1102720499038696,
    0.8096640110015869,
    1.0985599756240845,
    0.8184959888458252,
    1.0376319885253906,
    0.8229119777679443,
    1.0442880392074585,
    0.8607680201530457,
    1.0369600057601929,
    0.8106880187988281,
    3.720992088317871,
    2.787839889526367,
    12.236831665039062,
    3.100831985473633,
    7.895008087158203,
    1.449023962020874,
    1.0546879768371582,
    0.8116480112075806,
    1.0819519758224487,
    0.8208320140838623,
    1.0397440195083618,
    0.81740802526474,
    1.09552001953125,
    0.8611199855804443,
    1.5086719989776611,
    0.8107200264930725,
    1.0464320182800293,
    0.8624320030212402,
    1.0395840406417847,
    0.8615999817848206,
    1.093567967414856,
    0.8252800107002258,
    8.055295944213867,
    2.0248000621795654,
    7.689695835113525,
    3.0425920486450195,
    6.8843841552734375,
    0.8986560106277466,
    1.0404800176620483,
    0.8098239898681641,
    1.0505599975585938,
    0.8622720241546631,
    1.039423942565918,
    0.8223360180854797,
    1.0355199575424194,
    0.864736020565033,
    1.044927954673767,
    0.8140159845352173,
    1.0363839864730835,
    0.8105599880218506,
    1.088320016860962,
    0.8183680176734924,
    1.0391360521316528,
    3.359776020050049,
    5.809216022491455,
    3.2344000339508057,
    7.955840110778809,
    2.707871913909912
  ]
}