{
  "label": "s1n_resnet",
  "num_cells": 8,
  "graph_mode": 1,
  "mode": "GRAPH",
  "mean_ms": 2.322927976846695,
  "per_cell_ms": 0.2903659971058369,
  "p95_ms": 4.33786883354187,
  "p99_ms": 4.467085404396057,
  "miss_1ms": 0.94,
  "raw": [
    3.834559917449951,
    1.7836159467697144,
    1.263551950454712,
    1.3412480354309082,
    0.9400320053100586,
    0.9951679706573486,
    3.5486719608306885,
    4.062143802642822,
    4.354976177215576,
    1.5162559747695923,
    2.576479911804199,
    1.632256031036377,
    1.3927359580993652,
    1.3442879915237427,
    1.1480319499969482,
    2.8054399490356445,
    2.760063886642456,
    3.7291839122772217,
    4.316959857940674,
    2.671135902404785,
    2.249631881713867,
    2.4811201095581055,
    1.6363519430160522,
    1.3847359418869019,
    0.956384003162384,
    1.3411200046539307,
    1.5735679864883423,
    1.0105600357055664,
    2.8238720893859863,
    2.752671957015991,
    3.875839948654175,
    4.574368000030518,
    2.667680025100708,
    2.2125120162963867,
    2.498624086380005,
    1.6350719928741455,
    1.2129919528961182,
    1.386687994003296,
    1.3492480516433716,
    1.6522239446640015,
    1.0029759407043457,
    4.001247882843018,
    4.355423927307129,
    4.086143970489502,
    3.9496641159057617,
    2.2212159633636475,
    2.230560064315796,
    2.0885438919067383,
    1.5732799768447876,
    1.3452800512313843
  ]
}