{
  "label": "mn_baseline",
  "num_cells": 8,
  "hbm_used_pct": 20.0,
  "stats": {
    "name": "mn_baseline",
    "count": 100,
    "mean_ms": 7.317639676332473,
    "std_ms": 2.44905499706766,
    "p50_ms": 5.995184004306793,
    "p95_ms": 12.936593639850615,
    "p99_ms": 14.973081883788117,
    "min_ms": 5.7034560441970825,
    "max_ms": 16.445599853992462,
    "jitter": 0.33467827132684147
  },
  "miss_1ms": 1.0,
  "raw": [
    7.914943873882294,
    5.992960035800934,
    6.05404806137085,
    8.31551992893219,
    5.894784033298492,
    10.80351996421814,
    5.940543949604034,
    5.920927941799164,
    8.091071903705597,
    6.361088037490845,
    5.922943949699402,
    12.904736042022705,
    5.886464059352875,
    5.89846396446228,
    8.660063922405243,
    5.932031989097595,
    8.708064079284668,
    5.764639973640442,
    5.782400012016296,
    6.023647964000702,
    12.532480001449585,
    5.796447992324829,
    14.89897608757019,
    5.916128039360046,
    5.899007976055145,
    8.315263986587524,
    5.732767999172211,
    5.766175985336304,
    9.195231974124908,
    5.973504066467285,
    6.733248054981232,
    9.99449598789215,
    5.975487947463989,
    8.929408013820648,
    5.953727960586548,
    5.81443190574646,
    5.8313599824905396,
    14.958207964897156,
    8.58492797613144,
    6.420384049415588,
    5.911007940769196,
    5.914080023765564,
    11.589440286159515,
    5.978848099708557,
    6.8432639837265015,
    8.116255819797516,
    5.97436797618866,
    6.118560016155243,
    6.189152002334595,
    6.096896052360535,
    10.743743777275085,
    5.989567995071411,
    5.961216032505035,
    5.881951928138733,
    5.7597761154174805,
    6.023680031299591,
    10.161216080188751,
    6.791264057159424,
    5.97465592622757,
    6.116159915924072,
    5.923135995864868,
    10.048960030078888,
    5.799007952213287,
    5.737087965011597,
    13.541887998580933,
    6.116544008255005,
    5.9413440227508545,
    9.946368098258972,
    6.1041600704193115,
    10.6355841755867,
    5.922240078449249,
    5.958816051483154,
    5.965087950229645,
    6.020895957946777,
    6.020703971385956,
    11.828191876411438,
    5.99510395526886,
    5.964992046356201,
    6.01446408033371,
    5.88483202457428,
    5.8089599609375,
    14.210303723812103,
    5.969952046871185,
    5.991648018360138,
    6.126816093921661,
    5.995264053344727,
    9.046399891376495,
    5.9265599846839905,
    6.685023903846741,
    5.839679956436157,
    5.729472041130066,
    6.463871955871582,
    16.445599853992462,
    5.949120044708252,
    6.884639918804169,
    5.870176017284393,
    5.960928022861481,
    9.944032073020935,
    5.7034560441970825,
    5.713024020195007
  ]
}