{
  "label": "m4n_baseline_nid001757_g0",
  "num_cells": 8,
  "graph_mode": 1,
  "mode": "GRAPH",
  "mean_ms": 0.43455295979976655,
  "per_cell_ms": 0.05431911997497082,
  "p95_ms": 0.43733600378036497,
  "p99_ms": 0.4381836861371994,
  "miss_1ms": 0.0,
  "raw": [
    0.4343680143356323,
    0.4368959963321686,
    0.4355520009994507,
    0.4350079894065857,
    0.4343999922275543,
    0.43769600987434387,
    0.43462398648262024,
    0.4345279932022095,
    0.43487998843193054,
    0.43856000900268555,
    0.4346559941768646,
    0.43427199125289917,
    0.4360319972038269,
    0.43561598658561707,
    0.43536001443862915,
    0.43433600664138794,
    0.434143990278244,
    0.4363200068473816,
    0.4338879883289337,
    0.4323520064353943,
    0.43196800351142883,
    0.43356800079345703,
    0.4347519874572754,
    0.4349440038204193,
    0.4341759979724884,
    0.4322879910469055,
    0.43398401141166687,
    0.4330880045890808,
    0.4334399998188019,
    0.4360319972038269,
    0.4350079894065857,
    0.4320639967918396,
    0.4327999949455261,
    0.43584001064300537,
    0.43779200315475464,
    0.4331200122833252,
    0.43222400546073914,
    0.43459200859069824,
    0.43408000469207764,
    0.43353599309921265,
    0.43430399894714355,
    0.4360960125923157,
    0.4350079894065857,
    0.4347839951515198,
    0.43244799971580505,
    0.4344959855079651,
    0.4365760087966919,
    0.43324801325798035,
    0.4325760006904602,
    0.43532800674438477
  ]
}