{
  "label": "bench_4c_GRAPH",
  "num_cells": 4,
  "graph_mode": 1,
  "mode": "GRAPH",
  "mean_ms": 0.4584876799583435,
  "per_cell_ms": 0.11462191998958587,
  "p95_ms": 0.4609168037772179,
  "p99_ms": 0.46147326976060865,
  "miss_1ms": 0.0,
  "raw": [
    0.45977601408958435,
    0.459199994802475,
    0.45840001106262207,
    0.4596799910068512,
    0.4588800072669983,
    0.46140798926353455,
    0.4601919949054718,
    0.45283201336860657,
    0.4585919976234436,
    0.46003198623657227,
    0.4574719965457916,
    0.45875200629234314,
    0.4567680060863495,
    0.457504004240036,
    0.4572800099849701,
    0.4573439955711365,
    0.4607039988040924,
    0.4593600034713745,
    0.4591040015220642,
    0.45708799362182617,
    0.4580479860305786,
    0.4604800045490265,
    0.4589119851589203,
    0.455487996339798,
    0.4575360119342804,
    0.4588479995727539,
    0.45788800716400146,
    0.4567039906978607,
    0.45952001214027405,
    0.4609600007534027,
    0.4580160081386566,
    0.46086400747299194,
    0.45683199167251587,
    0.4601919949054718,
    0.45974400639533997,
    0.4561919867992401,
    0.460640013217926,
    0.45875200629234314,
    0.45638400316238403,
    0.45820799469947815,
    0.4575679898262024,
    0.4601280093193054,
    0.4583039879798889,
    0.45657598972320557,
    0.45846399664878845,
    0.45868799090385437,
    0.45875200629234314,
    0.45638400316238403,
    0.45740801095962524,
    0.4615359902381897
  ]
}