{
  "label": "m2n_baseline_nid003040_g0",
  "num_cells": 8,
  "graph_mode": 1,
  "mode": "GRAPH",
  "mean_ms": 0.4358067214488983,
  "per_cell_ms": 0.05447584018111229,
  "p95_ms": 0.44210560321807857,
  "p99_ms": 0.44839936167001726,
  "miss_1ms": 0.0,
  "raw": [
    0.4355520009994507,
    0.43830400705337524,
    0.4365119934082031,
    0.4357439875602722,
    0.4349119961261749,
    0.43724799156188965,
    0.43615999817848206,
    0.43459200859069824,
    0.434688001871109,
    0.437855988740921,
    0.4376640021800995,
    0.43590399622917175,
    0.43507200479507446,
    0.4359999895095825,
    0.44915199279785156,
    0.43721601366996765,
    0.43484801054000854,
    0.43487998843193054,
    0.436352014541626,
    0.44761601090431213,
    0.4347519874572754,
    0.4373440146446228,
    0.4352959990501404,
    0.4336960017681122,
    0.43347200751304626,
    0.436383992433548,
    0.4360319972038269,
    0.4330880045890808,
    0.43536001443862915,
    0.43542400002479553,
    0.43481600284576416,
    0.43267199397087097,
    0.43408000469207764,
    0.43558400869369507,
    0.43593600392341614,
    0.43321600556373596,
    0.43327999114990234,
    0.4349760115146637,
    0.44521600008010864,
    0.4338560104370117,
    0.4333440065383911,
    0.4328320026397705,
    0.4365119934082031,
    0.4318079948425293,
    0.43536001443862915,
    0.43222400546073914,
    0.43539199233055115,
    0.43062400817871094,
    0.4339520037174225,
    0.43753600120544434
  ]
}