{
  "label": "sameGPU_hbm_1GB",
  "stats": {
    "name": "sameGPU_hbm_1GB",
    "count": 100,
    "mean_ms": 16.326100120544435,
    "std_ms": 3.0674614865927174,
    "p50_ms": 14.737552165985107,
    "p95_ms": 22.965421581268306,
    "p99_ms": 28.43637929916382,
    "min_ms": 13.134016036987305,
    "max_ms": 29.098112106323242,
    "jitter": 0.18788697018540795
  },
  "miss_1ms": 1.0,
  "raw": [
    14.706399917602539,
    14.573247909545898,
    14.713312149047852,
    16.026464462280273,
    29.098112106323242,
    14.58512020111084,
    14.698464393615723,
    14.596416473388672,
    21.035072326660156,
    14.59887981414795,
    14.70246410369873,
    14.589056015014648,
    21.142623901367188,
    13.145759582519531,
    14.703743934631348,
    14.590751647949219,
    16.15558433532715,
    14.585408210754395,
    14.695167541503906,
    14.603839874267578,
    14.685791969299316,
    16.045856475830078,
    22.520448684692383,
    14.593088150024414,
    14.702912330627441,
    17.493759155273438,
    14.698111534118652,
    17.506559371948242,
    16.145151138305664,
    16.053407669067383,
    14.691136360168457,
    16.048927307128906,
    24.521984100341797,
    14.592703819274902,
    16.151744842529297,
    14.593215942382812,
    14.699647903442383,
    16.051231384277344,
    16.111616134643555,
    18.954879760742188,
    14.701888084411621,
    14.611743927001953,
    24.26678466796875,
    14.595040321350098,
    17.618560791015625,
    14.597663879394531,
    16.154592514038086,
    17.488256454467773,
    14.736800193786621,
    16.050752639770508,
    14.726943969726562,
    14.588383674621582,
    22.896928787231445,
    13.1494722366333,
    14.868767738342285,
    16.036800384521484,
    14.710911750793457,
    17.48860740661621,
    14.714431762695312,
    13.150367736816406,
    13.230239868164062,
    16.068159103393555,
    17.93356704711914,
    24.73206329345703,
    14.738304138183594,
    16.061023712158203,
    16.166847229003906,
    20.38751983642578,
    14.709280014038086,
    14.593152046203613,
    14.705023765563965,
    16.02992057800293,
    22.679168701171875,
    14.598431587219238,
    14.69257640838623,
    14.59721565246582,
    14.71878433227539,
    16.038047790527344,
    14.712127685546875,
    16.042272567749023,
    14.715200424194336,
    16.032543182373047,
    28.42969512939453,
    16.036575317382812,
    14.719167709350586,
    13.134016036987305,
    16.152128219604492,
    20.4071044921875,
    14.723487854003906,
    14.595808029174805,
    16.172319412231445,
    13.144319534301758,
    20.637855529785156,
    17.485727310180664,
    14.772224426269531,
    16.038463592529297,
    16.182079315185547,
    14.578304290771484,
    17.624544143676758,
    16.032960891723633
  ]
}