{
  "label": "g40_thresh_baseline_final",
  "num_cells": 20,
  "num_tx": 4,
  "num_rx": 4,
  "mcs": 2,
  "hbm_pct": 44.2,
  "stats": {
    "name": "g40_thresh_baseline_final",
    "count": 100,
    "mean_ms": 15.896363201141357,
    "std_ms": 5.663713204625022,
    "p50_ms": 14.352176040410995,
    "p95_ms": 22.853448069095577,
    "p99_ms": 40.758709037900005,
    "min_ms": 14.276127934455872,
    "max_ms": 47.22665572166443,
    "jitter": 0.35628987164928194
  },
  "miss_1ms": 1.0,
  "raw": [
    16.589792013168335,
    37.708960354328156,
    47.22665572166443,
    14.502528011798859,
    14.421312093734741,
    14.404351949691772,
    14.427456080913544,
    14.386111915111542,
    14.450688183307648,
    14.354047954082489,
    14.383263766765594,
    14.379104018211365,
    14.397184014320374,
    17.029920041561127,
    14.820191979408264,
    14.368639945983887,
    14.356479823589325,
    14.335520088672638,
    14.634048104286194,
    14.418336033821106,
    14.366080045700073,
    14.376288056373596,
    14.33433610200882,
    14.325567781925201,
    22.25241607427597,
    40.69337624311447,
    14.348096013069153,
    14.328224062919617,
    14.319200038909912,
    14.330816090106964,
    14.36166399717331,
    14.354144036769867,
    14.388096034526825,
    14.340672135353088,
    14.334495902061462,
    14.405440092086792,
    16.694815933704376,
    15.036543846130371,
    14.365791976451874,
    14.362047970294952,
    14.341439962387085,
    14.308127999305725,
    14.304447829723358,
    14.377344012260437,
    14.317120015621185,
    14.346912026405334,
    14.302367866039276,
    15.153472125530243,
    34.27305597066879,
    14.322111904621124,
    14.318175971508026,
    14.298400044441223,
    14.326847910881042,
    14.303616046905518,
    14.439040005207062,
    14.352640092372894,
    14.311104118824005,
    14.286432027816772,
    14.327264070510864,
    16.336127996444702,
    15.330272018909454,
    14.397183895111084,
    14.360032081604004,
    14.303295910358429,
    14.30099207162857,
    14.345983982086182,
    14.48387199640274,
    14.403968036174774,
    14.317279875278473,
    14.348608016967773,
    14.87718403339386,
    16.768736004829407,
    14.351711988449097,
    14.305215895175934,
    14.29664009809494,
    14.306560039520264,
    14.283199906349182,
    14.313791990280151,
    14.323040068149567,
    14.305984079837799,
    14.330911934375763,
    14.291456043720245,
    39.41430377960205,
    15.544607996940613,
    14.285087943077087,
    14.332063972949982,
    14.348896086215973,
    14.331359922885895,
    14.411679983139038,
    14.306847989559174,
    14.312512159347534,
    14.278751909732819,
    14.276127934455872,
    14.557408034801483,
    16.998175978660583,
    14.354687929153442,
    14.349279999732971,
    14.297567963600159,
    14.31356793642044,
    14.31872010231018
  ]
}