{
  "label": "s4n4g_baseline_nid001269_g3",
  "num_cells": 8,
  "graph_mode": 1,
  "mode": "GRAPH",
  "mean_ms": 0.4345446401834488,
  "per_cell_ms": 0.0543180800229311,
  "p95_ms": 0.4378016099333763,
  "p99_ms": 0.4418099161982536,
  "miss_1ms": 0.0,
  "raw": [
    0.4366079866886139,
    0.4365119934082031,
    0.44089600443840027,
    0.4331839978694916,
    0.43718400597572327,
    0.43584001064300537,
    0.4355199933052063,
    0.4329279959201813,
    0.4320000112056732,
    0.435232013463974,
    0.4359999895095825,
    0.4299519956111908,
    0.43251198530197144,
    0.434112012386322,
    0.4352000057697296,
    0.4352000057697296,
    0.4350079894065857,
    0.43302398920059204,
    0.43273600935935974,
    0.4344319999217987,
    0.4343999922275543,
    0.435808002948761,
    0.43327999114990234,
    0.43302398920059204,
    0.44268798828125,
    0.4333440065383911,
    0.4360960125923157,
    0.43462398648262024,
    0.435263991355896,
    0.43375998735427856,
    0.4373440146446228,
    0.43113601207733154,
    0.43248000741004944,
    0.4344319999217987,
    0.4334399998188019,
    0.43564799427986145,
    0.4331200122833252,
    0.4362559914588928,
    0.4343680143356323,
    0.4331200122833252,
    0.43248000741004944,
    0.4330880045890808,
    0.43430399894714355,
    0.4341759979724884,
    0.43353599309921265,
    0.4381760060787201,
    0.435263991355896,
    0.43542400002479553,
    0.4302400052547455,
    0.4328320026397705
  ]
}