{
  "label": "bora_gpt2",
  "num_cells": 8,
  "graph_mode": 1,
  "mode": "GRAPH",
  "mean_ms": 0.5237318426370621,
  "per_cell_ms": 0.06546648032963276,
  "p95_ms": 0.6150911867618559,
  "p99_ms": 0.7144460773468017,
  "miss_1ms": 0.0,
  "raw": [
    0.5047680139541626,
    0.5110080242156982,
    0.6876159906387329,
    0.5065280199050903,
    0.504256010055542,
    0.5019519925117493,
    0.501471996307373,
    0.504800021648407,
    0.5014399886131287,
    0.5011839866638184,
    0.5011199712753296,
    0.5018879771232605,
    0.5013120174407959,
    0.4944640100002289,
    0.5005120038986206,
    0.5000320076942444,
    0.5002560019493103,
    0.5410240292549133,
    0.6452159881591797,
    0.5170239806175232,
    0.5045760273933411,
    0.5226240158081055,
    0.7402240037918091,
    0.5206400156021118,
    0.5156480073928833,
    0.505407989025116,
    0.5782719850540161,
    0.5013759732246399,
    0.5235520005226135,
    0.509119987487793,
    0.5133439898490906,
    0.5703679919242859,
    0.5005120038986206,
    0.516319990158081,
    0.5049279928207397,
    0.4978879988193512,
    0.49801599979400635,
    0.5043839812278748,
    0.574400007724762,
    0.4989440143108368,
    0.5284799933433533,
    0.5010560154914856,
    0.5055040121078491,
    0.5028160214424133,
    0.5097280144691467,
    0.56358402967453,
    0.5030400156974792,
    0.5025280117988586,
    0.5167040228843689,
    0.5247359871864319
  ]
}