{
  "label": "bora40_B_gpt2",
  "num_cells": 8,
  "graph_mode": 1,
  "mode": "GRAPH",
  "mean_ms": 0.5394502449035644,
  "per_cell_ms": 0.06743128061294555,
  "p95_ms": 0.7462064087390899,
  "p99_ms": 0.7595260846614837,
  "miss_1ms": 0.0,
  "raw": [
    0.7282559871673584,
    0.5053759813308716,
    0.5082880258560181,
    0.7365440130233765,
    0.5076479911804199,
    0.5139520168304443,
    0.7551360130310059,
    0.5127040147781372,
    0.5020800232887268,
    0.4984000027179718,
    0.49807998538017273,
    0.49612799286842346,
    0.5067840218544006,
    0.4965760111808777,
    0.4989120066165924,
    0.5053120255470276,
    0.5008320212364197,
    0.497408002614975,
    0.501151978969574,
    0.4989120066165924,
    0.49929600954055786,
    0.5097600221633911,
    0.5082560181617737,
    0.707423985004425,
    0.5135040283203125,
    0.5114240050315857,
    0.7320960164070129,
    0.5152320265769958,
    0.5098879933357239,
    0.7637439966201782,
    0.5128960013389587,
    0.49587199091911316,
    0.5507519841194153,
    0.49884799122810364,
    0.521664023399353,
    0.5139520168304443,
    0.4989440143108368,
    0.5346879959106445,
    0.49798399209976196,
    0.49804800748825073,
    0.5176960229873657,
    0.5021759867668152,
    0.49529600143432617,
    0.5126399993896484,
    0.49881601333618164,
    0.5130879878997803,
    0.5150719881057739,
    0.5030080080032349,
    0.7541120052337646,
    0.4978559911251068
  ]
}