{
  "label": "mig72_4n_qwen_nid008637_g3",
  "num_cells": 8,
  "graph_mode": 1,
  "mode": "GRAPH",
  "mean_ms": 0.5319321620464325,
  "per_cell_ms": 0.06649152025580406,
  "p95_ms": 0.557180792093277,
  "p99_ms": 0.566200640797615,
  "miss_1ms": 0.0,
  "raw": [
    0.5225279927253723,
    0.5414720177650452,
    0.5212799906730652,
    0.5311999917030334,
    0.5470719933509827,
    0.5666239857673645,
    0.5407040119171143,
    0.5296319723129272,
    0.5335360169410706,
    0.5354560017585754,
    0.521727979183197,
    0.5385919809341431,
    0.5255039930343628,
    0.541375994682312,
    0.5222399830818176,
    0.5551040172576904,
    0.5306879878044128,
    0.5318400263786316,
    0.5394560098648071,
    0.5417600274085999,
    0.5502079725265503,
    0.5315520167350769,
    0.54448002576828,
    0.5475839972496033,
    0.5657600164413452,
    0.5352640151977539,
    0.5588799715042114,
    0.5045440196990967,
    0.5152959823608398,
    0.5245440006256104,
    0.5320960283279419,
    0.5451200008392334,
    0.5235840082168579,
    0.5221120119094849,
    0.5261120200157166,
    0.5291200280189514,
    0.5229759812355042,
    0.5257599949836731,
    0.5341439843177795,
    0.5530239939689636,
    0.5123839974403381,
    0.5191360116004944,
    0.5116479992866516,
    0.5056959986686707,
    0.5108159780502319,
    0.5138880014419556,
    0.5200639963150024,
    0.5397760272026062,
    0.5201600193977356,
    0.5330880284309387
  ]
}