{
  "label": "thresh_hbm_0.5GB",
  "stats": {
    "name": "thresh_hbm_0.5GB",
    "count": 100,
    "mean_ms": 8.2892684841156,
    "std_ms": 3.0136222759135114,
    "p50_ms": 7.096624135971069,
    "p95_ms": 14.398857164382932,
    "p99_ms": 21.185370769500736,
    "min_ms": 6.403295993804932,
    "max_ms": 22.00217628479004,
    "jitter": 0.3635570836785414
  },
  "miss_1ms": 1.0,
  "raw": [
    7.089663982391357,
    7.007391929626465,
    6.513343811035156,
    6.9962239265441895,
    6.53331184387207,
    6.403295993804932,
    7.0985918045043945,
    9.290816307067871,
    16.145536422729492,
    7.537312030792236,
    7.1038079261779785,
    6.412576198577881,
    7.083968162536621,
    6.9811201095581055,
    7.081696033477783,
    6.9897918701171875,
    9.230208396911621,
    15.610783576965332,
    12.589407920837402,
    6.416831970214844,
    7.08460807800293,
    6.979008197784424,
    7.105984210968018,
    6.409535884857178,
    7.0977277755737305,
    6.982463836669922,
    20.289344787597656,
    7.5562238693237305,
    7.070496082305908,
    8.115296363830566,
    6.53334379196167,
    6.965695858001709,
    7.107872009277344,
    6.414239883422852,
    7.091328144073486,
    7.543519973754883,
    11.966591835021973,
    8.687007904052734,
    6.5135040283203125,
    6.975840091705322,
    6.524608135223389,
    6.972671985626221,
    7.09548807144165,
    6.970047950744629,
    7.097599983215332,
    9.286016464233398,
    12.094847679138184,
    8.125503540039062,
    7.0972161293029785,
    7.549952030181885,
    6.495327949523926,
    9.83955192565918,
    7.076255798339844,
    6.983071804046631,
    7.645088195800781,
    9.211584091186523,
    12.665696144104004,
    6.975840091705322,
    6.4984002113342285,
    6.985151767730713,
    7.072224140167236,
    7.554687976837158,
    13.10313606262207,
    9.265312194824219,
    10.531807899475098,
    7.548192024230957,
    7.662816047668457,
    6.422431945800781,
    7.102719783782959,
    6.973887920379639,
    7.083807945251465,
    6.964384078979492,
    21.177120208740234,
    8.122048377990723,
    7.082111835479736,
    7.550848007202148,
    6.507232189178467,
    7.580031871795654,
    6.526271820068359,
    6.994656085968018,
    14.335071563720703,
    8.714688301086426,
    7.112383842468262,
    7.012447834014893,
    6.509215831756592,
    6.979551792144775,
    7.6453118324279785,
    6.993247985839844,
    22.00217628479004,
    7.564511775970459,
    7.105184078216553,
    7.5689921379089355,
    7.102047920227051,
    6.962399959564209,
    7.108096122741699,
    6.979584217071533,
    7.09603214263916,
    6.98905611038208,
    13.267935752868652,
    9.257951736450195
  ]
}