{
  "label": "m4n_full_nid001761_g0",
  "num_cells": 8,
  "graph_mode": 1,
  "mode": "GRAPH",
  "mean_ms": 0.9195974338054657,
  "per_cell_ms": 0.11494967922568321,
  "p95_ms": 1.0416943728923798,
  "p99_ms": 1.084988111257553,
  "miss_1ms": 0.3,
  "raw": [
    0.8899199962615967,
    0.9339519739151001,
    0.8738240003585815,
    1.0321279764175415,
    0.8771200180053711,
    1.0239360332489014,
    0.8769599795341492,
    1.0357760190963745,
    0.8885120153427124,
    1.0639679431915283,
    0.8695999979972839,
    1.03164803981781,
    0.9662719964981079,
    0.8633279800415039,
    0.9355199933052063,
    1.0238080024719238,
    0.7023360133171082,
    0.870527982711792,
    1.0347199440002441,
    0.6917120218276978,
    0.9641919732093811,
    0.9009280204772949,
    0.9904639720916748,
    1.0157439708709717,
    0.9493759870529175,
    0.8578240275382996,
    0.8615679740905762,
    1.0159039497375488,
    0.8803520202636719,
    1.1051839590072632,
    0.8743680119514465,
    1.0261759757995605,
    0.9585279822349548,
    0.8538560271263123,
    0.8720960021018982,
    1.0146880149841309,
    0.7016000151634216,
    0.8896639943122864,
    1.0421119928359985,
    0.6914240121841431,
    0.9571200013160706,
    0.8717759847640991,
    0.8802559971809387,
    1.0411839485168457,
    0.696287989616394,
    0.8704000115394592,
    1.0167039632797241,
    0.8929280042648315,
    0.881663978099823,
    0.9199360013008118
  ]
}