{
  "label": "gintf_graph_resnet",
  "num_cells": 8,
  "graph_mode": 1,
  "mode": "GRAPH",
  "mean_ms": 2.0799020862579347,
  "per_cell_ms": 0.25998776078224184,
  "p95_ms": 3.9924176454544065,
  "p99_ms": 4.4839839220046995,
  "miss_1ms": 0.9,
  "raw": [
    4.553760051727295,
    2.6596479415893555,
    1.4985920190811157,
    2.493216037750244,
    1.6366080045700073,
    1.3643840551376343,
    0.8140479922294617,
    1.344256043434143,
    1.8036479949951172,
    2.8334720134735107,
    4.411359786987305,
    3.414560079574585,
    2.5917439460754395,
    2.185312032699585,
    1.5406399965286255,
    1.0707839727401733,
    1.3888319730758667,
    1.339840054512024,
    0.9103360176086426,
    2.967008113861084,
    3.8246400356292725,
    3.4644479751586914,
    2.1303679943084717,
    2.213536024093628,
    2.3699519634246826,
    0.8161919713020325,
    1.2102080583572388,
    1.2357120513916016,
    1.1367039680480957,
    2.9636800289154053,
    4.061984062194824,
    3.364896059036255,
    1.9082880020141602,
    2.0408639907836914,
    1.5841599702835083,
    0.9544000029563904,
    1.2011200189590454,
    1.3928639888763428,
    1.288159966468811,
    0.9748160243034363,
    2.7117440700531006,
    2.7488319873809814,
    3.9073920249938965,
    2.23036789894104,
    1.4996800422668457,
    2.2250239849090576,
    1.352512001991272,
    1.5826239585876465,
    1.4057600498199463,
    1.3721280097961426
  ]
}