{
  "label": "s4n4g_resnet_nid003952_g3",
  "num_cells": 8,
  "graph_mode": 1,
  "mode": "GRAPH",
  "mean_ms": 0.4355584001541138,
  "per_cell_ms": 0.054444800019264224,
  "p95_ms": 0.4428527921438217,
  "p99_ms": 0.4453580808639526,
  "miss_1ms": 0.0,
  "raw": [
    0.4349119961261749,
    0.437824010848999,
    0.435263991355896,
    0.44604799151420593,
    0.43401598930358887,
    0.43667200207710266,
    0.43673598766326904,
    0.4323520064353943,
    0.4343680143356323,
    0.43724799156188965,
    0.43590399622917175,
    0.4350399971008301,
    0.43456000089645386,
    0.4360319972038269,
    0.4349760115146637,
    0.4349119961261749,
    0.4349119961261749,
    0.4357759952545166,
    0.43568000197410583,
    0.4346559941768646,
    0.4334079921245575,
    0.4373440146446228,
    0.43641600012779236,
    0.43481600284576416,
    0.43542400002479553,
    0.44121599197387695,
    0.43398401141166687,
    0.4339199960231781,
    0.4344959855079651,
    0.4336000084877014,
    0.4343999922275543,
    0.44464001059532166,
    0.434112012386322,
    0.43456000089645386,
    0.44419199228286743,
    0.43382400274276733,
    0.43241599202156067,
    0.43372800946235657,
    0.4342400133609772,
    0.43513599038124084,
    0.43507200479507446,
    0.43568000197410583,
    0.43510401248931885,
    0.4349119961261749,
    0.4336639940738678,
    0.43532800674438477,
    0.43430399894714355,
    0.4333440065383911,
    0.4322560131549835,
    0.4344959855079651
  ]
}