{
  "label": "mig32_1n_base_nid001533_g1",
  "num_cells": 8,
  "graph_mode": 1,
  "mode": "GRAPH",
  "mean_ms": 0.5927948808670044,
  "per_cell_ms": 0.07409936010837555,
  "p95_ms": 0.5990447998046875,
  "p99_ms": 0.600704654455185,
  "miss_1ms": 0.0,
  "raw": [
    0.590175986289978,
    0.5953279733657837,
    0.5944960117340088,
    0.5944640040397644,
    0.5940160155296326,
    0.5972480177879333,
    0.599232017993927,
    0.5915520191192627,
    0.5903679728507996,
    0.5911999940872192,
    0.5914239883422852,
    0.5988159775733948,
    0.5945600271224976,
    0.6007360219955444,
    0.5933759808540344,
    0.591871976852417,
    0.5925760269165039,
    0.5934399962425232,
    0.5927680134773254,
    0.5896959900856018,
    0.5901439785957336,
    0.5908480286598206,
    0.5912320017814636,
    0.5909439921379089,
    0.5912320017814636,
    0.591264009475708,
    0.5934399962425232,
    0.5925440192222595,
    0.5893120169639587,
    0.5906239748001099,
    0.5939520001411438,
    0.5919039845466614,
    0.5903360247612,
    0.5910720229148865,
    0.5917760133743286,
    0.5915520191192627,
    0.5945919752120972,
    0.5914880037307739,
    0.5926399827003479,
    0.5922880172729492,
    0.591264009475708,
    0.5917119979858398,
    0.6006720066070557,
    0.5929279923439026,
    0.5901119709014893,
    0.5911999940872192,
    0.5939520001411438,
    0.592736005783081,
    0.5921279788017273,
    0.5925120115280151
  ]
}