{
  "label": "snrx_baseline",
  "num_cells": 8,
  "num_tx": 4,
  "num_rx": 4,
  "mcs": 2,
  "hbm_pct": 19.4,
  "stats": {
    "name": "snrx_baseline",
    "count": 100,
    "mean_ms": 6.044672639369964,
    "std_ms": 0.3845404806496951,
    "p50_ms": 5.810432016849518,
    "p95_ms": 6.711180803179741,
    "p99_ms": 6.7441296291351325,
    "min_ms": 5.777599930763245,
    "max_ms": 6.801312029361725,
    "jitter": 0.06361642781862471
  },
  "miss_1ms": 1.0,
  "raw": [
    6.801312029361725,
    6.725887954235077,
    6.710976004600525,
    6.6676159501075745,
    6.656575977802277,
    6.671519994735718,
    6.688927948474884,
    6.644671976566315,
    6.674591898918152,
    6.687007963657379,
    6.66732794046402,
    6.677152037620544,
    6.670016050338745,
    6.652896046638489,
    6.67276793718338,
    6.727039992809296,
    6.715071976184845,
    6.743552029132843,
    6.6445759534835815,
    6.655807971954346,
    6.656767904758453,
    6.65446400642395,
    6.666848003864288,
    6.666623950004578,
    6.659424006938934,
    6.657152056694031,
    6.4688000082969666,
    5.799135982990265,
    5.805536091327667,
    5.800287902355194,
    5.810432016849518,
    5.808352053165436,
    5.809663951396942,
    5.817279934883118,
    5.901344060897827,
    5.835039973258972,
    5.811424016952515,
    5.797567963600159,
    5.816896080970764,
    5.780992031097412,
    5.818848013877869,
    5.810432016849518,
    5.8022719621658325,
    5.804991960525513,
    5.872767984867096,
    5.80374401807785,
    5.814559996128082,
    5.832480013370514,
    5.791072070598602,
    5.777599930763245,
    5.786080002784729,
    5.789248049259186,
    5.808127999305725,
    5.802976012229919,
    5.8070719838142395,
    5.784511983394623,
    5.784575939178467,
    5.801920056343079,
    5.799520015716553,
    5.788991987705231,
    5.819999992847443,
    5.919327914714813,
    5.853119969367981,
    5.801888048648834,
    5.819551944732666,
    5.783775985240936,
    5.813279986381531,
    5.800127923488617,
    5.8143680691719055,
    5.802496075630188,
    5.795904099941254,
    5.805280029773712,
    5.804704010486603,
    5.805056035518646,
    5.784223973751068,
    5.818463981151581,
    5.816864013671875,
    5.802591979503632,
    5.806559979915619,
    5.810368001461029,
    5.78684800863266,
    6.0174720287323,
    5.797856032848358,
    5.854143977165222,
    5.80051201581955,
    5.790976047515869,
    5.8061439990997314,
    5.815743923187256,
    5.8085439801216125,
    5.841568052768707,
    5.79011195898056,
    5.794112026691437,
    5.804064095020294,
    5.822016000747681,
    5.79203200340271,
    5.808256089687347,
    5.79392009973526,
    5.79203200340271,
    5.803583920001984,
    5.808256030082703
  ]
}