{
  "label": "s4n4g_resnet_nid001269_g1",
  "num_cells": 8,
  "graph_mode": 1,
  "mode": "GRAPH",
  "mean_ms": 0.43583360135555266,
  "per_cell_ms": 0.05447920016944408,
  "p95_ms": 0.4391887947916985,
  "p99_ms": 0.4425203138589859,
  "miss_1ms": 0.0,
  "raw": [
    0.4355199933052063,
    0.4368959963321686,
    0.43644800782203674,
    0.43913599848747253,
    0.445279985666275,
    0.4384320080280304,
    0.4373440146446228,
    0.4354879856109619,
    0.4386880099773407,
    0.43727999925613403,
    0.4365119934082031,
    0.4343680143356323,
    0.43427199125289917,
    0.43615999817848206,
    0.43536001443862915,
    0.4350399971008301,
    0.4380800127983093,
    0.4355520009994507,
    0.43507200479507446,
    0.43532800674438477,
    0.4342080056667328,
    0.435263991355896,
    0.4354560077190399,
    0.43459200859069824,
    0.43430399894714355,
    0.43696001172065735,
    0.436352014541626,
    0.43727999925613403,
    0.4342080056667328,
    0.43964800238609314,
    0.4392319917678833,
    0.4334399998188019,
    0.4331839978694916,
    0.43113601207733154,
    0.43584001064300537,
    0.4349119961261749,
    0.4333760142326355,
    0.43587198853492737,
    0.4354560077190399,
    0.4345279932022095,
    0.43532800674438477,
    0.4354879856109619,
    0.4359680116176605,
    0.4338879883289337,
    0.43375998735427856,
    0.4368320107460022,
    0.43542400002479553,
    0.43350398540496826,
    0.4344319999217987,
    0.4355520009994507
  ]
}