{
  "label": "s4n4g_neuralrx_nid003952_g1",
  "num_cells": 8,
  "graph_mode": 1,
  "mode": "GRAPH",
  "mean_ms": 0.4347372788190842,
  "per_cell_ms": 0.054342159852385524,
  "p95_ms": 0.4375871941447258,
  "p99_ms": 0.4434320119023323,
  "miss_1ms": 0.0,
  "raw": [
    0.43775999546051025,
    0.4330880045890808,
    0.43273600935935974,
    0.4325439929962158,
    0.4325439929962158,
    0.43331199884414673,
    0.4328959882259369,
    0.4322879910469055,
    0.43136000633239746,
    0.43273600935935974,
    0.4477440118789673,
    0.43718400597572327,
    0.4330880045890808,
    0.43561598658561707,
    0.438944011926651,
    0.4349440038204193,
    0.4352000057697296,
    0.4362559914588928,
    0.435232013463974,
    0.43667200207710266,
    0.4343999922275543,
    0.43647998571395874,
    0.43641600012779236,
    0.4347200095653534,
    0.43561598658561707,
    0.4360960125923157,
    0.43564799427986145,
    0.4334079921245575,
    0.4345279932022095,
    0.4373759925365448,
    0.435232013463974,
    0.4345279932022095,
    0.4336960017681122,
    0.43558400869369507,
    0.4362559914588928,
    0.43055999279022217,
    0.435263991355896,
    0.4349119961261749,
    0.43404799699783325,
    0.43270400166511536,
    0.43401598930358887,
    0.43487998843193054,
    0.43321600556373596,
    0.4322879910469055,
    0.4342400133609772,
    0.4359999895095825,
    0.4349119961261749,
    0.43196800351142883,
    0.4318400025367737,
    0.4338879883289337
  ]
}