{
  "label": "m4n_full_nid001757_g3",
  "num_cells": 8,
  "graph_mode": 1,
  "mode": "GRAPH",
  "mean_ms": 0.9576345598697662,
  "per_cell_ms": 0.11970431998372077,
  "p95_ms": 1.0624272108078003,
  "p99_ms": 1.108640925884247,
  "miss_1ms": 0.36,
  "raw": [
    1.0087679624557495,
    0.865119993686676,
    0.8775039911270142,
    1.0353280305862427,
    0.9084479808807373,
    0.860480010509491,
    0.9275839924812317,
    1.0340160131454468,
    0.9632319808006287,
    0.8165119886398315,
    0.920960009098053,
    1.0210239887237549,
    0.9663360118865967,
    0.9430720210075378,
    1.0031360387802124,
    0.9450240135192871,
    0.9621120095252991,
    1.1126079559326172,
    0.8855999708175659,
    1.030527949333191,
    0.950655996799469,
    0.8681920170783997,
    0.9100160002708435,
    1.0351999998092651,
    0.9637759923934937,
    0.877344012260437,
    1.0694400072097778,
    0.9476159811019897,
    1.0232640504837036,
    1.1045119762420654,
    0.9592959880828857,
    1.0232959985733032,
    0.951200008392334,
    1.0104000568389893,
    0.9534400105476379,
    1.0533440113067627,
    0.7002879977226257,
    1.0413440465927124,
    0.9518719911575317,
    1.046239972114563,
    0.9553920030593872,
    0.977183997631073,
    1.0378559827804565,
    0.8850880265235901,
    0.8945599794387817,
    0.9316160082817078,
    0.7805119752883911,
    0.963808000087738,
    1.0538560152053833,
    0.8737279772758484
  ]
}