{
  "label": "q32b1n_baseline_nid001461_g1",
  "num_cells": 8,
  "graph_mode": 1,
  "mode": "GRAPH",
  "mean_ms": 0.5449606430530548,
  "per_cell_ms": 0.06812008038163185,
  "p95_ms": 0.5509568005800247,
  "p99_ms": 0.5544079852104187,
  "miss_1ms": 0.0,
  "raw": [
    0.550815999507904,
    0.5457280278205872,
    0.5432959794998169,
    0.5443199872970581,
    0.5432320237159729,
    0.5457599759101868,
    0.5434240102767944,
    0.5415679812431335,
    0.5427200198173523,
    0.547872006893158,
    0.5442240238189697,
    0.543071985244751,
    0.5400000214576721,
    0.5434880256652832,
    0.545087993144989,
    0.542464017868042,
    0.5416960120201111,
    0.543936014175415,
    0.5457280278205872,
    0.5434560179710388,
    0.5492799878120422,
    0.5493760108947754,
    0.5435839891433716,
    0.5444480180740356,
    0.5446079969406128,
    0.5423039793968201,
    0.5425599813461304,
    0.5407040119171143,
    0.5426560044288635,
    0.5422400236129761,
    0.5464640259742737,
    0.5515519976615906,
    0.5510720014572144,
    0.5417919754981995,
    0.5429440140724182,
    0.5429760217666626,
    0.5429120063781738,
    0.5458239912986755,
    0.5464000105857849,
    0.5473600029945374,
    0.5432639718055725,
    0.5446400046348572,
    0.5445119738578796,
    0.5422080159187317,
    0.5433599948883057,
    0.5571519732475281,
    0.5471680164337158,
    0.5465919971466064,
    0.5496640205383301,
    0.5465279817581177
  ]
}