{
  "label": "m4n_baseline_nid001764_g0",
  "num_cells": 8,
  "graph_mode": 1,
  "mode": "GRAPH",
  "mean_ms": 0.43517120003700255,
  "per_cell_ms": 0.05439640000462532,
  "p95_ms": 0.4388511970639229,
  "p99_ms": 0.44019553005695344,
  "miss_1ms": 0.0,
  "raw": [
    0.4345279932022095,
    0.4360319972038269,
    0.43539199233055115,
    0.43564799427986145,
    0.43827199935913086,
    0.4359999895095825,
    0.4350079894065857,
    0.43532800674438477,
    0.4342400133609772,
    0.43699198961257935,
    0.4391680061817169,
    0.43433600664138794,
    0.4343680143356323,
    0.43507200479507446,
    0.4352959990501404,
    0.43353599309921265,
    0.44115200638771057,
    0.43561598658561707,
    0.43539199233055115,
    0.4359680116176605,
    0.4320639967918396,
    0.43516799807548523,
    0.4360960125923157,
    0.4347200095653534,
    0.4342080056667328,
    0.43568000197410583,
    0.4357120096683502,
    0.434688001871109,
    0.4328320026397705,
    0.43536001443862915,
    0.43433600664138794,
    0.4331200122833252,
    0.43321600556373596,
    0.4338879883289337,
    0.43433600664138794,
    0.4326080083847046,
    0.4326399862766266,
    0.4334079921245575,
    0.43327999114990234,
    0.43267199397087097,
    0.43276798725128174,
    0.4326399862766266,
    0.4379200041294098,
    0.43615999817848206,
    0.4392000138759613,
    0.4384639859199524,
    0.43801599740982056,
    0.4360319972038269,
    0.43404799699783325,
    0.43593600392341614
  ]
}