{
  "label": "mig32_4n_base_nid001536_g0",
  "num_cells": 8,
  "graph_mode": 1,
  "mode": "GRAPH",
  "mean_ms": 0.46811455965042115,
  "per_cell_ms": 0.05851431995630264,
  "p95_ms": 0.4706719920039177,
  "p99_ms": 0.4747664052248001,
  "miss_1ms": 0.0,
  "raw": [
    0.4671359956264496,
    0.46902400255203247,
    0.4708159863948822,
    0.4678399860858917,
    0.4678080081939697,
    0.4694080054759979,
    0.468095988035202,
    0.46857601404190063,
    0.4677119851112366,
    0.4732159972190857,
    0.46908798813819885,
    0.4677119851112366,
    0.4671039879322052,
    0.469184011220932,
    0.4697920083999634,
    0.4700160026550293,
    0.4684160053730011,
    0.4689280092716217,
    0.468095988035202,
    0.466048002243042,
    0.466048002243042,
    0.4683839976787567,
    0.4688960015773773,
    0.46563199162483215,
    0.46585598587989807,
    0.46745601296424866,
    0.46911999583244324,
    0.4672960042953491,
    0.4679360091686249,
    0.466623991727829,
    0.46851199865341187,
    0.47014400362968445,
    0.46639999747276306,
    0.46691200137138367,
    0.47046399116516113,
    0.47625601291656494,
    0.4683839976787567,
    0.46886399388313293,
    0.46639999747276306,
    0.4642240107059479,
    0.4658240079879761,
    0.466592013835907,
    0.4681279957294464,
    0.4662399888038635,
    0.46585598587989807,
    0.4694080054759979,
    0.4681920111179352,
    0.46508800983428955,
    0.4660800099372864,
    0.4704959988594055
  ]
}