{
  "label": "m4n_baseline_nid001761_g3",
  "num_cells": 8,
  "graph_mode": 1,
  "mode": "GRAPH",
  "mean_ms": 0.43374592006206514,
  "per_cell_ms": 0.05421824000775814,
  "p95_ms": 0.43620961010456083,
  "p99_ms": 0.4368063881993294,
  "miss_1ms": 0.0,
  "raw": [
    0.4334399998188019,
    0.4362240135669708,
    0.4360640048980713,
    0.4342080056667328,
    0.4331519901752472,
    0.4349119961261749,
    0.43647998571395874,
    0.4330880045890808,
    0.4338879883289337,
    0.4350079894065857,
    0.43568000197410583,
    0.4320000112056732,
    0.4360640048980713,
    0.43296000361442566,
    0.43324801325798035,
    0.4344319999217987,
    0.4347839951515198,
    0.4333760142326355,
    0.43327999114990234,
    0.43299201130867004,
    0.43302398920059204,
    0.4336000084877014,
    0.43401598930358887,
    0.43215999007225037,
    0.4315199851989746,
    0.4336960017681122,
    0.4354560077190399,
    0.43193599581718445,
    0.43142399191856384,
    0.43372800946235657,
    0.43612799048423767,
    0.43619200587272644,
    0.4336960017681122,
    0.43270400166511536,
    0.43331199884414673,
    0.43193599581718445,
    0.4357759952545166,
    0.43244799971580505,
    0.4334399998188019,
    0.4318400025367737,
    0.4310719966888428,
    0.4334079921245575,
    0.43270400166511536,
    0.4320319890975952,
    0.43196800351142883,
    0.43372800946235657,
    0.4328640103340149,
    0.4371199905872345,
    0.434112012386322,
    0.4349760115146637
  ]
}