{
  "label": "m4n_baseline_nid001764_g1",
  "num_cells": 8,
  "graph_mode": 1,
  "mode": "GRAPH",
  "mean_ms": 0.4330547213554382,
  "per_cell_ms": 0.054131840169429776,
  "p95_ms": 0.4362255945801735,
  "p99_ms": 0.43866849333047864,
  "miss_1ms": 0.0,
  "raw": [
    0.434688001871109,
    0.435232013463974,
    0.43593600392341614,
    0.43404799699783325,
    0.4345279932022095,
    0.4342080056667328,
    0.4357120096683502,
    0.43382400274276733,
    0.440064013004303,
    0.43456000089645386,
    0.4347839951515198,
    0.4349440038204193,
    0.42745599150657654,
    0.4338560104370117,
    0.4349440038204193,
    0.43324801325798035,
    0.43459200859069824,
    0.4346559941768646,
    0.436383992433548,
    0.42691200971603394,
    0.43721601366996765,
    0.4360319972038269,
    0.43558400869369507,
    0.4347200095653534,
    0.42399999499320984,
    0.43219199776649475,
    0.43510401248931885,
    0.43327999114990234,
    0.43347200751304626,
    0.4345279932022095,
    0.42710399627685547,
    0.43516799807548523,
    0.4338879883289337,
    0.43539199233055115,
    0.4342400133609772,
    0.43167999386787415,
    0.42374399304389954,
    0.4320639967918396,
    0.43222400546073914,
    0.4326399862766266,
    0.4318400025367737,
    0.4330559968948364,
    0.43088001012802124,
    0.4314880073070526,
    0.431551992893219,
    0.42764800786972046,
    0.4267840087413788,
    0.43331199884414673,
    0.4331519901752472,
    0.4341759979724884
  ]
}