{
  "label": "nrx_baseline",
  "num_cells": 8,
  "num_tx": 4,
  "num_rx": 4,
  "mcs": 2,
  "hbm_pct": 19.4,
  "stats": {
    "name": "nrx_baseline",
    "count": 100,
    "mean_ms": 5.956772484183311,
    "std_ms": 0.27181201542041383,
    "p50_ms": 5.878383994102478,
    "p95_ms": 6.706195196509361,
    "p99_ms": 6.762303722500802,
    "min_ms": 5.776736080646515,
    "max_ms": 6.797120034694672,
    "jitter": 0.045630753254743445
  },
  "miss_1ms": 1.0,
  "raw": [
    6.696032106876373,
    6.731967985630035,
    6.705727994441986,
    6.690432012081146,
    6.71507203578949,
    6.684864044189453,
    6.761952042579651,
    6.797120034694672,
    6.717407941818237,
    6.683071970939636,
    6.620863914489746,
    5.895808041095734,
    5.937344014644623,
    5.923679947853088,
    5.905760109424591,
    5.893600046634674,
    6.041791915893555,
    5.975232005119324,
    5.91212797164917,
    5.903967976570129,
    5.887488007545471,
    5.960735976696014,
    5.883359968662262,
    5.876351952552795,
    5.951072037220001,
    5.896896004676819,
    5.8946879506111145,
    5.889055967330933,
    5.896063983440399,
    5.900928020477295,
    5.955648064613342,
    5.89628803730011,
    5.8893760442733765,
    5.883040010929108,
    5.963872015476227,
    5.889247894287109,
    5.943039953708649,
    5.979232013225555,
    5.895167946815491,
    5.878400027751923,
    5.898047983646393,
    5.959200024604797,
    6.004192054271698,
    5.895135998725891,
    5.849215984344482,
    5.794272005558014,
    5.885087966918945,
    5.8223360776901245,
    5.821088016033173,
    5.820639967918396,
    5.829919993877411,
    5.808287978172302,
    5.81574410200119,
    5.8834879994392395,
    5.787551999092102,
    5.785791993141174,
    5.882975995540619,
    5.813663959503174,
    5.8293439745903015,
    5.833120048046112,
    5.820864021778107,
    5.821632027626038,
    5.825536012649536,
    5.8054720759391785,
    5.791487991809845,
    5.790368020534515,
    5.795711874961853,
    5.8127999901771545,
    5.804416000843048,
    5.807968020439148,
    5.820543944835663,
    5.817759990692139,
    5.866528034210205,
    5.8783679604530334,
    5.865343987941742,
    5.947552025318146,
    5.810271978378296,
    5.790240049362183,
    5.791200041770935,
    5.801696062088013,
    5.804127991199493,
    6.09827196598053,
    5.838399946689606,
    5.901088058948517,
    5.792672097682953,
    5.870432019233704,
    5.86188805103302,
    5.8732799887657166,
    5.802911937236786,
    5.906239986419678,
    5.8026241064071655,
    5.799327909946442,
    5.784992039203644,
    5.801568031311035,
    5.852448046207428,
    5.776736080646515,
    5.810368061065674,
    5.783487915992737,
    5.813983976840973,
    5.813759982585907
  ]
}