{
  "label": "mig32_4n_qwen_nid001541_g0",
  "num_cells": 8,
  "graph_mode": 1,
  "mode": "GRAPH",
  "mean_ms": 0.500933119058609,
  "per_cell_ms": 0.06261663988232613,
  "p95_ms": 0.5476815819740295,
  "p99_ms": 0.559744308590889,
  "miss_1ms": 0.0,
  "raw": [
    0.5293440222740173,
    0.5250880122184753,
    0.5211840271949768,
    0.5307520031929016,
    0.5572800040245056,
    0.5418559908866882,
    0.5217919945716858,
    0.5524479746818542,
    0.5246719717979431,
    0.5212479829788208,
    0.5323200225830078,
    0.5362240076065063,
    0.5384960174560547,
    0.5204480290412903,
    0.5283839702606201,
    0.5202239751815796,
    0.5279039740562439,
    0.5310400128364563,
    0.5343359708786011,
    0.5621119737625122,
    0.5238720178604126,
    0.5244799852371216,
    0.5271040201187134,
    0.5198400020599365,
    0.5253440141677856,
    0.4999360144138336,
    0.4737280011177063,
    0.4678080081939697,
    0.46911999583244324,
    0.46956801414489746,
    0.4686720073223114,
    0.4671039879322052,
    0.4710719883441925,
    0.46857601404190063,
    0.46860799193382263,
    0.46639999747276306,
    0.4686720073223114,
    0.4679679870605469,
    0.469215989112854,
    0.4675520062446594,
    0.4728640019893646,
    0.4700480103492737,
    0.46988800168037415,
    0.47020798921585083,
    0.46825599670410156,
    0.470335990190506,
    0.47516798973083496,
    0.4687359929084778,
    0.4692479968070984,
    0.47011199593544006
  ]
}