{
  "label": "s2v4_resnet_nid001456",
  "num_cells": 8,
  "graph_mode": 1,
  "mode": "GRAPH",
  "mean_ms": 2.1889984035491943,
  "per_cell_ms": 0.2736248004436493,
  "p95_ms": 4.123625707626343,
  "p99_ms": 4.620687894821167,
  "miss_1ms": 0.94,
  "raw": [
    1.4720640182495117,
    1.0327680110931396,
    2.9645121097564697,
    3.8122880458831787,
    4.059199810028076,
    2.2527999877929688,
    1.4908479452133179,
    2.227839946746826,
    2.087552070617676,
    1.1991039514541626,
    1.4001920223236084,
    0.9513279795646667,
    1.2064640522003174,
    1.6367360353469849,
    0.989471971988678,
    2.8140480518341064,
    2.741503953933716,
    3.8659839630126953,
    4.600287914276123,
    2.6914560794830322,
    2.210592031478882,
    2.4904959201812744,
    1.3843200206756592,
    1.401568055152893,
    1.1864639520645142,
    1.3438719511032104,
    1.5862720012664795,
    0.9887679815292358,
    4.141568183898926,
    4.64028787612915,
    4.101696014404297,
    2.5902719497680664,
    1.7862399816513062,
    2.225759983062744,
    1.3585280179977417,
    1.4012160301208496,
    1.0531519651412964,
    1.7342400550842285,
    1.3319040536880493,
    1.659999966621399,
    1.2829439640045166,
    2.9729599952697754,
    3.816416025161743,
    4.0689921379089355,
    2.269184112548828,
    1.9950720071792603,
    2.106559991836548,
    2.2614400386810303,
    1.1730560064315796,
    1.389631986618042
  ]
}