{
  "label": "s4n4g_neuralrx_nid003956_g0",
  "num_cells": 8,
  "graph_mode": 1,
  "mode": "GRAPH",
  "mean_ms": 0.9180313587188721,
  "per_cell_ms": 0.11475391983985901,
  "p95_ms": 1.0466255486011504,
  "p99_ms": 1.0557677090167998,
  "miss_1ms": 0.22,
  "raw": [
    0.9715200066566467,
    0.8808959722518921,
    0.6877760291099548,
    0.8701760172843933,
    0.8998720049858093,
    0.8766080141067505,
    0.6564480066299438,
    1.04966402053833,
    1.045375943183899,
    0.9150400161743164,
    0.8933119773864746,
    0.6835839748382568,
    0.9596480131149292,
    0.8694720268249512,
    0.8958399891853333,
    0.9632959961891174,
    1.043776035308838,
    0.8758080005645752,
    0.9437119960784912,
    0.6975679993629456,
    0.9599679708480835,
    0.8785600066184998,
    0.8629760146141052,
    1.0265920162200928,
    0.9741439819335938,
    0.8541439771652222,
    0.9878079891204834,
    1.0283520221710205,
    0.9675520062446594,
    0.8654720187187195,
    0.8745279908180237,
    1.0421119928359985,
    0.9605119824409485,
    0.8644160032272339,
    0.8884159922599792,
    1.0476479530334473,
    0.872223973274231,
    1.0616320371627808,
    0.9603840112686157,
    1.0115519762039185,
    0.8751040101051331,
    0.9265599846839905,
    0.8701440095901489,
    1.0327680110931396,
    0.9316160082817078,
    0.9540479779243469,
    0.8535680174827576,
    0.8833919763565063,
    1.041599988937378,
    0.8643839955329895
  ]
}