{
  "label": "mig72_1n_base_nid008649_g3",
  "num_cells": 8,
  "graph_mode": 1,
  "mode": "GRAPH",
  "mean_ms": 0.5187686383724213,
  "per_cell_ms": 0.06484607979655266,
  "p95_ms": 0.5220112085342408,
  "p99_ms": 0.5277347183227539,
  "miss_1ms": 0.0,
  "raw": [
    0.5191680192947388,
    0.5212159752845764,
    0.5327680110931396,
    0.5184320211410522,
    0.5186240077018738,
    0.5206400156021118,
    0.5185279846191406,
    0.5177279710769653,
    0.5177919864654541,
    0.5205439925193787,
    0.5199999809265137,
    0.5168960094451904,
    0.5185920000076294,
    0.5206720232963562,
    0.5179839730262756,
    0.5161280035972595,
    0.5183039903640747,
    0.5174400210380554,
    0.52019202709198,
    0.508512020111084,
    0.520255982875824,
    0.5189120173454285,
    0.5192639827728271,
    0.5156800150871277,
    0.5165759921073914,
    0.5180799961090088,
    0.5182719826698303,
    0.5213760137557983,
    0.5224000215530396,
    0.5152959823608398,
    0.5198720097541809,
    0.5192959904670715,
    0.5197759866714478,
    0.5193600058555603,
    0.5129280090332031,
    0.5205439925193787,
    0.5224959850311279,
    0.5172799825668335,
    0.5177599787712097,
    0.5189759731292725,
    0.517408013343811,
    0.5180799961090088,
    0.5212799906730652,
    0.5193279981613159,
    0.5191680192947388,
    0.5175039768218994,
    0.5110719799995422,
    0.5215359926223755,
    0.5206720232963562,
    0.5178239941596985
  ]
}