{
  "label": "mig72_1n_qwen_nid008649_g1",
  "num_cells": 8,
  "graph_mode": 1,
  "mode": "GRAPH",
  "mean_ms": 0.6294809556007386,
  "per_cell_ms": 0.07868511945009232,
  "p95_ms": 0.6114447891712188,
  "p99_ms": 2.497374646067612,
  "miss_1ms": 0.02,
  "raw": [
    0.5505279898643494,
    0.5431360006332397,
    0.582912027835846,
    0.5852479934692383,
    0.5479360222816467,
    0.5565760135650635,
    0.6186879873275757,
    0.561631977558136,
    0.5517119765281677,
    0.5489919781684875,
    0.5450559854507446,
    0.5611199736595154,
    0.5576639771461487,
    0.5533120036125183,
    0.5500159859657288,
    0.6025919914245605,
    0.5471680164337158,
    0.5723839998245239,
    0.5427200198173523,
    0.5484480261802673,
    0.5591999888420105,
    0.5617280006408691,
    0.5431680083274841,
    0.5632960200309753,
    0.5386880040168762,
    0.5373759865760803,
    0.5532479882240295,
    0.5436800122261047,
    0.5633919835090637,
    0.6500160098075867,
    0.5511360168457031,
    0.5482879877090454,
    0.5410240292549133,
    0.5626239776611328,
    0.5502719879150391,
    0.5365440249443054,
    0.5397440195083618,
    0.54339200258255,
    0.54339200258255,
    0.543071985244751,
    0.5452479720115662,
    4.272287845611572,
    0.5813440084457397,
    0.536512017250061,
    0.5436480045318604,
    0.532863974571228,
    0.5540480017662048,
    0.5348479747772217,
    0.5439680218696594,
    0.5281599760055542
  ]
}