{
  "label": "mig72_2n_qwen_nid008657_g3",
  "num_cells": 8,
  "graph_mode": 1,
  "mode": "GRAPH",
  "mean_ms": 0.5137209576368332,
  "per_cell_ms": 0.06421511970460415,
  "p95_ms": 0.5413135886192322,
  "p99_ms": 0.5691564613580703,
  "miss_1ms": 0.0,
  "raw": [
    0.5064319968223572,
    0.5191680192947388,
    0.5138239860534668,
    0.49779200553894043,
    0.5034239888191223,
    0.5163840055465698,
    0.5787839889526367,
    0.5190719962120056,
    0.5048959851264954,
    0.4973439872264862,
    0.5001279711723328,
    0.5054720044136047,
    0.5375999808311462,
    0.5333439707756042,
    0.5073919892311096,
    0.5093759894371033,
    0.5232639908790588,
    0.5227519869804382,
    0.5189440250396729,
    0.5184320211410522,
    0.5443519949913025,
    0.5281599760055542,
    0.521727979183197,
    0.5198400020599365,
    0.5350720286369324,
    0.5185920000076294,
    0.5020480155944824,
    0.5283520221710205,
    0.5106880068778992,
    0.49564799666404724,
    0.49593600630760193,
    0.5078719854354858,
    0.5319679975509644,
    0.533951997756958,
    0.5209919810295105,
    0.5101119875907898,
    0.513696014881134,
    0.5591359734535217,
    0.4995200037956238,
    0.49878400564193726,
    0.49190399050712585,
    0.5070080161094666,
    0.519711971282959,
    0.4960319995880127,
    0.49142399430274963,
    0.5090240240097046,
    0.4933440089225769,
    0.4887680113315582,
    0.4923200011253357,
    0.4862399995326996
  ]
}