{
  "label": "mig32_2n_qwen_nid001460_g0",
  "num_cells": 8,
  "graph_mode": 1,
  "mode": "GRAPH",
  "mean_ms": 0.4708012819290161,
  "per_cell_ms": 0.05885016024112701,
  "p95_ms": 0.48198559880256653,
  "p99_ms": 0.4902425676584244,
  "miss_1ms": 0.0,
  "raw": [
    0.468639999628067,
    0.4710080027580261,
    0.4697920083999634,
    0.4694400131702423,
    0.4684480130672455,
    0.469760000705719,
    0.4698239862918854,
    0.468639999628067,
    0.4681279957294464,
    0.4752640128135681,
    0.4705919921398163,
    0.4731520116329193,
    0.4687359929084778,
    0.47046399116516113,
    0.4673280119895935,
    0.4677119851112366,
    0.4660159945487976,
    0.4702399969100952,
    0.4665279984474182,
    0.4663040041923523,
    0.46905601024627686,
    0.47040000557899475,
    0.4810880124568939,
    0.4901120066642761,
    0.469215989112854,
    0.4721600115299225,
    0.46902400255203247,
    0.46854400634765625,
    0.4827199876308441,
    0.4903680086135864,
    0.47014400362968445,
    0.4692479968070984,
    0.4673280119895935,
    0.47014400362968445,
    0.4697279930114746,
    0.46851199865341187,
    0.4681600034236908,
    0.4689599871635437,
    0.47200000286102295,
    0.4694400131702423,
    0.46745601296424866,
    0.47014400362968445,
    0.4691520035266876,
    0.4702399969100952,
    0.4681600034236908,
    0.4688960015773773,
    0.47036799788475037,
    0.468639999628067,
    0.4744639992713928,
    0.47017601132392883
  ]
}