{
  "label": "mig72_4n_base_nid008637_g3",
  "num_cells": 8,
  "graph_mode": 1,
  "mode": "GRAPH",
  "mean_ms": 0.47004608035087586,
  "per_cell_ms": 0.05875576004385948,
  "p95_ms": 0.47836159765720365,
  "p99_ms": 0.4797641661763191,
  "miss_1ms": 0.0,
  "raw": [
    0.477728009223938,
    0.4694080054759979,
    0.47724801301956177,
    0.4679679870605469,
    0.4679040014743805,
    0.4692479968070984,
    0.46905601024627686,
    0.46726399660110474,
    0.4681600034236908,
    0.4700160026550293,
    0.46937599778175354,
    0.4675520062446594,
    0.4683839976787567,
    0.46959999203681946,
    0.4681279957294464,
    0.47996801137924194,
    0.46806401014328003,
    0.46883198618888855,
    0.4684480130672455,
    0.46934399008750916,
    0.4711360037326813,
    0.4696959853172302,
    0.47356799244880676,
    0.4702399969100952,
    0.4684799909591675,
    0.4695039987564087,
    0.46992000937461853,
    0.46694400906562805,
    0.46902400255203247,
    0.4676479995250702,
    0.4691520035266876,
    0.4675520062446594,
    0.4683839976787567,
    0.47724801301956177,
    0.46825599670410156,
    0.46832001209259033,
    0.4671039879322052,
    0.47887998819351196,
    0.4682239890098572,
    0.4668160080909729,
    0.46620801091194153,
    0.4764479994773865,
    0.46908798813819885,
    0.4684480130672455,
    0.4795520007610321,
    0.46908798813819885,
    0.47017601132392883,
    0.46828800439834595,
    0.4684799909591675,
    0.4687359929084778
  ]
}