{
  "label": "s2n4g_baseline_nid002689_g0",
  "num_cells": 8,
  "graph_mode": 1,
  "mode": "GRAPH",
  "mean_ms": 0.43578815877437593,
  "per_cell_ms": 0.05447351984679699,
  "p95_ms": 0.4386864066123962,
  "p99_ms": 0.44597568541765215,
  "miss_1ms": 0.0,
  "raw": [
    0.43561598658561707,
    0.4371519982814789,
    0.43833601474761963,
    0.43532800674438477,
    0.43487998843193054,
    0.43587198853492737,
    0.4363200068473816,
    0.43833601474761963,
    0.43459200859069824,
    0.4355199933052063,
    0.4350399971008301,
    0.43702399730682373,
    0.43398401141166687,
    0.436352014541626,
    0.4373759925365448,
    0.435263991355896,
    0.4339520037174225,
    0.43852800130844116,
    0.43542400002479553,
    0.4357439875602722,
    0.4355520009994507,
    0.43881601095199585,
    0.4367679953575134,
    0.43593600392341614,
    0.4344959855079651,
    0.4341759979724884,
    0.4362240135669708,
    0.43568000197410583,
    0.43542400002479553,
    0.4487040042877197,
    0.4349440038204193,
    0.4354879856109619,
    0.4359999895095825,
    0.4333760142326355,
    0.43539199233055115,
    0.4362559914588928,
    0.4334079921245575,
    0.4362559914588928,
    0.4339520037174225,
    0.4339520037174225,
    0.43267199397087097,
    0.4344959855079651,
    0.43375998735427856,
    0.4336960017681122,
    0.4431360065937042,
    0.4349440038204193,
    0.4344959855079651,
    0.4336319863796234,
    0.4327999949455261,
    0.43433600664138794
  ]
}