{
  "label": "snrx_small",
  "num_cells": 8,
  "num_tx": 4,
  "num_rx": 4,
  "mcs": 2,
  "hbm_pct": 23.0,
  "stats": {
    "name": "snrx_small",
    "count": 100,
    "mean_ms": 8.56731807410717,
    "std_ms": 0.6826011043755003,
    "p50_ms": 8.40116798877716,
    "p95_ms": 10.774374470114708,
    "p99_ms": 11.200156228542328,
    "min_ms": 8.075136005878448,
    "max_ms": 11.23145604133606,
    "jitter": 0.07967500429784574
  },
  "miss_1ms": 1.0,
  "raw": [
    8.477504014968872,
    8.290079891681671,
    8.708672046661377,
    11.23145604133606,
    8.249535977840424,
    8.342911958694458,
    8.5658558011055,
    8.66214394569397,
    8.705280065536499,
    8.678815960884094,
    8.482271909713745,
    8.422751903533936,
    8.393407940864563,
    8.271487772464752,
    8.318975985050201,
    11.199840068817139,
    8.426272213459015,
    8.46313601732254,
    8.231072127819061,
    8.63980782032013,
    8.444640040397644,
    8.480159997940063,
    8.08950400352478,
    8.150111854076385,
    8.401823878288269,
    8.224831938743591,
    8.22544002532959,
    8.179071843624115,
    11.133760035037994,
    8.162719964981079,
    8.15695995092392,
    8.423679947853088,
    8.117919921875,
    8.213631927967072,
    8.457215905189514,
    8.276095986366272,
    8.48854410648346,
    8.346431970596313,
    8.240768134593964,
    8.335040092468262,
    10.559103846549988,
    8.627072095870972,
    8.53929603099823,
    8.141984045505524,
    8.11625611782074,
    8.431520104408264,
    8.44812798500061,
    8.315744161605835,
    8.49132788181305,
    8.500639915466309,
    8.417343974113464,
    8.36352002620697,
    8.38096010684967,
    8.700960040092468,
    8.67788815498352,
    8.157407999038696,
    8.64083182811737,
    8.403936088085175,
    8.294143915176392,
    8.290079951286316,
    8.086207926273346,
    10.91372799873352,
    8.479167938232422,
    8.541568040847778,
    8.319199919700623,
    8.27590399980545,
    8.400512099266052,
    8.478240132331848,
    8.340032160282135,
    8.21366399526596,
    8.341855883598328,
    8.559424042701721,
    8.288895905017853,
    8.161376059055328,
    11.002623915672302,
    8.41705596446991,
    8.357088148593903,
    8.103776037693024,
    8.474688053131104,
    8.553184032440186,
    8.530624032020569,
    8.597279965877533,
    8.362911939620972,
    8.386624157428741,
    8.075136005878448,
    8.619231939315796,
    10.767040073871613,
    8.788864016532898,
    8.324704110622406,
    8.443071842193604,
    8.422271966934204,
    8.691903948783875,
    8.195488095283508,
    8.302911818027496,
    8.247935891151428,
    8.222464084625244,
    8.327776193618774,
    8.336767971515656,
    8.663327932357788,
    8.30950391292572
  ]
}