{
  "label": "q32b2n_qwen32b_nid001641_g3",
  "num_cells": 8,
  "graph_mode": 1,
  "mode": "GRAPH",
  "mean_ms": 0.44347071945667266,
  "per_cell_ms": 0.05543383993208408,
  "p95_ms": 0.4506095990538597,
  "p99_ms": 0.4545011162757874,
  "miss_1ms": 0.0,
  "raw": [
    0.45475199818611145,
    0.44409599900245667,
    0.4449920058250427,
    0.4447999894618988,
    0.44198399782180786,
    0.4450240135192871,
    0.44435200095176697,
    0.4435519874095917,
    0.44259199500083923,
    0.44547200202941895,
    0.4461440145969391,
    0.441536009311676,
    0.44569599628448486,
    0.44438400864601135,
    0.44444799423217773,
    0.44678398966789246,
    0.44204801321029663,
    0.44521600008010864,
    0.4461120069026947,
    0.4432640075683594,
    0.45177599787712097,
    0.4447360038757324,
    0.4445120096206665,
    0.44207999110221863,
    0.45423999428749084,
    0.44710400700569153,
    0.4416959881782532,
    0.44233599305152893,
    0.4421760141849518,
    0.44412800669670105,
    0.44755199551582336,
    0.44064000248908997,
    0.4424319863319397,
    0.44281598925590515,
    0.443231999874115,
    0.4429439902305603,
    0.4431680142879486,
    0.4443199932575226,
    0.4440320134162903,
    0.44918400049209595,
    0.44268798828125,
    0.4429120123386383,
    0.44358399510383606,
    0.4410879909992218,
    0.43510401248931885,
    0.4343999922275543,
    0.43564799427986145,
    0.434143990278244,
    0.4338879883289337,
    0.43772798776626587
  ]
}