{
  "label": "eval_A_resnet",
  "num_cells": 8,
  "graph_mode": 1,
  "mode": "GRAPH",
  "mean_ms": 2.0900729620456695,
  "per_cell_ms": 0.2612591202557087,
  "p95_ms": 4.190183913707731,
  "p99_ms": 4.616038498878479,
  "miss_1ms": 0.98,
  "raw": [
    1.5248960256576538,
    1.3782720565795898,
    1.3587839603424072,
    1.041632056236267,
    2.9741439819335938,
    4.495967864990234,
    3.5177600383758545,
    1.9054399728775024,
    1.7912640571594238,
    2.111999988555908,
    1.3552000522613525,
    1.3920639753341675,
    1.3818880319595337,
    1.4192960262298584,
    1.5071680545806885,
    1.4654079675674438,
    1.2802239656448364,
    2.9720640182495117,
    3.8164479732513428,
    3.4250879287719727,
    2.602911949157715,
    1.5108799934387207,
    2.231264114379883,
    2.2674241065979004,
    1.1984000205993652,
    1.3814400434494019,
    1.3074239492416382,
    1.460927963256836,
    1.480191946029663,
    0.9478719830513,
    2.9719040393829346,
    3.805567979812622,
    3.4231679439544678,
    3.0063679218292236,
    2.108992099761963,
    2.0877439975738525,
    1.3865280151367188,
    1.5222079753875732,
    1.000864028930664,
    1.042207956314087,
    2.97273588180542,
    4.694752216339111,
    4.534111976623535,
    2.671328067779541,
    1.4777599573135376,
    2.0841920375823975,
    1.3864320516586304,
    1.478335976600647,
    1.325279951095581,
    1.0194239616394043
  ]
}