{
  "label": "q32b2n_qwen32b_nid001640_g1",
  "num_cells": 8,
  "graph_mode": 1,
  "mode": "GRAPH",
  "mean_ms": 0.9391583997011185,
  "per_cell_ms": 0.11739479996263981,
  "p95_ms": 2.9014559268951414,
  "p99_ms": 3.6399385023117063,
  "miss_1ms": 0.2,
  "raw": [
    2.7168641090393066,
    0.6230720281600952,
    3.5582079887390137,
    0.8551040291786194,
    2.6126720905303955,
    2.6807680130004883,
    0.968288004398346,
    2.7798399925231934,
    1.761247992515564,
    1.553663969039917,
    2.916287899017334,
    0.6397119760513306,
    2.8833279609680176,
    3.718463897705078,
    0.48185598850250244,
    0.4623680114746094,
    0.46028798818588257,
    0.4620479941368103,
    0.4599680006504059,
    0.4596480131149292,
    0.46540799736976624,
    0.4742079973220825,
    0.4620800018310547,
    0.4597119987010956,
    0.47062399983406067,
    0.46060800552368164,
    0.46112000942230225,
    0.45948800444602966,
    0.46035200357437134,
    0.4607039988040924,
    0.4599039852619171,
    0.4585919976234436,
    0.4599039852619171,
    0.4604800045490265,
    0.4633280038833618,
    0.45900800824165344,
    0.45955199003219604,
    0.46169599890708923,
    0.4724160134792328,
    0.4631679952144623,
    0.4597119987010956,
    0.4604159891605377,
    0.4617280066013336,
    0.4596160054206848,
    0.4601280093193054,
    0.4700160026550293,
    0.4758720099925995,
    0.46803200244903564,
    0.46876800060272217,
    0.4675840139389038
  ]
}