{
  "label": "q32b2n_qwen32b_nid001641_g0",
  "num_cells": 8,
  "graph_mode": 1,
  "mode": "GRAPH",
  "mean_ms": 0.4476748788356781,
  "per_cell_ms": 0.05595935985445976,
  "p95_ms": 0.46069919466972353,
  "p99_ms": 0.4613452687859535,
  "miss_1ms": 0.0,
  "raw": [
    0.46028798818588257,
    0.4612799882888794,
    0.46057599782943726,
    0.4607999920845032,
    0.4591360092163086,
    0.46140798926353455,
    0.4453119933605194,
    0.4508480131626129,
    0.44364801049232483,
    0.4511680006980896,
    0.45049598813056946,
    0.44207999110221863,
    0.4490239918231964,
    0.44995200634002686,
    0.45315200090408325,
    0.4498240053653717,
    0.4497919976711273,
    0.44991999864578247,
    0.44947201013565063,
    0.4503999948501587,
    0.4436799883842468,
    0.4442239999771118,
    0.44252800941467285,
    0.45955199003219604,
    0.4498879909515381,
    0.4430080056190491,
    0.44860801100730896,
    0.4491199851036072,
    0.44867199659347534,
    0.4442879855632782,
    0.44438400864601135,
    0.4402559995651245,
    0.441567987203598,
    0.44630399346351624,
    0.4437440037727356,
    0.44092801213264465,
    0.43929600715637207,
    0.4415999948978424,
    0.4530879855155945,
    0.4430080056190491,
    0.44223999977111816,
    0.44204801321029663,
    0.44121599197387695,
    0.4415999948978424,
    0.4429439902305603,
    0.4451200067996979,
    0.44332799315452576,
    0.4412800073623657,
    0.4437440037727356,
    0.44390401244163513
  ]
}