{
  "label": "s2n_baseline_n0",
  "num_cells": 8,
  "graph_mode": 1,
  "mode": "GRAPH",
  "mean_ms": 0.43367615759372713,
  "per_cell_ms": 0.05420951969921589,
  "p95_ms": 0.43667200207710266,
  "p99_ms": 0.43810751765966416,
  "miss_1ms": 0.0,
  "raw": [
    0.43513599038124084,
    0.434143990278244,
    0.43353599309921265,
    0.43273600935935974,
    0.432096004486084,
    0.434143990278244,
    0.43356800079345703,
    0.43267199397087097,
    0.43187201023101807,
    0.4326399862766266,
    0.4333440065383911,
    0.43350398540496826,
    0.43667200207710266,
    0.4350079894065857,
    0.43593600392341614,
    0.43513599038124084,
    0.4325760006904602,
    0.4394559860229492,
    0.4352000057697296,
    0.4317759871482849,
    0.4323199987411499,
    0.4336960017681122,
    0.4336319863796234,
    0.43430399894714355,
    0.43516799807548523,
    0.43302398920059204,
    0.43427199125289917,
    0.43187201023101807,
    0.4322879910469055,
    0.4328640103340149,
    0.4333760142326355,
    0.43327999114990234,
    0.43248000741004944,
    0.43241599202156067,
    0.43430399894714355,
    0.4336639940738678,
    0.43296000361442566,
    0.43670400977134705,
    0.43244799971580505,
    0.43164798617362976,
    0.43433600664138794,
    0.43667200207710266,
    0.4336639940738678,
    0.4330559968948364,
    0.43379199504852295,
    0.4331519901752472,
    0.4331839978694916,
    0.43241599202156067,
    0.43222400546073914,
    0.4334399998188019
  ]
}