{
  "label": "mig72_4n_qwen_nid008632_g0",
  "num_cells": 8,
  "graph_mode": 1,
  "mode": "GRAPH",
  "mean_ms": 0.5536960023641586,
  "per_cell_ms": 0.06921200029551983,
  "p95_ms": 0.7252320170402526,
  "p99_ms": 0.8159625554084777,
  "miss_1ms": 0.0,
  "raw": [
    0.7325760126113892,
    0.5553280115127563,
    0.6583999991416931,
    0.8180480003356934,
    0.5887680053710938,
    0.5077440142631531,
    0.5075839757919312,
    0.5040640234947205,
    0.5043839812278748,
    0.5037440061569214,
    0.5196800231933594,
    0.5666239857673645,
    0.49481600522994995,
    0.5055360198020935,
    0.5109760165214539,
    0.4939520061016083,
    0.49142399430274963,
    0.5038400292396545,
    0.6444159746170044,
    0.4957759976387024,
    0.5043200254440308,
    0.4960959851741791,
    0.4960959851741791,
    0.49535998702049255,
    0.5067520141601562,
    0.49696001410484314,
    0.4922559857368469,
    0.5003520250320435,
    0.5039680004119873,
    0.4973439872264862,
    0.6600959897041321,
    0.5434240102767944,
    0.5682880282402039,
    0.7162560224533081,
    0.5694079995155334,
    0.5621119737625122,
    0.5572159886360168,
    0.8137919902801514,
    0.6440640091896057,
    0.5996159911155701,
    0.532256007194519,
    0.5341119766235352,
    0.5425919890403748,
    0.5914880037307739,
    0.543615996837616,
    0.5241600275039673,
    0.5178239941596985,
    0.525439977645874,
    0.5137280225753784,
    0.5281280279159546
  ]
}