{
  "label": "sm100_1cell",
  "sm_pct": 100,
  "stats": {
    "name": "sm100_1cell",
    "count": 100,
    "mean_ms": 2.282738564610481,
    "std_ms": 2.7620586165254872,
    "p50_ms": 1.1007040143013,
    "p95_ms": 7.999407768249506,
    "p99_ms": 12.268501033782972,
    "min_ms": 0.8451840281486511,
    "max_ms": 14.6528959274292,
    "jitter": 1.2099758856953449
  },
  "miss_1ms": 0.63,
  "raw": [
    1.1554880142211914,
    0.8943679928779602,
    1.1381759643554688,
    0.8481919765472412,
    1.128383994102478,
    0.8924160003662109,
    1.1279360055923462,
    0.8849599957466125,
    7.91107177734375,
    3.145632028579712,
    7.568448066711426,
    2.962752103805542,
    3.0700159072875977,
    0.9136639833450317,
    1.1042239665985107,
    0.8562880158424377,
    1.0944639444351196,
    0.8943359851837158,
    1.1038399934768677,
    0.8978239893913269,
    1.1344959735870361,
    0.9043840169906616,
    1.0660159587860107,
    0.8495360016822815,
    9.708127975463867,
    1.2137279510498047,
    1.10697603225708,
    0.8816319704055786,
    5.320064067840576,
    3.020479917526245,
    7.611680030822754,
    3.220288038253784,
    14.6528959274292,
    0.8462719917297363,
    1.1410880088806152,
    0.8531839847564697,
    1.088096022605896,
    0.8585280179977417,
    1.1726080179214478,
    0.8967679738998413,
    1.1317119598388672,
    0.9150400161743164,
    1.0975680351257324,
    0.8456640243530273,
    1.1522560119628906,
    0.8951680064201355,
    1.0797120332717896,
    0.8966720104217529,
    1.2345600128173828,
    3.4231040477752686,
    12.244416236877441,
    2.9471681118011475,
    6.264480113983154,
    3.0919361114501953,
    1.081984043121338,
    0.9045439958572388,
    1.1370559930801392,
    0.9135680198669434,
    1.1447360515594482,
    0.9151359796524048,
    1.149440050125122,
    0.8871999979019165,
    1.0932159423828125,
    0.8482239842414856,
    1.096127986907959,
    0.903328001499176,
    1.0775680541992188,
    0.8451840281486511,
    1.083008050918579,
    1.9325439929962158,
    7.223392009735107,
    2.829535961151123,
    11.0665283203125,
    1.203711986541748,
    7.899040222167969,
    0.8773760199546814,
    1.1369919776916504,
    0.8960639834403992,
    1.0843199491500854,
    0.8506879806518555,
    1.1339839696884155,
    0.849951982498169,
    1.0731199979782104,
    0.9005119800567627,
    1.1282240152359009,
    0.8585919737815857,
    1.0724799633026123,
    0.8961600065231323,
    1.140928030014038,
    0.9050559997558594,
    3.838655948638916,
    2.994080066680908,
    9.677791595458984,
    3.558624029159546,
    6.919487953186035,
    0.8956480026245117,
    1.126911997795105,
    0.8597440123558044,
    1.148192048072815,
    0.8564159870147705
  ]
}