{
  "label": "mig32_2n_qwen_nid001460_g2",
  "num_cells": 8,
  "graph_mode": 1,
  "mode": "GRAPH",
  "mean_ms": 0.5008947175741195,
  "per_cell_ms": 0.06261183969676494,
  "p95_ms": 0.5667280107736586,
  "p99_ms": 0.6121721637248992,
  "miss_1ms": 0.0,
  "raw": [
    0.5408639907836914,
    0.5333120226860046,
    0.5398079752922058,
    0.5315520167350769,
    0.5181440114974976,
    0.525439977645874,
    0.5868160128593445,
    0.5288959741592407,
    0.5323200225830078,
    0.5421760082244873,
    0.521888017654419,
    0.5222079753875732,
    0.5236799716949463,
    0.606656014919281,
    0.5278080105781555,
    0.5306879878044128,
    0.5261759757995605,
    0.5261759757995605,
    0.5335680246353149,
    0.5278400182723999,
    0.6174719929695129,
    0.5310080051422119,
    0.5349119901657104,
    0.4769279956817627,
    0.4659839868545532,
    0.46860799193382263,
    0.4677119851112366,
    0.4673919975757599,
    0.47062399983406067,
    0.468095988035202,
    0.4679360091686249,
    0.4665600061416626,
    0.46486398577690125,
    0.4671039879322052,
    0.4673919975757599,
    0.4642240107059479,
    0.4645119905471802,
    0.46592000126838684,
    0.46585598587989807,
    0.4636799991130829,
    0.46348801255226135,
    0.4735040068626404,
    0.4801279902458191,
    0.46649599075317383,
    0.47046399116516113,
    0.4684480130672455,
    0.4676800072193146,
    0.4668799936771393,
    0.4668479859828949,
    0.46799999475479126
  ]
}