{
  "label": "s2n4g_gpt2_nid002688_g3",
  "num_cells": 8,
  "graph_mode": 1,
  "mode": "GRAPH",
  "mean_ms": 0.4330937612056732,
  "per_cell_ms": 0.05413672015070915,
  "p95_ms": 0.43654720187187196,
  "p99_ms": 0.43776063561439515,
  "miss_1ms": 0.0,
  "raw": [
    0.4345279932022095,
    0.42719998955726624,
    0.4365760087966919,
    0.4327999949455261,
    0.4270400106906891,
    0.4355520009994507,
    0.4333760142326355,
    0.42473599314689636,
    0.4323199987411499,
    0.4293760061264038,
    0.4344319999217987,
    0.43248000741004944,
    0.43187201023101807,
    0.43241599202156067,
    0.43619200587272644,
    0.434112012386322,
    0.43084800243377686,
    0.4338560104370117,
    0.4359680116176605,
    0.4336960017681122,
    0.4339520037174225,
    0.43238401412963867,
    0.4325439929962158,
    0.4336000084877014,
    0.432096004486084,
    0.43772798776626587,
    0.4350399971008301,
    0.43244799971580505,
    0.43193599581718445,
    0.4294719994068146,
    0.4343999922275543,
    0.42559999227523804,
    0.4320639967918396,
    0.436383992433548,
    0.43779200315475464,
    0.4328959882259369,
    0.4323520064353943,
    0.4331839978694916,
    0.4333760142326355,
    0.43379199504852295,
    0.4342400133609772,
    0.4365119934082031,
    0.43347200751304626,
    0.43561598658561707,
    0.43296000361442566,
    0.4352000057697296,
    0.4362559914588928,
    0.4312320053577423,
    0.43139201402664185,
    0.43539199233055115
  ]
}