{
  "label": "g40_hbm2g",
  "num_cells": 20,
  "num_tx": 4,
  "num_rx": 4,
  "mcs": 2,
  "hbm_pct": 56.2,
  "stats": {
    "name": "g40_hbm2g",
    "count": 100,
    "mean_ms": 607.014712047577,
    "std_ms": 8.627411750012843,
    "p50_ms": 606.8448276519775,
    "p95_ms": 621.2637402534485,
    "p99_ms": 624.4665140914917,
    "min_ms": 583.7007331848145,
    "max_ms": 635.6352348327637,
    "jitter": 0.014212854447812196
  },
  "miss_1ms": 1.0,
  "raw": [
    606.8698501586914,
    601.1199359893799,
    615.6310691833496,
    583.7007331848145,
    609.8018245697021,
    606.7696952819824,
    609.8526420593262,
    607.0071678161621,
    604.0730209350586,
    606.9403171539307,
    589.4886112213135,
    601.182014465332,
    609.8236789703369,
    601.0972805023193,
    604.137378692627,
    601.1684494018555,
    595.2885417938232,
    624.1914234161377,
    606.7634620666504,
    600.9644813537598,
    601.1345958709717,
    592.4116153717041,
    595.2033557891846,
    603.865026473999,
    612.72092628479,
    618.475040435791,
    612.6351375579834,
    618.6248950958252,
    607.0348834991455,
    598.1713275909424,
    615.6433925628662,
    612.5035171508789,
    618.4486351013184,
    603.9930572509766,
    603.9251155853271,
    609.8074855804443,
    606.9135036468506,
    606.7758731842041,
    604.0651512145996,
    615.5627880096436,
    606.8916187286377,
    612.6169910430908,
    601.084644317627,
    601.0904941558838,
    606.8198051452637,
    598.1002197265625,
    606.7917804718018,
    606.7600040435791,
    598.11647605896,
    595.4011154174805,
    609.8109169006348,
    609.7932834625244,
    635.6352348327637,
    609.7307472229004,
    612.6916160583496,
    592.2412185668945,
    612.7445125579834,
    609.9193897247314,
    604.0081634521484,
    604.0299224853516,
    607.0191669464111,
    609.7840023040771,
    624.3536987304688,
    598.2788181304932,
    621.3728332519531,
    604.006914138794,
    612.6541728973389,
    595.3945274353027,
    601.1611194610596,
    615.6727676391602,
    604.0965118408203,
    615.7172813415527,
    612.8022727966309,
    598.3079357147217,
    615.7571868896484,
    612.688798904419,
    609.6592960357666,
    603.9205436706543,
    598.1487007141113,
    615.7634582519531,
    592.3276481628418,
    612.6626224517822,
    615.7301731109619,
    598.1944313049316,
    612.6694755554199,
    621.3305244445801,
    595.2839965820312,
    600.9816360473633,
    604.0076484680176,
    612.8760280609131,
    615.6771240234375,
    598.3566074371338,
    604.0384635925293,
    601.1510715484619,
    615.5972118377686,
    618.5006771087646,
    598.1493473052979,
    615.6491165161133,
    592.4021129608154,
    621.2602252960205
  ]
}