{
  "label": "mig32_4n_qwen_nid001536_g2",
  "num_cells": 8,
  "graph_mode": 1,
  "mode": "GRAPH",
  "mean_ms": 0.468887038230896,
  "per_cell_ms": 0.058610879778862,
  "p95_ms": 0.4727247983217239,
  "p99_ms": 0.4790358546376228,
  "miss_1ms": 0.0,
  "raw": [
    0.46748799085617065,
    0.46908798813819885,
    0.4695360064506531,
    0.4668160080909729,
    0.4673599898815155,
    0.4681600034236908,
    0.47225600481033325,
    0.468095988035202,
    0.46649599075317383,
    0.46988800168037415,
    0.4689919948577881,
    0.4694400131702423,
    0.4677119851112366,
    0.4681920111179352,
    0.47180798649787903,
    0.4667840003967285,
    0.46694400906562805,
    0.46883198618888855,
    0.4843200147151947,
    0.4668799936771393,
    0.4682239890098572,
    0.4684160053730011,
    0.46832001209259033,
    0.46905601024627686,
    0.466623991727829,
    0.4726719856262207,
    0.4688960015773773,
    0.4676479995250702,
    0.46748799085617065,
    0.4675840139389038,
    0.47353601455688477,
    0.46748799085617065,
    0.4660159945487976,
    0.4694719910621643,
    0.4696959853172302,
    0.46748799085617065,
    0.46720001101493835,
    0.46832001209259033,
    0.47046399116516113,
    0.4711039960384369,
    0.47276800870895386,
    0.4686720073223114,
    0.4676479995250702,
    0.466048002243042,
    0.4678719937801361,
    0.46774399280548096,
    0.4689599871635437,
    0.4681279957294464,
    0.46748799085617065,
    0.4682239890098572
  ]
}