{
  "label": "s2n4g_neuralrx_nid002689_g1",
  "num_cells": 8,
  "graph_mode": 1,
  "mode": "GRAPH",
  "mean_ms": 0.4335392028093338,
  "per_cell_ms": 0.05419240035116672,
  "p95_ms": 0.4438095986843109,
  "p99_ms": 0.44557024627923963,
  "miss_1ms": 0.0,
  "raw": [
    0.43321600556373596,
    0.43347200751304626,
    0.43244799971580505,
    0.4343680143356323,
    0.4326399862766266,
    0.4328320026397705,
    0.4445439875125885,
    0.4269759953022003,
    0.4374080002307892,
    0.432096004486084,
    0.4322560131549835,
    0.4333760142326355,
    0.43171200156211853,
    0.43375998735427856,
    0.4327999949455261,
    0.4312320053577423,
    0.4322560131549835,
    0.4429120123386383,
    0.4322560131549835,
    0.4315199851989746,
    0.4317759871482849,
    0.4344640076160431,
    0.43270400166511536,
    0.4339199960231781,
    0.43212801218032837,
    0.4327999949455261,
    0.4334079921245575,
    0.4322560131549835,
    0.44646400213241577,
    0.4333760142326355,
    0.43276798725128174,
    0.4309439957141876,
    0.43270400166511536,
    0.43270400166511536,
    0.4320000112056732,
    0.4347839951515198,
    0.43510401248931885,
    0.44464001059532166,
    0.4330880045890808,
    0.4325439929962158,
    0.43113601207733154,
    0.43238401412963867,
    0.42716801166534424,
    0.43088001012802124,
    0.43241599202156067,
    0.43296000361442566,
    0.43347200751304626,
    0.4323520064353943,
    0.43171200156211853,
    0.43382400274276733
  ]
}