{
  "label": "s4n4g_neuralrx_nid003952_g3",
  "num_cells": 8,
  "graph_mode": 1,
  "mode": "GRAPH",
  "mean_ms": 0.43531967759132384,
  "per_cell_ms": 0.05441495969891548,
  "p95_ms": 0.43943360149860383,
  "p99_ms": 0.44341567367315293,
  "miss_1ms": 0.0,
  "raw": [
    0.43462398648262024,
    0.43727999925613403,
    0.43673598766326904,
    0.4347519874572754,
    0.43536001443862915,
    0.43558400869369507,
    0.43673598766326904,
    0.435232013463974,
    0.43327999114990234,
    0.43718400597572327,
    0.4373759925365448,
    0.4350079894065857,
    0.435263991355896,
    0.43516799807548523,
    0.4357759952545166,
    0.43324801325798035,
    0.4379520118236542,
    0.43536001443862915,
    0.43590399622917175,
    0.43564799427986145,
    0.43516799807548523,
    0.43513599038124084,
    0.4357759952545166,
    0.4344640076160431,
    0.43190398812294006,
    0.43459200859069824,
    0.4345279932022095,
    0.43539199233055115,
    0.43430399894714355,
    0.4339520037174225,
    0.4336319863796234,
    0.4347519874572754,
    0.4341759979724884,
    0.4445759952068329,
    0.438975989818573,
    0.43513599038124084,
    0.43276798725128174,
    0.43219199776649475,
    0.43327999114990234,
    0.43276798725128174,
    0.43084800243377686,
    0.43769600987434387,
    0.43401598930358887,
    0.43248000741004944,
    0.43215999007225037,
    0.43484801054000854,
    0.4422079920768738,
    0.4398080110549927,
    0.4347200095653534,
    0.4362559914588928
  ]
}