{
  "label": "q32b4n_baseline_nid001761_g3",
  "num_cells": 8,
  "graph_mode": 1,
  "mode": "GRAPH",
  "mean_ms": 0.43414400100708006,
  "per_cell_ms": 0.05426800012588501,
  "p95_ms": 0.43768479079008105,
  "p99_ms": 0.437987844645977,
  "miss_1ms": 0.0,
  "raw": [
    0.4301440119743347,
    0.43670400977134705,
    0.4362879991531372,
    0.435263991355896,
    0.42767998576164246,
    0.4354879856109619,
    0.4270080029964447,
    0.43353599309921265,
    0.43401598930358887,
    0.43539199233055115,
    0.4360960125923157,
    0.43219199776649475,
    0.4357120096683502,
    0.4368000030517578,
    0.4347839951515198,
    0.43193599581718445,
    0.4327999949455261,
    0.4342400133609772,
    0.43516799807548523,
    0.4331200122833252,
    0.4328320026397705,
    0.43459200859069824,
    0.4360960125923157,
    0.4342400133609772,
    0.43641600012779236,
    0.4376319944858551,
    0.4339520037174225,
    0.43296000361442566,
    0.4338879883289337,
    0.43430399894714355,
    0.4333760142326355,
    0.43248000741004944,
    0.4331200122833252,
    0.435808002948761,
    0.4344640076160431,
    0.4315199851989746,
    0.4334079921245575,
    0.4338560104370117,
    0.43516799807548523,
    0.4360319972038269,
    0.43772798776626587,
    0.43267199397087097,
    0.4318079948425293,
    0.4381760060787201,
    0.436352014541626,
    0.43167999386787415,
    0.43779200315475464,
    0.4352959990501404,
    0.4363200068473816,
    0.4288640022277832
  ]
}