{
  "label": "gintf_stream_hbm",
  "num_cells": 8,
  "graph_mode": 0,
  "mode": "STREAM",
  "mean_ms": 44.69950248718262,
  "per_cell_ms": 5.5874378108978275,
  "p95_ms": 46.52388286590576,
  "p99_ms": 46.75384262084961,
  "miss_1ms": 1.0,
  "raw": [
    46.52598571777344,
    40.71027374267578,
    46.47001647949219,
    40.658016204833984,
    43.65644836425781,
    43.57807922363281,
    43.58467102050781,
    46.492286682128906,
    43.56800079345703,
    43.586238861083984,
    46.429534912109375,
    43.54761505126953,
    43.517311096191406,
    43.615966796875,
    43.61366271972656,
    43.631614685058594,
    43.55526351928711,
    46.47993469238281,
    46.52057647705078,
    43.619327545166016,
    46.482398986816406,
    43.60105514526367,
    43.59766387939453,
    46.97110366821289,
    43.5563850402832,
    43.6036491394043,
    46.498046875,
    43.502113342285156,
    43.5513916015625,
    46.44553756713867,
    46.527713775634766,
    43.61663818359375,
    43.66896057128906,
    46.435264587402344,
    46.52131271362305,
    46.486080169677734,
    43.61827087402344,
    46.47468948364258,
    46.47884750366211,
    43.559391021728516,
    43.61769485473633,
    46.49699020385742,
    46.480384826660156,
    46.48972702026367,
    43.604766845703125,
    43.597694396972656,
    43.5709114074707,
    46.471553802490234,
    46.4727668762207,
    43.61529541015625
  ]
}