{
  "label": "s4n4g_baseline_nid003952_g3",
  "num_cells": 8,
  "graph_mode": 1,
  "mode": "GRAPH",
  "mean_ms": 0.43505088150501253,
  "per_cell_ms": 0.054381360188126567,
  "p95_ms": 0.4394432008266449,
  "p99_ms": 0.44382752805948256,
  "miss_1ms": 0.0,
  "raw": [
    0.4386560022830963,
    0.4373120069503784,
    0.4360960125923157,
    0.4349119961261749,
    0.4349440038204193,
    0.43990400433540344,
    0.43484801054000854,
    0.43487998843193054,
    0.43408000469207764,
    0.43590399622917175,
    0.43612799048423767,
    0.43507200479507446,
    0.4334399998188019,
    0.4371519982814789,
    0.44364801049232483,
    0.4331519901752472,
    0.43427199125289917,
    0.43542400002479553,
    0.43456000089645386,
    0.43187201023101807,
    0.4325760006904602,
    0.4368000030517578,
    0.43568000197410583,
    0.43238401412963867,
    0.4326080083847046,
    0.4339199960231781,
    0.4336639940738678,
    0.43382400274276733,
    0.4333440065383911,
    0.4368639886379242,
    0.43347200751304626,
    0.4322879910469055,
    0.4327999949455261,
    0.4333760142326355,
    0.43644800782203674,
    0.43430399894714355,
    0.4329279959201813,
    0.4336319863796234,
    0.4320000112056732,
    0.4440000057220459,
    0.4320639967918396,
    0.43238401412963867,
    0.43267199397087097,
    0.4360960125923157,
    0.4331519901752472,
    0.4362879991531372,
    0.43887999653816223,
    0.4370560050010681,
    0.4339520037174225,
    0.4368320107460022
  ]
}