{
  "label": "sm20_1cell",
  "sm_pct": 20,
  "stats": {
    "name": "sm20_1cell",
    "count": 100,
    "mean_ms": 1.9317849564552307,
    "std_ms": 2.2459704008882393,
    "p50_ms": 1.075984001159668,
    "p95_ms": 7.840444588661193,
    "p99_ms": 9.65631687164308,
    "min_ms": 0.8403840065002441,
    "max_ms": 12.389984130859375,
    "jitter": 1.1626399684825839
  },
  "miss_1ms": 0.62,
  "raw": [
    12.389984130859375,
    2.6802239418029785,
    1.1380480527877808,
    0.9134079813957214,
    1.133471965789795,
    0.9167360067367554,
    1.1346240043640137,
    0.8613759875297546,
    1.0602240562438965,
    0.8430719971656799,
    1.066208004951477,
    0.8600320219993591,
    1.0674879550933838,
    0.8403840065002441,
    1.0860480070114136,
    0.879423975944519,
    1.0967040061950684,
    1.815999984741211,
    7.477439880371094,
    3.1927359104156494,
    7.83846378326416,
    3.0800960063934326,
    1.112928032875061,
    0.8490239977836609,
    1.1270079612731934,
    0.8746880292892456,
    1.1244479417800903,
    0.8993920087814331,
    1.1320960521697998,
    0.8922560214996338,
    1.13155198097229,
    0.8902720212936401,
    1.120576024055481,
    0.8577600121498108,
    1.1322879791259766,
    0.8484159708023071,
    1.0807039737701416,
    0.8535680174827576,
    4.066527843475342,
    2.880608081817627,
    8.072992324829102,
    4.529024124145508,
    9.628704071044922,
    0.8981760144233704,
    1.128000020980835,
    0.8430079817771912,
    1.119711995124817,
    0.8561599850654602,
    1.1296319961547852,
    0.8562560081481934,
    1.0819200277328491,
    0.8743680119514465,
    1.1325119733810425,
    0.891103982925415,
    1.1314560174942017,
    0.8638079762458801,
    1.1160000562667847,
    0.8457599878311157,
    1.063040018081665,
    1.9277759790420532,
    7.9179840087890625,
    3.307935953140259,
    7.750688076019287,
    3.228224039077759,
    1.1171519756317139,
    0.8606719970703125,
    1.1052800416946411,
    0.8488640189170837,
    1.0712640285491943,
    0.8478720188140869,
    1.0682239532470703,
    0.8521599769592285,
    1.0696640014648438,
    0.8769599795341492,
    1.1270079612731934,
    0.894432008266449,
    1.064255952835083,
    0.8652480244636536,
    1.1303679943084717,
    1.8592000007629395,
    7.705023765563965,
    2.91923189163208,
    7.878079891204834,
    3.809727907180786,
    1.0670720338821411,
    0.8809279799461365,
    1.0663360357284546,
    0.8633279800415039,
    1.1287360191345215,
    0.8456000089645386,
    1.1327999830245972,
    0.9015679955482483,
    1.1550400257110596,
    0.8930240273475647,
    1.0624959468841553,
    0.8573439717292786,
    1.0684159994125366,
    0.8465279936790466,
    1.1162559986114502,
    0.8817920088768005
  ]
}