{
  "label": "s2v4_neuralrx_nid001457",
  "num_cells": 8,
  "graph_mode": 1,
  "mode": "GRAPH",
  "mean_ms": 0.9217695999145508,
  "per_cell_ms": 0.11522119998931885,
  "p95_ms": 1.0558111906051635,
  "p99_ms": 1.0688879990577698,
  "miss_1ms": 0.32,
  "raw": [
    0.8865280151367188,
    1.0635839700698853,
    0.8698880076408386,
    1.0271040201187134,
    0.9684799909591675,
    0.9450560212135315,
    0.8806399703025818,
    1.0229120254516602,
    0.7007359862327576,
    0.9384959936141968,
    1.0095360279083252,
    0.9202880263328552,
    1.0739840269088745,
    0.8906239867210388,
    0.9439679980278015,
    0.7045440077781677,
    0.6987839937210083,
    0.9068160057067871,
    1.0015360116958618,
    1.019935965538025,
    1.0316799879074097,
    0.8516479730606079,
    1.0109119415283203,
    0.971455991268158,
    1.0443520545959473,
    0.8827199935913086,
    0.9990720152854919,
    0.6981760263442993,
    0.9353920221328735,
    0.9369279742240906,
    0.8848000168800354,
    1.0587199926376343,
    0.7027199864387512,
    0.8809599876403809,
    1.0088000297546387,
    0.7085440158843994,
    0.9349120259284973,
    0.924992024898529,
    0.8758400082588196,
    1.0522559881210327,
    0.9732159972190857,
    0.8777920007705688,
    0.8819199800491333,
    1.0329279899597168,
    0.7012479901313782,
    0.8720639944076538,
    1.020095944404602,
    0.9591360092163086,
    1.027359962463379,
    0.8744000196456909
  ]
}