{
  "label": "heavy_sm40",
  "num_cells": 20,
  "num_tx": 4,
  "num_rx": 4,
  "mcs": 2,
  "hbm_pct": 21.7,
  "stats": {
    "name": "heavy_sm40",
    "count": 100,
    "mean_ms": 16.37209438443184,
    "std_ms": 7.210804882759961,
    "p50_ms": 14.671935975551605,
    "p95_ms": 17.866361597180365,
    "p99_ms": 51.3524786132575,
    "min_ms": 14.575168013572693,
    "max_ms": 69.50809562206268,
    "jitter": 0.4404326479828193
  },
  "miss_1ms": 1.0,
  "raw": [
    15.760288000106812,
    34.50694394111633,
    17.13696002960205,
    15.533951938152313,
    15.492447912693024,
    15.56963187456131,
    15.14656001329422,
    14.700991988182068,
    14.798592031002045,
    14.734175860881805,
    14.692671835422516,
    14.66265606880188,
    14.629184007644653,
    17.246591985225677,
    15.098912060260773,
    14.664479970932007,
    14.64988797903061,
    14.670208036899567,
    14.651455879211426,
    14.655455887317657,
    14.653535962104797,
    14.660991966724396,
    14.627551853656769,
    14.830815970897675,
    40.937823712825775,
    51.169088542461395,
    14.629184067249298,
    14.638303935527802,
    14.702367961406708,
    14.779232025146484,
    17.863103985786438,
    14.65772795677185,
    14.638271987438202,
    14.6948481798172,
    14.727359890937805,
    14.663167953491211,
    16.9439999461174,
    15.339776039123535,
    14.725760102272034,
    14.750656008720398,
    14.790944159030914,
    14.654624104499817,
    14.786240041255951,
    14.610751926898956,
    14.58982402086258,
    14.62854391336441,
    14.661503851413727,
    15.419679939746857,
    16.803072035312653,
    14.636320173740387,
    14.611807882785797,
    14.736064016819,
    14.626847982406616,
    14.763743937015533,
    14.690879881381989,
    14.620479941368103,
    14.670271933078766,
    14.580223977565765,
    14.618656039237976,
    16.6360000371933,
    15.577664017677307,
    14.673600018024445,
    14.60345596075058,
    14.686495959758759,
    14.62691193819046,
    14.74070394039154,
    14.64169591665268,
    14.60729593038559,
    14.626879930496216,
    14.621407985687256,
    15.210272014141083,
    17.071103990077972,
    14.68092805147171,
    14.650303959846497,
    14.584736108779907,
    14.59248000383377,
    14.646272003650665,
    14.614048063755035,
    14.593823969364166,
    14.613184034824371,
    14.686976075172424,
    14.588607966899872,
    16.38313591480255,
    15.861759901046753,
    14.6318718791008,
    14.637600004673004,
    17.92825621366501,
    15.184191882610321,
    15.171744048595428,
    15.073567926883698,
    14.594528019428253,
    14.575168013572693,
    14.587519943714142,
    16.1701437830925,
    69.50809562206268,
    14.61929601430893,
    14.597824096679688,
    14.649695992469788,
    14.606752038002014,
    14.717344164848328
  ]
}