{
  "label": "nrx_baseline_final",
  "num_cells": 8,
  "num_tx": 4,
  "num_rx": 4,
  "mcs": 2,
  "hbm_pct": 19.4,
  "stats": {
    "name": "nrx_baseline_final",
    "count": 100,
    "mean_ms": 6.092126082181931,
    "std_ms": 0.38883514306748607,
    "p50_ms": 5.8713759779930115,
    "p95_ms": 6.747004836797714,
    "p99_ms": 6.7741315400600435,
    "min_ms": 5.793152034282684,
    "max_ms": 6.810911953449249,
    "jitter": 0.06382585288323883
  },
  "miss_1ms": 1.0,
  "raw": [
    6.711295962333679,
    6.728928029537201,
    6.687647998332977,
    6.677791953086853,
    6.713855981826782,
    6.67737603187561,
    6.65036815404892,
    6.760959982872009,
    6.733408033847809,
    6.67331200838089,
    6.755456030368805,
    6.676479995250702,
    6.725567996501923,
    6.663968026638031,
    6.694816052913666,
    6.771872103214264,
    6.810911953449249,
    6.71779203414917,
    6.692704021930695,
    6.742559969425201,
    6.746560037136078,
    6.667071998119354,
    6.687040090560913,
    6.688927888870239,
    6.653151988983154,
    6.693696022033691,
    6.77376002073288,
    6.703615963459015,
    6.029280006885529,
    5.882303953170776,
    5.821759939193726,
    5.834784090518951,
    5.816512107849121,
    5.827424049377441,
    5.828831970691681,
    5.920767962932587,
    5.859871983528137,
    5.958656013011932,
    5.8123520612716675,
    5.826048016548157,
    5.914432048797607,
    5.82614403963089,
    5.81360000371933,
    5.830559968948364,
    5.828639924526215,
    5.874912083148956,
    5.817344009876251,
    5.828671991825104,
    5.817791998386383,
    5.831679999828339,
    5.815295994281769,
    5.874432027339935,
    5.819551885128021,
    5.896063983440399,
    5.89027202129364,
    5.805151998996735,
    5.812704026699066,
    5.831008076667786,
    5.890015959739685,
    5.8033599853515625,
    5.868319928646088,
    5.797727942466736,
    5.866495966911316,
    5.817151844501495,
    5.826336026191711,
    5.809567928314209,
    5.843167960643768,
    5.800256073474884,
    5.807935953140259,
    5.86163192987442,
    5.916000068187714,
    5.8786879777908325,
    5.909407913684845,
    5.818560004234314,
    5.845120012760162,
    5.8027520179748535,
    5.809312045574188,
    5.8084800243377686,
    5.845695912837982,
    5.793152034282684,
    5.927071988582611,
    6.1297279596328735,
    5.890144050121307,
    5.860607981681824,
    5.822720050811768,
    5.886911928653717,
    5.912032067775726,
    5.798336029052734,
    5.889855980873108,
    5.805823981761932,
    5.810751974582672,
    5.80380791425705,
    5.812895953655243,
    5.877344071865082,
    5.833376049995422,
    5.83763200044632,
    5.9513920545578,
    5.803424000740051,
    5.882400035858154,
    5.829472064971924
  ]
}