{
  "label": "real4gpu_baseline",
  "num_cells": 4,
  "hbm_used_pct": 13.4,
  "stats": {
    "name": "real4gpu_baseline",
    "count": 100,
    "mean_ms": 63.53682681083679,
    "std_ms": 2.7180859830332693,
    "p50_ms": 62.649840354919434,
    "p95_ms": 69.43531956672669,
    "p99_ms": 72.39150790214539,
    "min_ms": 59.964287757873535,
    "max_ms": 73.01433563232422,
    "jitter": 0.04277969359605593
  },
  "miss_1ms": 1.0,
  "raw": [
    65.34694385528564,
    62.91209602355957,
    60.72883129119873,
    60.875168800354004,
    61.3175048828125,
    60.32380771636963,
    63.69868755340576,
    63.34163188934326,
    69.58108711242676,
    67.72067356109619,
    63.68985652923584,
    61.07907199859619,
    69.4276475906372,
    64.71951961517334,
    62.82128143310547,
    63.93900966644287,
    63.22976016998291,
    61.33801555633545,
    60.748064041137695,
    60.96457576751709,
    62.35014343261719,
    60.926591873168945,
    61.976256370544434,
    62.02527904510498,
    62.60617542266846,
    60.9780797958374,
    69.36422443389893,
    67.8016004562378,
    65.0921277999878,
    64.99459075927734,
    66.40159893035889,
    62.32492733001709,
    61.44172763824463,
    59.964287757873535,
    61.70419120788574,
    62.41481685638428,
    62.74543857574463,
    64.10831928253174,
    62.99612903594971,
    62.66332817077637,
    64.0074234008789,
    62.647616386413574,
    70.02169609069824,
    73.01433563232422,
    65.05865478515625,
    61.407551765441895,
    61.400832176208496,
    63.29071807861328,
    61.125664710998535,
    62.37996864318848,
    62.130144119262695,
    61.30300807952881,
    62.299551010131836,
    60.669471740722656,
    62.48671913146973,
    61.57513618469238,
    61.608192443847656,
    61.34755229949951,
    65.03216075897217,
    69.4003849029541,
    64.03363132476807,
    65.0828161239624,
    64.51942443847656,
    72.38521671295166,
    70.70617580413818,
    65.00489521026611,
    62.04812812805176,
    61.30447959899902,
    61.62720012664795,
    64.41062450408936,
    62.573280334472656,
    66.74931049346924,
    67.74614429473877,
    67.70390510559082,
    64.75046443939209,
    62.03430366516113,
    61.33494472503662,
    64.37395286560059,
    61.55532741546631,
    62.069600105285645,
    64.1037130355835,
    61.99180793762207,
    61.67830276489258,
    63.261024475097656,
    60.71103858947754,
    62.30159950256348,
    61.6058235168457,
    61.703328132629395,
    63.72147274017334,
    63.73772716522217,
    62.38313579559326,
    61.576223373413086,
    64.73395156860352,
    66.45356559753418,
    64.6170883178711,
    64.24675178527832,
    61.28220844268799,
    61.357248306274414,
    62.65206432342529,
    62.66092872619629
  ]
}