{
  "label": "q32b2n_baseline_nid001641_g0",
  "num_cells": 8,
  "graph_mode": 1,
  "mode": "GRAPH",
  "mean_ms": 0.43631936073303224,
  "per_cell_ms": 0.05453992009162903,
  "p95_ms": 0.44525120705366134,
  "p99_ms": 0.44733824133872985,
  "miss_1ms": 0.0,
  "raw": [
    0.4368000030517578,
    0.43667200207710266,
    0.4368959963321686,
    0.43561598658561707,
    0.4355199933052063,
    0.4387519955635071,
    0.43641600012779236,
    0.434688001871109,
    0.43404799699783325,
    0.43590399622917175,
    0.43801599740982056,
    0.4347519874572754,
    0.43456000089645386,
    0.4330880045890808,
    0.43964800238609314,
    0.4359680116176605,
    0.44681599736213684,
    0.4370880126953125,
    0.4366399943828583,
    0.43430399894714355,
    0.43542400002479553,
    0.435808002948761,
    0.43696001172065735,
    0.44784000515937805,
    0.43487998843193054,
    0.43769600987434387,
    0.43779200315475464,
    0.4355199933052063,
    0.4336639940738678,
    0.4343680143356323,
    0.4357439875602722,
    0.434688001871109,
    0.4330559968948364,
    0.43433600664138794,
    0.43516799807548523,
    0.43542400002479553,
    0.43408000469207764,
    0.4350079894065857,
    0.435263991355896,
    0.4458560049533844,
    0.43321600556373596,
    0.4342080056667328,
    0.43372800946235657,
    0.43299201130867004,
    0.4336960017681122,
    0.436383992433548,
    0.4365760087966919,
    0.4445120096206665,
    0.43379199504852295,
    0.4360960125923157
  ]
}