{
  "label": "thresh_hbm_0.2GB",
  "stats": {
    "name": "thresh_hbm_0.2GB",
    "count": 100,
    "mean_ms": 4.4438557004928585,
    "std_ms": 2.6938988664959904,
    "p50_ms": 3.4695680141448975,
    "p95_ms": 9.986926746368407,
    "p99_ms": 16.43945697784426,
    "min_ms": 3.0129919052124023,
    "max_ms": 20.14614486694336,
    "jitter": 0.6062075476926976
  },
  "miss_1ms": 1.0,
  "raw": [
    3.2383038997650146,
    7.369088172912598,
    9.131648063659668,
    5.477888107299805,
    3.717087984085083,
    3.3770558834075928,
    3.714816093444824,
    3.1580159664154053,
    3.490272045135498,
    3.3602559566497803,
    3.8347198963165283,
    3.137279987335205,
    3.482624053955078,
    3.361407995223999,
    3.0129919052124023,
    5.9535040855407715,
    9.98243236541748,
    3.822783946990967,
    3.4923839569091797,
    3.1317760944366455,
    3.4682559967041016,
    3.358880043029785,
    3.493727922439575,
    3.385632038116455,
    3.2323200702667236,
    3.1308159828186035,
    3.472480058670044,
    3.3683838844299316,
    3.467072010040283,
    5.716544151306152,
    16.402015686035156,
    5.243904113769531,
    3.6963839530944824,
    3.6139519214630127,
    3.497056007385254,
    3.3736000061035156,
    3.2424960136413574,
    3.124703884124756,
    3.4932479858398438,
    3.363424062728882,
    3.4766719341278076,
    3.1360321044921875,
    3.028831958770752,
    5.4813761711120605,
    10.467904090881348,
    5.238111972808838,
    3.2483201026916504,
    3.3666880130767822,
    3.245055913925171,
    3.1429760456085205,
    3.4708800315856934,
    3.1228480339050293,
    3.0241920948028564,
    3.3671998977661133,
    3.693984031677246,
    3.1301119327545166,
    3.4825599193573,
    8.772416114807129,
    10.072319984436035,
    5.2350077629089355,
    4.420608043670654,
    3.601599931716919,
    3.2362239360809326,
    3.373568058013916,
    3.2571520805358887,
    3.363327980041504,
    3.47760009765625,
    3.3729920387268066,
    3.2522881031036377,
    3.3689920902252197,
    3.247328042984009,
    5.703968048095703,
    8.673760414123535,
    9.69696044921875,
    4.19001579284668,
    3.594752073287964,
    3.495743989944458,
    3.367072105407715,
    3.4738240242004395,
    3.36297607421875,
    3.0298879146575928,
    3.1335999965667725,
    3.248447895050049,
    3.598912000656128,
    3.5048000812530518,
    5.4683518409729,
    20.14614486694336,
    5.696959972381592,
    3.481343984603882,
    3.373728036880493,
    3.2508161067962646,
    3.130847930908203,
    3.7281599044799805,
    3.3724799156188965,
    3.2504959106445312,
    3.143199920654297,
    3.4594240188598633,
    3.1352319717407227,
    3.474400043487549,
    10.632863998413086
  ]
}