{
  "label": "resnet_baseline",
  "stats": {
    "name": "resnet_baseline",
    "count": 100,
    "mean_ms": 2.4131200021505355,
    "std_ms": 2.903587750548793,
    "p50_ms": 1.078383982181549,
    "p95_ms": 8.239297866821289,
    "p99_ms": 13.14077718734743,
    "min_ms": 0.8396480083465576,
    "max_ms": 16.68351936340332,
    "jitter": 1.203250459140515
  },
  "miss_1ms": 0.65,
  "raw": [
    8.054783821105957,
    0.8965439796447754,
    1.0970239639282227,
    0.8433600068092346,
    1.0644160509109497,
    0.8529279828071594,
    1.135807991027832,
    2.9680960178375244,
    1.126528024673462,
    0.8752639889717102,
    1.1315200328826904,
    0.8533120155334473,
    1.1139520406723022,
    0.8884159922599792,
    1.0704319477081299,
    0.8417919874191284,
    1.07532799243927,
    3.4036478996276855,
    8.32688045501709,
    2.809312105178833,
    8.242976188659668,
    3.1165120601654053,
    1.064512014389038,
    0.8576319813728333,
    1.132863998413086,
    0.8853440284729004,
    1.0814399719238281,
    0.8546239733695984,
    1.0643199682235718,
    0.8507199883460999,
    1.1338560581207275,
    1.8233920335769653,
    16.68351936340332,
    3.1043200492858887,
    7.430367946624756,
    3.0975680351257324,
    1.1469440460205078,
    0.8965439796447754,
    1.1175999641418457,
    0.8467199802398682,
    1.0699199438095093,
    1.7212480306625366,
    5.53436803817749,
    0.8511360287666321,
    1.0620160102844238,
    0.8616319894790649,
    1.0631680488586426,
    0.8396480083465576,
    1.1139839887619019,
    0.9052159786224365,
    1.0648000240325928,
    1.9694080352783203,
    7.739007949829102,
    2.1498239040374756,
    11.816991806030273,
    4.810080051422119,
    13.104991912841797,
    0.8676480054855347,
    1.0683519840240479,
    0.8524479866027832,
    1.0708800554275513,
    0.84934401512146,
    1.0736960172653198,
    0.8450559973716736,
    1.0718400478363037,
    0.8532480001449585,
    1.0618879795074463,
    0.8408640027046204,
    1.0663360357284546,
    0.8503360152244568,
    1.1272319555282593,
    0.8936319947242737,
    4.167776107788086,
    3.3439040184020996,
    5.89356803894043,
    3.1674880981445312,
    7.8566718101501465,
    0.8844479918479919,
    1.1302720308303833,
    0.8904320001602173,
    1.1397759914398193,
    0.8919360041618347,
    1.1276479959487915,
    0.8945279717445374,
    1.1278400421142578,
    0.8924160003662109,
    1.1382720470428467,
    0.8922560214996338,
    1.1306560039520264,
    0.87363201379776,
    3.8296000957489014,
    0.8647040128707886,
    4.745215892791748,
    3.0887041091918945,
    8.102751731872559,
    3.092384099960327,
    8.239104270935059,
    0.9014400243759155,
    1.1811200380325317,
    0.8920959830284119
  ]
}