{
  "label": "mig32_2n_base_nid001461_g2",
  "num_cells": 8,
  "graph_mode": 1,
  "mode": "GRAPH",
  "mean_ms": 0.4675712019205093,
  "per_cell_ms": 0.058446400240063666,
  "p95_ms": 0.47054881006479266,
  "p99_ms": 0.47272127330303193,
  "miss_1ms": 0.0,
  "raw": [
    0.4667840003967285,
    0.4689599871635437,
    0.46911999583244324,
    0.46803200244903564,
    0.4718399941921234,
    0.4675840139389038,
    0.4681920111179352,
    0.465472012758255,
    0.46614399552345276,
    0.4687359929084778,
    0.46751999855041504,
    0.46777600049972534,
    0.46905601024627686,
    0.46902400255203247,
    0.4687039852142334,
    0.4668799936771393,
    0.46700799465179443,
    0.4677119851112366,
    0.46860799193382263,
    0.4697920083999634,
    0.46489599347114563,
    0.4694400131702423,
    0.4667840003967285,
    0.47116801142692566,
    0.4671039879322052,
    0.4684160053730011,
    0.46832001209259033,
    0.46646401286125183,
    0.4675840139389038,
    0.4681279957294464,
    0.4663040041923523,
    0.465472012758255,
    0.4658240079879761,
    0.46806401014328003,
    0.4659839868545532,
    0.4640960097312927,
    0.46672001481056213,
    0.468639999628067,
    0.46825599670410156,
    0.4658240079879761,
    0.4652160108089447,
    0.46720001101493835,
    0.4660159945487976,
    0.4652479887008667,
    0.47356799244880676,
    0.4696959853172302,
    0.46694400906562805,
    0.46672001481056213,
    0.4644480049610138,
    0.4670720100402832
  ]
}