{
  "label": "m1n_full_nid001277_g1",
  "num_cells": 8,
  "graph_mode": 1,
  "mode": "GRAPH",
  "mean_ms": 2.0149087965488435,
  "per_cell_ms": 0.25186359956860543,
  "p95_ms": 9.274495935440063,
  "p99_ms": 9.298203916549683,
  "miss_1ms": 0.88,
  "raw": [
    0.990015983581543,
    1.4154239892959595,
    1.4275840520858765,
    1.4167040586471558,
    1.4368319511413574,
    1.4098880290985107,
    1.4390720129013062,
    0.9644799828529358,
    1.427839994430542,
    0.9617919921875,
    1.4468159675598145,
    1.435647964477539,
    9.300352096557617,
    1.4045120477676392,
    1.4398720264434814,
    1.424191951751709,
    1.4397759437561035,
    1.4326399564743042,
    1.4279040098190308,
    1.4363839626312256,
    1.4260159730911255,
    1.4191999435424805,
    1.449504017829895,
    1.4095360040664673,
    9.295968055725098,
    1.4113600254058838,
    1.4351999759674072,
    1.4196159839630127,
    1.4234559535980225,
    1.4470080137252808,
    0.9516800045967102,
    1.4142719507217407,
    1.4352960586547852,
    1.6110719442367554,
    1.909440040588379,
    9.249504089355469,
    0.9872959852218628,
    1.3625279664993286,
    1.409824013710022,
    1.4690560102462769,
    1.4207359552383423,
    1.4451839923858643,
    1.4205759763717651,
    1.4665600061416626,
    0.9692479968070984,
    1.4309120178222656,
    1.4076800346374512,
    9.294943809509277,
    1.4306880235671997,
    1.4443520307540894
  ]
}