{
  "label": "heavy_sm100",
  "num_cells": 20,
  "num_tx": 4,
  "num_rx": 4,
  "mcs": 2,
  "hbm_pct": 22.0,
  "stats": {
    "name": "heavy_sm100",
    "count": 100,
    "mean_ms": 15.961603516340256,
    "std_ms": 5.633727220800837,
    "p50_ms": 14.4755839407444,
    "p95_ms": 20.81391360163688,
    "p99_ms": 49.15795884668829,
    "min_ms": 14.325951933860779,
    "max_ms": 52.424832344055176,
    "jitter": 0.35295496564824846
  },
  "miss_1ms": 1.0,
  "raw": [
    15.395360112190247,
    16.732703983783722,
    17.15123200416565,
    15.305696070194244,
    15.488831996917725,
    15.32044804096222,
    15.1771519780159,
    17.430848121643066,
    14.61792004108429,
    14.540511965751648,
    14.642559885978699,
    14.533695995807648,
    14.471071898937225,
    23.260992288589478,
    15.247168004512787,
    14.582879960536957,
    14.395264029502869,
    14.643487930297852,
    14.481087923049927,
    14.531775951385498,
    14.446528017520905,
    14.470911920070648,
    14.476447939872742,
    14.595808029174805,
    15.746751964092255,
    16.508575975894928,
    14.516479969024658,
    14.415200054645538,
    14.486816108226776,
    14.541248083114624,
    14.461471974849701,
    14.518527925014496,
    14.390048027038574,
    14.369727849960327,
    14.554144084453583,
    14.388575911521912,
    52.424832344055176,
    30.980703473091125,
    14.502975940704346,
    14.45635187625885,
    14.501823902130127,
    14.5207359790802,
    14.367808103561401,
    14.499968111515045,
    14.451455891132355,
    14.542656064033508,
    14.359519958496094,
    15.187584042549133,
    16.566463887691498,
    14.46940803527832,
    14.414784014225006,
    14.387584030628204,
    14.35695993900299,
    14.357503950595856,
    14.386367976665497,
    14.530527949333191,
    14.378911793231964,
    17.301472067832947,
    14.450400054454803,
    49.124960124492645,
    32.093280255794525,
    14.369376063346863,
    14.447456061840057,
    14.373023986816406,
    14.485952079296112,
    14.459679961204529,
    14.370944023132324,
    14.367839932441711,
    14.368000030517578,
    14.40585607290268,
    15.022751927375793,
    17.009471893310547,
    14.46940791606903,
    14.417919874191284,
    14.435967862606049,
    14.579231917858124,
    14.431136131286621,
    14.369343996047974,
    14.456415891647339,
    14.386560142040253,
    14.45744013786316,
    14.395328044891357,
    16.151648104190826,
    15.670655965805054,
    14.325951933860779,
    14.457727909088135,
    14.541696012020111,
    14.474719941616058,
    14.459232032299042,
    14.412800014019012,
    14.472255885601044,
    14.418592035770416,
    14.427296042442322,
    14.747712075710297,
    20.68511998653412,
    14.666911959648132,
    14.428639888763428,
    14.46281611919403,
    14.429119944572449,
    14.395360052585602
  ]
}