{
  "label": "mig72_4n_base_nid008632_g0",
  "num_cells": 8,
  "graph_mode": 1,
  "mode": "GRAPH",
  "mean_ms": 0.4680518400669098,
  "per_cell_ms": 0.058506480008363726,
  "p95_ms": 0.4736704006791115,
  "p99_ms": 0.4756412771344185,
  "miss_1ms": 0.0,
  "raw": [
    0.4663040041923523,
    0.4708159863948822,
    0.46748799085617065,
    0.4689919948577881,
    0.4672960042953491,
    0.4684160053730011,
    0.4760960042476654,
    0.47360000014305115,
    0.46643200516700745,
    0.46803200244903564,
    0.4695360064506531,
    0.46751999855041504,
    0.4662719964981079,
    0.4687039852142334,
    0.4705280065536499,
    0.4692800045013428,
    0.46745601296424866,
    0.47276800870895386,
    0.4684480130672455,
    0.4678399860858917,
    0.4668160080909729,
    0.4737280011177063,
    0.4678719937801361,
    0.4657599925994873,
    0.4660159945487976,
    0.4681600034236908,
    0.4681920111179352,
    0.4676479995250702,
    0.46617600321769714,
    0.46803200244903564,
    0.4649919867515564,
    0.47516798973083496,
    0.46511998772621155,
    0.46825599670410156,
    0.4675520062446594,
    0.4652799963951111,
    0.46563199162483215,
    0.4684799909591675,
    0.46902400255203247,
    0.46751999855041504,
    0.4642240107059479,
    0.47014400362968445,
    0.4659839868545532,
    0.4657280147075653,
    0.4657920002937317,
    0.4675840139389038,
    0.46614399552345276,
    0.4691520035266876,
    0.4652799963951111,
    0.46531200408935547
  ]
}