{
  "label": "mig72_2n_base_nid008657_g1",
  "num_cells": 8,
  "graph_mode": 1,
  "mode": "GRAPH",
  "mean_ms": 0.46684415876865387,
  "per_cell_ms": 0.058355519846081734,
  "p95_ms": 0.4729792013764381,
  "p99_ms": 0.4746624007821083,
  "miss_1ms": 0.0,
  "raw": [
    0.46675199270248413,
    0.4673280119895935,
    0.4692479968070984,
    0.46585598587989807,
    0.4705280065536499,
    0.469760000705719,
    0.4724160134792328,
    0.46592000126838684,
    0.46560001373291016,
    0.4665600061416626,
    0.46828800439834595,
    0.4646399915218353,
    0.46531200408935547,
    0.4655359983444214,
    0.46880000829696655,
    0.46723198890686035,
    0.4652479887008667,
    0.46560001373291016,
    0.46716800332069397,
    0.4641279876232147,
    0.46515199542045593,
    0.4665600061416626,
    0.4682239890098572,
    0.47433599829673767,
    0.4650239944458008,
    0.46566399931907654,
    0.4673599898815155,
    0.4659839868545532,
    0.46697598695755005,
    0.46457600593566895,
    0.46566399931907654,
    0.46403199434280396,
    0.4654400050640106,
    0.4670400023460388,
    0.46726399660110474,
    0.4633280038833618,
    0.4636799991130829,
    0.465503990650177,
    0.46614399552345276,
    0.46403199434280396,
    0.4645119905471802,
    0.4658240079879761,
    0.4668160080909729,
    0.46537598967552185,
    0.4636479914188385,
    0.4734399914741516,
    0.46563199162483215,
    0.4749760031700134,
    0.4721600115299225,
    0.46592000126838684
  ]
}