{
  "label": "nv_gpt2",
  "num_cells": 8,
  "graph_mode": 1,
  "mode": "GRAPH",
  "mean_ms": 0.4887641578912735,
  "per_cell_ms": 0.061095519736409185,
  "p95_ms": 0.5511199817061421,
  "p99_ms": 0.8861174428462981,
  "miss_1ms": 0.0,
  "raw": [
    0.4657599925994873,
    0.4678719937801361,
    0.4676159918308258,
    0.4689599871635437,
    0.4676479995250702,
    0.4747200012207031,
    0.466623991727829,
    0.46937599778175354,
    0.46883198618888855,
    0.8474879860877991,
    0.46691200137138367,
    0.47231999039649963,
    0.4718399941921234,
    0.470304012298584,
    0.4684799909591675,
    0.46854400634765625,
    0.4707840085029602,
    0.47763198614120483,
    0.468095988035202,
    0.4652160108089447,
    0.4662719964981079,
    0.46959999203681946,
    0.4689919948577881,
    0.9232320189476013,
    0.46646401286125183,
    0.4695039987564087,
    0.46905601024627686,
    0.4661119878292084,
    0.466048002243042,
    0.47859200835227966,
    0.46646401286125183,
    0.4681920111179352,
    0.46857601404190063,
    0.46614399552345276,
    0.4670400023460388,
    0.46697598695755005,
    0.4678719937801361,
    0.4668479859828949,
    0.4747839868068695,
    0.47062399983406067,
    0.46700799465179443,
    0.4781759977340698,
    0.4657920002937317,
    0.46588799357414246,
    0.47948798537254333,
    0.47062399983406067,
    0.47625601291656494,
    0.4670720100402832,
    0.4657599925994873,
    0.6097279787063599
  ]
}