{
  "label": "s1n_baseline",
  "num_cells": 8,
  "graph_mode": 1,
  "mode": "GRAPH",
  "mean_ms": 0.5500544047355652,
  "per_cell_ms": 0.06875680059194565,
  "p95_ms": 0.5542752176523209,
  "p99_ms": 0.5551705628633499,
  "miss_1ms": 0.0,
  "raw": [
    0.5525760054588318,
    0.5454080104827881,
    0.551967978477478,
    0.5432320237159729,
    0.543071985244751,
    0.5507839918136597,
    0.5458880066871643,
    0.5506560206413269,
    0.5550400018692017,
    0.5453760027885437,
    0.5528640151023865,
    0.5520960092544556,
    0.550432026386261,
    0.5511680245399475,
    0.5512639880180359,
    0.5504000186920166,
    0.551904022693634,
    0.5531839728355408,
    0.5513280034065247,
    0.5511360168457031,
    0.555296003818512,
    0.5500800013542175,
    0.5522239804267883,
    0.5431039929389954,
    0.5526080131530762,
    0.5461120009422302,
    0.5504000186920166,
    0.5503680109977722,
    0.5505599975585938,
    0.5511680245399475,
    0.5510720014572144,
    0.5444160103797913,
    0.5500479936599731,
    0.5515519976615906,
    0.5505599975585938,
    0.5429760217666626,
    0.5497279763221741,
    0.5509759783744812,
    0.543936014175415,
    0.5501120090484619,
    0.5512959957122803,
    0.5506560206413269,
    0.5504639744758606,
    0.5507519841194153,
    0.5538880228996277,
    0.5509120225906372,
    0.5513920187950134,
    0.5503039956092834,
    0.5545920133590698,
    0.5513920187950134
  ]
}