{
  "label": "thresh_hbm_4.0GB",
  "stats": {
    "name": "thresh_hbm_4.0GB",
    "count": 100,
    "mean_ms": 48.73030982971191,
    "std_ms": 2.9055341221526643,
    "p50_ms": 50.056846618652344,
    "p95_ms": 54.61444606781006,
    "p99_ms": 54.73606361389161,
    "min_ms": 40.970272064208984,
    "max_ms": 56.665374755859375,
    "jitter": 0.059624782446613914
  },
  "miss_1ms": 1.0,
  "raw": [
    50.20492935180664,
    45.53120040893555,
    50.18582534790039,
    45.52790451049805,
    52.26233673095703,
    50.10569763183594,
    56.665374755859375,
    45.52793502807617,
    52.1253776550293,
    45.527488708496094,
    45.628990173339844,
    50.04851150512695,
    45.684288024902344,
    45.565696716308594,
    52.25894546508789,
    50.09209442138672,
    47.8502082824707,
    45.50492858886719,
    47.857086181640625,
    45.525630950927734,
    50.18479919433594,
    50.09916687011719,
    50.17359924316406,
    50.06550216674805,
    45.644927978515625,
    54.619712829589844,
    50.19276809692383,
    50.04073715209961,
    50.16767883300781,
    45.51264190673828,
    50.19996643066406,
    54.626686096191406,
    44.46995162963867,
    50.05945587158203,
    45.62934494018555,
    45.530879974365234,
    49.64585494995117,
    50.039390563964844,
    47.880638122558594,
    50.06476974487305,
    45.70083236694336,
    54.61715316772461,
    50.32915115356445,
    45.56380844116211,
    45.669471740722656,
    50.056190490722656,
    45.66649627685547,
    50.06252670288086,
    50.18617630004883,
    45.52268981933594,
    45.63430404663086,
    50.034912109375,
    50.154624938964844,
    45.52348709106445,
    45.61568069458008,
    50.10313415527344,
    50.175071716308594,
    50.052513122558594,
    54.716575622558594,
    45.70380783081055,
    52.450782775878906,
    45.54182434082031,
    52.127262115478516,
    50.05750274658203,
    47.48080062866211,
    45.52169418334961,
    50.15388870239258,
    50.067134857177734,
    50.21161651611328,
    50.10166549682617,
    50.1828498840332,
    54.61430358886719,
    45.65206527709961,
    50.08534240722656,
    50.16432189941406,
    50.1091194152832,
    50.18268966674805,
    50.069217681884766,
    45.63337707519531,
    40.970272064208984,
    45.626529693603516,
    45.54403305053711,
    45.62451171875,
    50.073280334472656,
    52.39878463745117,
    50.0813102722168,
    52.42176055908203,
    45.504798889160156,
    50.136192321777344,
    50.038814544677734,
    50.20377731323242,
    45.51900863647461,
    45.6295051574707,
    45.52755355834961,
    50.195072174072266,
    45.56012725830078,
    50.160865783691406,
    45.54105758666992,
    50.22073745727539,
    50.02799987792969
  ]
}