{
  "label": "s4n4g_resnet_nid003956_g3",
  "num_cells": 8,
  "graph_mode": 1,
  "mode": "GRAPH",
  "mean_ms": 0.4341030389070511,
  "per_cell_ms": 0.05426287986338139,
  "p95_ms": 0.441279998421669,
  "p99_ms": 0.44515200674533845,
  "miss_1ms": 0.0,
  "raw": [
    0.4331519901752472,
    0.43456000089645386,
    0.4333760142326355,
    0.43324801325798035,
    0.4327999949455261,
    0.43296000361442566,
    0.434143990278244,
    0.4315840005874634,
    0.43215999007225037,
    0.4331519901752472,
    0.43276798725128174,
    0.4435200095176697,
    0.4322879910469055,
    0.43404799699783325,
    0.43276798725128174,
    0.4307200014591217,
    0.43372800946235657,
    0.4327999949455261,
    0.43302398920059204,
    0.4313279986381531,
    0.43187201023101807,
    0.43267199397087097,
    0.43484801054000854,
    0.4328959882259369,
    0.4311999976634979,
    0.435263991355896,
    0.43641600012779236,
    0.4352000057697296,
    0.4349440038204193,
    0.439520001411438,
    0.4331519901752472,
    0.4345279932022095,
    0.4334399998188019,
    0.43558400869369507,
    0.43564799427986145,
    0.4330880045890808,
    0.432096004486084,
    0.43331199884414673,
    0.4349760115146637,
    0.4326080083847046,
    0.4427199959754944,
    0.43251198530197144,
    0.43456000089645386,
    0.4326399862766266,
    0.4320319890975952,
    0.4322560131549835,
    0.4325760006904602,
    0.43296000361442566,
    0.4347839951515198,
    0.4467200040817261
  ]
}