{
  "label": "bora_gpt2",
  "num_cells": 8,
  "graph_mode": 1,
  "mode": "GRAPH",
  "mean_ms": 0.6087411236763001,
  "per_cell_ms": 0.07609264045953751,
  "p95_ms": 0.6507552117109299,
  "p99_ms": 0.7845807892084118,
  "miss_1ms": 0.0,
  "raw": [
    0.5917440056800842,
    0.5925760269165039,
    0.5920320153236389,
    0.5943359732627869,
    0.5925120115280151,
    0.5923839807510376,
    0.592960000038147,
    0.5919359922409058,
    0.5954880118370056,
    0.5946559906005859,
    0.6937599778175354,
    0.5917440056800842,
    0.5922560095787048,
    0.5935999751091003,
    0.5916799902915955,
    0.5910720229148865,
    0.5967360138893127,
    0.5925760269165039,
    0.5932480096817017,
    0.5917440056800842,
    0.6024320125579834,
    0.5954239964485168,
    0.5928320288658142,
    0.5919679999351501,
    0.5908480286598206,
    0.5935680270195007,
    0.5928000211715698,
    0.5923519730567932,
    0.5905920267105103,
    0.5930560231208801,
    0.5927039980888367,
    0.5911679863929749,
    0.5925440192222595,
    0.594111979007721,
    0.5935360193252563,
    0.5921599864959717,
    0.5920000076293945,
    0.6037759780883789,
    0.6233599781990051,
    0.6323840022087097,
    0.6232960224151611,
    0.6250879764556885,
    0.6248319745063782,
    0.5927680134773254,
    0.6378560066223145,
    0.6539520025253296,
    0.6301440000534058,
    0.8718400001525879,
    0.6468480229377747,
    0.627776026725769
  ]
}