{
  "label": "mig32_4n_qwen_nid001541_g3",
  "num_cells": 8,
  "graph_mode": 1,
  "mode": "GRAPH",
  "mean_ms": 0.47078527987003327,
  "per_cell_ms": 0.05884815998375416,
  "p95_ms": 0.47805438935756683,
  "p99_ms": 0.48360032498836514,
  "miss_1ms": 0.0,
  "raw": [
    0.4756479859352112,
    0.47763198614120483,
    0.4763520061969757,
    0.4745280146598816,
    0.47433599829673767,
    0.4771519899368286,
    0.476063996553421,
    0.47443199157714844,
    0.4742720127105713,
    0.47839999198913574,
    0.4695360064506531,
    0.46825599670410156,
    0.4677119851112366,
    0.46825599670410156,
    0.476608008146286,
    0.46560001373291016,
    0.46540799736976624,
    0.4692800045013428,
    0.46851199865341187,
    0.4668160080909729,
    0.466048002243042,
    0.4676479995250702,
    0.47302401065826416,
    0.4676800072193146,
    0.46620801091194153,
    0.46675199270248413,
    0.468095988035202,
    0.4764479994773865,
    0.4679679870605469,
    0.4672960042953491,
    0.4683839976787567,
    0.4867520034313202,
    0.466623991727829,
    0.4689919948577881,
    0.46857601404190063,
    0.47094398736953735,
    0.474592000246048,
    0.4700480103492737,
    0.4676159918308258,
    0.46751999855041504,
    0.4676800072193146,
    0.46959999203681946,
    0.4681600034236908,
    0.4681600034236908,
    0.4676479995250702,
    0.46806401014328003,
    0.468639999628067,
    0.4679679870605469,
    0.480320006608963,
    0.4710080027580261
  ]
}