{
  "label": "mig32_4n_base_nid001536_g3",
  "num_cells": 8,
  "graph_mode": 1,
  "mode": "GRAPH",
  "mean_ms": 0.4679199981689453,
  "per_cell_ms": 0.05848999977111816,
  "p95_ms": 0.4711632072925568,
  "p99_ms": 0.47387710720300674,
  "miss_1ms": 0.0,
  "raw": [
    0.4681920111179352,
    0.47279998660087585,
    0.46851199865341187,
    0.46694400906562805,
    0.46777600049972534,
    0.4687039852142334,
    0.4689599871635437,
    0.47491198778152466,
    0.4662399888038635,
    0.47094398736953735,
    0.4676159918308258,
    0.4712640047073364,
    0.4681279957294464,
    0.4676800072193146,
    0.4679679870605469,
    0.4668479859828949,
    0.4675840139389038,
    0.468095988035202,
    0.46777600049972534,
    0.4670720100402832,
    0.4710080027580261,
    0.4662399888038635,
    0.46697598695755005,
    0.46825599670410156,
    0.4646719992160797,
    0.47043201327323914,
    0.4671039879322052,
    0.466623991727829,
    0.4673919975757599,
    0.46672001481056213,
    0.4663040041923523,
    0.4657280147075653,
    0.4710400104522705,
    0.46835198998451233,
    0.46540799736976624,
    0.46643200516700745,
    0.4705600142478943,
    0.469215989112854,
    0.4700160026550293,
    0.46675199270248413,
    0.46672001481056213,
    0.46828800439834595,
    0.4675520062446594,
    0.46537598967552185,
    0.465472012758255,
    0.46774399280548096,
    0.46908798813819885,
    0.46665599942207336,
    0.46399998664855957,
    0.46585598587989807
  ]
}