{
  "label": "sm20_1cell_with72b",
  "sm_pct": 20,
  "stats": {
    "name": "sm20_1cell_with72b",
    "count": 100,
    "mean_ms": 1.9361961781978607,
    "std_ms": 3.3577215214903466,
    "p50_ms": 1.0495520234107971,
    "p95_ms": 5.625651144981384,
    "p99_ms": 12.330256338119598,
    "min_ms": 0.8184319734573364,
    "max_ms": 29.942752838134766,
    "jitter": 1.7341845621323293
  },
  "miss_1ms": 0.63,
  "raw": [
    1.0468480587005615,
    0.8342080116271973,
    1.1176320314407349,
    0.8278719782829285,
    1.050271987915039,
    0.8353919982910156,
    3.480031967163086,
    1.8333760499954224,
    3.6318719387054443,
    0.8672320246696472,
    1.0401599407196045,
    0.8748480081558228,
    1.0922240018844604,
    0.8661119937896729,
    1.1052800416946411,
    0.8280959725379944,
    1.052351951599121,
    0.8223040103912354,
    1.0398399829864502,
    0.833184003829956,
    1.04966402053833,
    0.8321599960327148,
    1.049056053161621,
    0.8348159790039062,
    1.0446720123291016,
    1.8215999603271484,
    4.58073616027832,
    0.8206719756126404,
    1.117568016052246,
    0.875328004360199,
    1.0472639799118042,
    0.8192960023880005,
    1.1041920185089111,
    0.8706880211830139,
    1.0840320587158203,
    0.8223999738693237,
    1.0920640230178833,
    0.8420799970626831,
    1.0459840297698975,
    0.8236479759216309,
    1.0752960443496704,
    0.8220800161361694,
    1.0731840133666992,
    2.640928030014038,
    12.152352333068848,
    7.914112091064453,
    5.618495941162109,
    3.6746881008148193,
    5.761600017547607,
    3.6829121112823486,
    1.0622719526290894,
    0.8206400275230408,
    1.056607961654663,
    0.8285120129585266,
    1.0526080131530762,
    1.7409600019454956,
    4.495935916900635,
    1.7718080282211304,
    1.0908160209655762,
    0.8683840036392212,
    1.0903680324554443,
    0.8200640082359314,
    1.0425280332565308,
    0.8377919793128967,
    1.0539519786834717,
    0.8290240168571472,
    1.0480639934539795,
    0.8184319734573364,
    1.0851839780807495,
    0.8234879970550537,
    1.0480320453643799,
    0.8680319786071777,
    1.09443199634552,
    1.7446399927139282,
    2.9839999675750732,
    1.6389119625091553,
    1.1190400123596191,
    0.8327999711036682,
    1.0742720365524292,
    0.8467519879341125,
    1.0883519649505615,
    0.8473600149154663,
    1.044800043106079,
    0.8715199828147888,
    1.0432640314102173,
    1.0765759944915771,
    1.0494400262832642,
    0.8311039805412292,
    1.0525120496749878,
    0.8288639783859253,
    1.0557440519332886,
    0.8600640296936035,
    2.6243839263916016,
    29.942752838134766,
    4.570271968841553,
    0.8865600228309631,
    1.0507839918136597,
    0.896448016166687,
    1.3848960399627686,
    10.052864074707031
  ]
}