{
  "label": "s4n4g_neuralrx_nid003953_g2",
  "num_cells": 8,
  "graph_mode": 1,
  "mode": "GRAPH",
  "mean_ms": 0.43508287966251374,
  "per_cell_ms": 0.05438535995781422,
  "p95_ms": 0.4392959997057915,
  "p99_ms": 0.44415007531642914,
  "miss_1ms": 0.0,
  "raw": [
    0.4344319999217987,
    0.4299840033054352,
    0.4365440011024475,
    0.43510401248931885,
    0.4352000057697296,
    0.43456000089645386,
    0.42924800515174866,
    0.4273279905319214,
    0.43375998735427856,
    0.43615999817848206,
    0.4357759952545166,
    0.4382399916648865,
    0.4336319863796234,
    0.43615999817848206,
    0.435808002948761,
    0.43356800079345703,
    0.43427199125289917,
    0.4354879856109619,
    0.4354560077190399,
    0.44758400321006775,
    0.4338560104370117,
    0.4360319972038269,
    0.4359999895095825,
    0.4355199933052063,
    0.43542400002479553,
    0.4355199933052063,
    0.436383992433548,
    0.4352000057697296,
    0.4344319999217987,
    0.4365760087966919,
    0.4349440038204193,
    0.4331519901752472,
    0.4365760087966919,
    0.43456000089645386,
    0.4357759952545166,
    0.4333440065383911,
    0.4307520091533661,
    0.4365119934082031,
    0.4343999922275543,
    0.434112012386322,
    0.4339520037174225,
    0.43507200479507446,
    0.4405759871006012,
    0.4333440065383911,
    0.43487998843193054,
    0.43510401248931885,
    0.4357120096683502,
    0.434143990278244,
    0.43382400274276733,
    0.44016000628471375
  ]
}