{
  "label": "gintf_graph_baseline",
  "num_cells": 8,
  "graph_mode": 1,
  "mode": "GRAPH",
  "mean_ms": 0.5509836733341217,
  "per_cell_ms": 0.06887295916676521,
  "p95_ms": 0.5544927835464477,
  "p99_ms": 0.5562483084201812,
  "miss_1ms": 0.0,
  "raw": [
    0.5502399802207947,
    0.5515519976615906,
    0.5514879822731018,
    0.551584005355835,
    0.5507519841194153,
    0.5511360168457031,
    0.5516800284385681,
    0.5509439706802368,
    0.5500479936599731,
    0.5517759919166565,
    0.5464959740638733,
    0.5511999726295471,
    0.5498239994049072,
    0.5524479746818542,
    0.5526720285415649,
    0.5505920052528381,
    0.5505920052528381,
    0.5523840188980103,
    0.554751992225647,
    0.5508800148963928,
    0.5517439842224121,
    0.5511999726295471,
    0.5541759729385376,
    0.5502079725265503,
    0.5533760190010071,
    0.551967978477478,
    0.5505920052528381,
    0.550495982170105,
    0.5519999861717224,
    0.5512319803237915,
    0.550495982170105,
    0.5426239967346191,
    0.5503360033035278,
    0.551360011100769,
    0.5515519976615906,
    0.5495679974555969,
    0.5398399829864502,
    0.5499839782714844,
    0.5537599921226501,
    0.5494400262832642,
    0.5477439761161804,
    0.5492159724235535,
    0.5550079941749573,
    0.5495039820671082,
    0.5511999726295471,
    0.5574399828910828,
    0.5540800094604492,
    0.553600013256073,
    0.549344003200531,
    0.553056001663208
  ]
}