{
  "label": "thresh_baseline_final",
  "stats": {
    "name": "thresh_baseline_final",
    "count": 100,
    "mean_ms": 2.132894715666771,
    "std_ms": 2.7551124419484943,
    "p50_ms": 1.0671200156211853,
    "p95_ms": 7.904472160339355,
    "p99_ms": 13.90629568099977,
    "min_ms": 0.838591992855072,
    "max_ms": 16.832735061645508,
    "jitter": 1.2917245383521943
  },
  "miss_1ms": 0.63,
  "raw": [
    1.0912319421768188,
    0.845088005065918,
    1.0976959466934204,
    2.995840072631836,
    4.855679988861084,
    3.3730878829956055,
    16.832735061645508,
    0.8451840281486511,
    1.0703999996185303,
    0.8772479891777039,
    1.0986560583114624,
    0.8548799753189087,
    1.062175989151001,
    0.8524479866027832,
    1.0763200521469116,
    0.8517760038375854,
    1.0623040199279785,
    0.8496959805488586,
    1.0700479745864868,
    0.8543679714202881,
    1.0691839456558228,
    4.629119873046875,
    1.0620800256729126,
    2.871328115463257,
    5.812928199768066,
    3.121824026107788,
    5.3094401359558105,
    2.9014720916748047,
    1.0720000267028809,
    0.8504319787025452,
    1.1325759887695312,
    0.8430079817771912,
    1.1172159910202026,
    0.8967679738998413,
    1.097823977470398,
    0.8600640296936035,
    1.0662399530410767,
    0.8408640027046204,
    1.0714240074157715,
    0.8407999873161316,
    1.065567970275879,
    0.8549119830131531,
    1.086624026298523,
    0.8409919738769531,
    7.902304172515869,
    4.321728229522705,
    7.945663928985596,
    3.3990719318389893,
    2.3681600093841553,
    0.863103985786438,
    1.0667200088500977,
    0.842303991317749,
    1.0665279626846313,
    0.8481919765472412,
    1.0628479719161987,
    0.839743971824646,
    1.0627199411392212,
    0.838591992855072,
    1.0691519975662231,
    0.8406080007553101,
    1.080191969871521,
    0.8449919819831848,
    1.0631999969482422,
    0.8444479703903198,
    1.060096025466919,
    2.83951997756958,
    6.9956159591674805,
    9.721088409423828,
    13.87673568725586,
    3.375744104385376,
    1.0619200468063354,
    0.84169602394104,
    1.064736008644104,
    0.8594560027122498,
    1.1394239664077759,
    0.897055983543396,
    1.0776640176773071,
    0.9175999760627747,
    1.102560043334961,
    0.843455970287323,
    1.1343040466308594,
    0.8935679793357849,
    1.0825599431991577,
    0.8414080142974854,
    1.067520022392273,
    0.875328004360199,
    11.025279998779297,
    3.2401599884033203,
    6.848320007324219,
    2.880768060684204,
    1.0708800554275513,
    0.8434240221977234,
    1.1468160152435303,
    0.8436800241470337,
    1.0777920484542847,
    0.879040002822876,
    1.106335997581482,
    0.842848002910614,
    1.0691839456558228,
    0.8440639972686768
  ]
}