{
  "label": "MIG_L1-7g_solo",
  "l1_profile": "7g",
  "ai_profile": null,
  "ai_workload": "none",
  "l1_sm_pct": 100,
  "ai_sm_pct": 0,
  "stats": {
    "name": "RX_MIG_L1-7g_solo",
    "count": 100,
    "mean_ms": 2.111126388311386,
    "std_ms": 2.5287129902026826,
    "p50_ms": 1.1606239676475525,
    "p95_ms": 7.06408791542053,
    "p99_ms": 13.798882198333754,
    "min_ms": 0.8964800238609314,
    "max_ms": 16.55526351928711,
    "jitter": 1.197802748430097
  },
  "miss_1ms": 0.64,
  "raw": [
    1.1656960248947144,
    0.944927990436554,
    1.1997439861297607,
    1.2136319875717163,
    1.15065598487854,
    0.9620800018310547,
    1.2081279754638672,
    0.9487040042877197,
    1.2222720384597778,
    0.931007981300354,
    1.2305920124053955,
    0.902783989906311,
    1.1783360242843628,
    2.7911040782928467,
    7.031807899475098,
    2.943039894104004,
    6.72160005569458,
    2.7343358993530273,
    1.142016053199768,
    0.9361600279808044,
    1.1467839479446411,
    0.9116479754447937,
    1.2095680236816406,
    0.9434559941291809,
    1.2724159955978394,
    0.9480640292167664,
    1.178272008895874,
    0.9022079706192017,
    1.1469119787216187,
    0.9099199771881104,
    1.1465599536895752,
    0.8995839953422546,
    1.1505279541015625,
    1.9924479722976685,
    7.789663791656494,
    1.7777600288391113,
    8.086175918579102,
    3.5303359031677246,
    1.1900479793548584,
    0.9102399945259094,
    1.1632000207901,
    0.9021120071411133,
    1.1360960006713867,
    0.9052479863166809,
    1.2055039405822754,
    0.9398400187492371,
    1.136064052581787,
    0.8995519876480103,
    1.147487998008728,
    0.8964800238609314,
    1.301408052444458,
    0.9039679765701294,
    1.1354559659957886,
    1.9970240592956543,
    5.885951995849609,
    2.8156800270080566,
    7.677408218383789,
    3.4735360145568848,
    1.8998719453811646,
    0.9131839871406555,
    1.1587519645690918,
    0.9260159730911255,
    1.140768051147461,
    0.9236479997634888,
    1.1624959707260132,
    0.8969600200653076,
    1.1884479522705078,
    0.9319999814033508,
    1.1664320230484009,
    0.9013760089874268,
    1.2059199810028076,
    0.9467840194702148,
    1.1546239852905273,
    0.8998720049858093,
    4.759744167327881,
    2.8396480083465576,
    16.55526351928711,
    3.429824113845825,
    6.043615818023682,
    0.9105600118637085,
    1.1696640253067017,
    0.9520639777183533,
    1.1671359539031982,
    0.9374079704284668,
    1.190783977508545,
    0.9546560049057007,
    1.163167953491211,
    0.9279040098190308,
    1.2014080286026,
    0.9418240189552307,
    1.1433600187301636,
    0.9003840088844299,
    1.205183982849121,
    0.9272000193595886,
    4.631231784820557,
    3.0367040634155273,
    5.769951820373535,
    3.0728321075439453,
    13.771039962768555,
    0.9696959853172302
  ]
}