{
  "label": "s4n4g_baseline_nid003952_g2",
  "num_cells": 8,
  "graph_mode": 1,
  "mode": "GRAPH",
  "mean_ms": 0.4349344003200531,
  "per_cell_ms": 0.05436680004000664,
  "p95_ms": 0.4374944016337395,
  "p99_ms": 0.4404345533251762,
  "miss_1ms": 0.0,
  "raw": [
    0.4345279932022095,
    0.43769600987434387,
    0.43584001064300537,
    0.4350399971008301,
    0.43430399894714355,
    0.43724799156188965,
    0.43593600392341614,
    0.4360319972038269,
    0.4365440011024475,
    0.43696001172065735,
    0.43532800674438477,
    0.4357759952545166,
    0.43347200751304626,
    0.43584001064300537,
    0.43587198853492737,
    0.4342400133609772,
    0.43430399894714355,
    0.4368959963321686,
    0.4359680116176605,
    0.43516799807548523,
    0.4413439929485321,
    0.4360640048980713,
    0.4355520009994507,
    0.43379199504852295,
    0.43219199776649475,
    0.43558400869369507,
    0.4394879937171936,
    0.434112012386322,
    0.43404799699783325,
    0.4342080056667328,
    0.4344319999217987,
    0.4334399998188019,
    0.43347200751304626,
    0.4350399971008301,
    0.43350398540496826,
    0.43331199884414673,
    0.43139201402664185,
    0.434688001871109,
    0.43404799699783325,
    0.4315840005874634,
    0.4347839951515198,
    0.43564799427986145,
    0.43375998735427856,
    0.43241599202156067,
    0.4360319972038269,
    0.4344319999217987,
    0.4342400133609772,
    0.43296000361442566,
    0.4331519901752472,
    0.4350079894065857
  ]
}