{
  "label": "g40_resnet128",
  "num_cells": 20,
  "num_tx": 4,
  "num_rx": 4,
  "mcs": 2,
  "hbm_pct": 53.3,
  "stats": {
    "name": "g40_resnet128",
    "count": 100,
    "mean_ms": 61.79242279291153,
    "std_ms": 5.342912382556231,
    "p50_ms": 61.68046361207962,
    "p95_ms": 69.84550528526306,
    "p99_ms": 71.45455841422081,
    "min_ms": 52.99814426898956,
    "max_ms": 72.93702375888824,
    "jitter": 0.08646549432868554
  },
  "miss_1ms": 1.0,
  "raw": [
    69.06899178028107,
    55.8174729347229,
    69.03667199611664,
    56.03600001335144,
    65.51427161693573,
    58.67171239852905,
    64.11852788925171,
    62.91289579868317,
    61.45750367641449,
    64.22179186344147,
    58.643232107162476,
    69.22668755054474,
    53.44899249076843,
    72.93702375888824,
    58.34348785877228,
    69.68777632713318,
    53.7550083398819,
    67.01673603057861,
    57.21110439300537,
    58.68457567691803,
    63.92499256134033,
    53.43548834323883,
    71.43958401679993,
    55.36841607093811,
    67.4397120475769,
    59.07667148113251,
    65.53078472614288,
    60.66409623622894,
    61.90342354774475,
    64.75936007499695,
    63.40944004058838,
    61.99452793598175,
    57.173856019973755,
    67.08006429672241,
    54.13119971752167,
    67.44345664978027,
    59.083839893341064,
    69.00630450248718,
    56.81171178817749,
    63.116960763931274,
    60.79519987106323,
    55.37667179107666,
    69.13455998897552,
    54.899839997291565,
    70.12947189807892,
    56.281311988830566,
    67.49561643600464,
    58.7503365278244,
    66.31724917888641,
    59.05145573616028,
    59.39027202129364,
    64.55046463012695,
    53.20591986179352,
    69.89235270023346,
    55.429887771606445,
    65.59366416931152,
    58.948896408081055,
    60.03171157836914,
    64.01827192306519,
    59.638336062431335,
    66.53868734836578,
    53.60550379753113,
    67.7433922290802,
    55.56147253513336,
    63.69369614124298,
    62.551135659217834,
    54.35215997695923,
    68.03772842884064,
    56.40787196159363,
    70.21596884727478,
    55.055424213409424,
    68.77350437641144,
    55.895007967948914,
    63.80249631404877,
    61.92927956581116,
    57.23740780353546,
    66.91951906681061,
    54.290751934051514,
    67.40003216266632,
    58.27791941165924,
    66.36537671089172,
    58.90220808982849,
    60.09180796146393,
    64.03743922710419,
    53.494303941726685,
    69.84303963184357,
    54.47596824169159,
    66.39712047576904,
    58.909151911735535,
    60.06575953960419,
    63.92281675338745,
    52.99814426898956,
    69.59139263629913,
    56.029120087623596,
    65.61561584472656,
    60.617632150650024,
    67.39462375640869,
    58.95731234550476,
    60.27516758441925,
    65.43347263336182
  ]
}