{
  "label": "mn72b_baseline_final",
  "stats": {
    "name": "mn72b_baseline_final",
    "count": 100,
    "mean_ms": 1.9694787126779556,
    "std_ms": 2.173043171520129,
    "p50_ms": 1.0413920283317566,
    "p95_ms": 7.654423809051513,
    "p99_ms": 8.132237453460695,
    "min_ms": 0.81632000207901,
    "max_ms": 8.342687606811523,
    "jitter": 1.1033595628791444
  },
  "miss_1ms": 0.61,
  "raw": [
    1.0431679487228394,
    0.8250560164451599,
    1.0879039764404297,
    0.82259202003479,
    1.0723520517349243,
    0.8275520205497742,
    1.045375943183899,
    0.8199679851531982,
    1.0420160293579102,
    0.8200960159301758,
    1.0389440059661865,
    0.8284800052642822,
    7.899968147277832,
    1.5895359516143799,
    7.647103786468506,
    2.955615997314453,
    1.0486719608306885,
    0.8313599824905396,
    1.1048320531845093,
    0.8607360124588013,
    1.083456039428711,
    0.8670079708099365,
    1.0384000539779663,
    0.8286719918251038,
    1.114240050315857,
    0.81632000207901,
    1.050879955291748,
    0.8277440071105957,
    1.1003520488739014,
    0.8185279965400696,
    1.0438079833984375,
    0.8198720216751099,
    7.107744216918945,
    3.1710081100463867,
    7.919712066650391,
    3.1728639602661133,
    7.077087879180908,
    0.8696320056915283,
    1.0435839891433716,
    0.8177919983863831,
    1.0555839538574219,
    0.8199679851531982,
    1.0425280332565308,
    0.8195199966430664,
    1.035423994064331,
    0.8755840063095093,
    3.756767988204956,
    4.792416095733643,
    5.803775787353516,
    3.4202880859375,
    7.793504238128662,
    0.844864010810852,
    1.0498559474945068,
    0.8369280099868774,
    1.0340160131454468,
    0.8221120238304138,
    1.0913920402526855,
    0.8294399976730347,
    1.047935962677002,
    0.825439989566803,
    1.034175992012024,
    0.8164479732513428,
    1.0349119901657104,
    0.8219199776649475,
    1.040768027305603,
    0.8684160113334656,
    1.0351999998092651,
    1.723039984703064,
    7.4771199226379395,
    8.342687606811523,
    6.927455902099609,
    2.8545920848846436,
    1.051200032234192,
    0.8260800242424011,
    1.0491199493408203,
    0.8295360207557678,
    1.1042879819869995,
    0.819648027420044,
    1.3111040592193604,
    0.8316159844398499,
    1.1205439567565918,
    0.8260160088539124,
    1.039199948310852,
    0.8190400004386902,
    1.06496000289917,
    0.8187519907951355,
    1.0372799634933472,
    0.8989760279655457,
    8.130111694335938,
    1.2167680263519287,
    7.627359867095947,
    3.353663921356201,
    3.226111888885498,
    0.8223680257797241,
    1.0397759675979614,
    0.8406400084495544,
    1.0591679811477661,
    0.8717759847640991,
    1.1168320178985596,
    0.8218240141868591
  ]
}