{
  "label": "conc_sm14",
  "num_cells": 20,
  "num_tx": 4,
  "num_rx": 4,
  "mcs": 2,
  "concurrent": true,
  "hbm_pct": 43.2,
  "stats": {
    "mean_ms": 16.40600827217102,
    "p50_ms": 15.090975761413574,
    "p95_ms": 19.199461078643797,
    "p99_ms": 49.10550415039067,
    "jitter": 0.35282094425715943
  },
  "miss_1ms": 1.0,
  "raw": [
    17.505151748657227,
    19.1909122467041,
    26.8351993560791,
    15.052191734313965,
    15.600447654724121,
    15.10972785949707,
    15.180159568786621,
    15.231231689453125,
    15.247296333312988,
    15.247232437133789,
    15.211935997009277,
    16.324159622192383,
    15.20041561126709,
    17.804031372070312,
    15.55020809173584,
    15.037919998168945,
    15.2391357421875,
    15.20854377746582,
    15.08556842803955,
    15.174528121948242,
    16.474271774291992,
    15.04201602935791,
    15.165696144104004,
    15.143136024475098,
    16.23628807067871,
    17.03772735595703,
    15.085503578186035,
    15.133503913879395,
    15.248703956604004,
    15.195743560791016,
    15.090975761413574,
    15.224896430969238,
    15.238304138183594,
    15.20678424835205,
    15.103679656982422,
    15.092991828918457,
    58.88838577270508,
    15.81708812713623,
    15.123040199279785,
    15.196288108825684,
    14.97100830078125,
    15.068096160888672,
    14.837759971618652,
    14.72822380065918,
    15.075455665588379,
    15.117152214050293,
    14.93337631225586,
    15.743136405944824,
    17.234943389892578,
    14.797663688659668,
    14.884544372558594,
    14.883744239807129,
    14.903807640075684,
    15.148063659667969,
    15.060511589050293,
    15.183039665222168,
    15.090975761413574,
    14.787551879882812,
    14.886528015136719,
    49.00668716430664,
    30.235071182250977,
    15.053279876708984,
    15.055007934570312,
    15.0829439163208,
    15.003935813903809,
    14.846303939819336,
    14.878303527832031,
    15.078656196594238,
    15.066752433776855,
    15.02393627166748,
    15.597536087036133,
    17.20457649230957,
    14.730624198913574,
    14.7192964553833,
    14.921728134155273,
    14.802656173706055,
    14.720959663391113,
    14.832991600036621,
    14.869152069091797,
    14.794816017150879,
    14.754207611083984,
    14.937664031982422,
    16.940223693847656,
    16.269887924194336,
    14.862015724182129,
    14.797887802124023,
    14.794560432434082,
    14.774720191955566,
    14.731743812561035,
    18.607807159423828,
    15.170463562011719,
    15.004128456115723,
    14.909695625305176,
    15.712287902832031,
    19.361888885498047,
    15.043231964111328,
    14.846624374389648,
    14.78486442565918,
    14.822527885437012,
    14.832575798034668
  ]
}