{
  "label": "s1n_neuralrx",
  "num_cells": 8,
  "graph_mode": 1,
  "mode": "GRAPH",
  "mean_ms": 0.9323430371284485,
  "per_cell_ms": 0.11654287964105606,
  "p95_ms": 1.0498303592205047,
  "p99_ms": 1.0952409589290617,
  "miss_1ms": 0.32,
  "raw": [
    1.02675199508667,
    0.8898239731788635,
    0.9882879853248596,
    0.9607359766960144,
    1.0252480506896973,
    0.8652160167694092,
    0.9996479749679565,
    0.689087986946106,
    0.8696640133857727,
    1.0454720258712769,
    0.9536640048027039,
    1.0479999780654907,
    0.9611200094223022,
    0.8754879832267761,
    0.9436799883842468,
    1.039680004119873,
    0.7069759964942932,
    0.8819199800491333,
    1.015712022781372,
    0.945792019367218,
    1.0451840162277222,
    0.874239981174469,
    0.9881280064582825,
    0.9547520279884338,
    1.067039966583252,
    0.8879039883613586,
    0.9374079704284668,
    0.697376012802124,
    0.8843839764595032,
    1.046623945236206,
    0.953279972076416,
    1.0438719987869263,
    0.8757759928703308,
    1.1223360300064087,
    0.8790079951286316,
    1.0227199792861938,
    0.9743360280990601,
    0.921504020690918,
    0.8831679821014404,
    1.043552041053772,
    0.8707519769668579,
    1.0513279438018799,
    0.9650239944458008,
    1.0349760055541992,
    0.6994240283966064,
    0.9011200070381165,
    1.0020480155944824,
    0.6902719736099243,
    0.7020800113677979,
    0.8655679821968079
  ]
}