{
  "label": "m4n_full_nid001757_g1",
  "num_cells": 8,
  "graph_mode": 1,
  "mode": "GRAPH",
  "mean_ms": 1.7199795258045196,
  "per_cell_ms": 0.21499744072556495,
  "p95_ms": 1.906491184234619,
  "p99_ms": 9.288883438110352,
  "miss_1ms": 0.88,
  "raw": [
    1.4261759519577026,
    1.4363199472427368,
    1.4142400026321411,
    1.442463994026184,
    1.4283839464187622,
    1.4389760494232178,
    9.284640312194824,
    1.4540799856185913,
    1.4204800128936768,
    1.4099520444869995,
    1.4164479970932007,
    1.420639991760254,
    1.4294400215148926,
    1.9120639562606812,
    0.9793599843978882,
    1.461184024810791,
    1.4141759872436523,
    1.63155198097229,
    1.3958079814910889,
    1.4636479616165161,
    1.8549760580062866,
    1.0025919675827026,
    0.9859200119972229,
    1.4504319429397583,
    1.4331200122833252,
    1.8996800184249878,
    1.7523200511932373,
    0.9992960095405579,
    1.4190080165863037,
    1.384511947631836,
    1.4322240352630615,
    1.4401600360870361,
    1.4253120422363281,
    1.441375970840454,
    1.4479999542236328,
    1.4456959962844849,
    1.4101439714431763,
    1.4445760250091553,
    9.292960166931152,
    1.4451199769973755,
    1.407871961593628,
    0.9624639749526978,
    1.4434239864349365,
    0.9601600170135498,
    1.4407039880752563,
    1.4425599575042725,
    1.4112319946289062,
    1.452672004699707,
    0.9569600224494934,
    1.4334720373153687
  ]
}