{
  "label": "real_matmul_high",
  "num_cells": 8,
  "num_tx": 4,
  "num_rx": 4,
  "mcs": 2,
  "hbm_pct": 23.6,
  "stats": {
    "name": "real_matmul_high",
    "count": 100,
    "mean_ms": 136.57324129104614,
    "std_ms": 0.808970537620583,
    "p50_ms": 136.4727840423584,
    "p95_ms": 137.94902582168578,
    "p99_ms": 138.69422855377198,
    "min_ms": 134.66073417663574,
    "max_ms": 140.77769470214844,
    "jitter": 0.005923345817769793
  },
  "miss_1ms": 1.0,
  "raw": [
    136.28352165222168,
    135.46739196777344,
    136.48115348815918,
    136.47065544128418,
    137.76361656188965,
    136.93481636047363,
    135.5734100341797,
    135.90444564819336,
    135.97424125671387,
    136.4748477935791,
    136.4833927154541,
    137.34694480895996,
    137.09148788452148,
    136.44790649414062,
    135.74899101257324,
    136.12841606140137,
    136.73161506652832,
    135.52492713928223,
    136.64112091064453,
    137.51958465576172,
    140.77769470214844,
    135.7408962249756,
    136.47993659973145,
    136.46825790405273,
    136.3635540008545,
    136.51168251037598,
    136.69260787963867,
    136.47001457214355,
    136.1378574371338,
    136.32012748718262,
    136.46486473083496,
    136.48508834838867,
    136.4728946685791,
    136.45974731445312,
    136.46947479248047,
    138.29305458068848,
    135.5596466064453,
    136.54562759399414,
    136.0558376312256,
    136.4465618133545,
    136.4700164794922,
    136.5445785522461,
    138.178560256958,
    136.39728164672852,
    136.47235298156738,
    135.9795207977295,
    136.4804801940918,
    136.4815673828125,
    136.46438598632812,
    137.82003021240234,
    136.12070083618164,
    136.4620475769043,
    136.31907272338867,
    135.8714542388916,
    136.47248077392578,
    136.48262405395508,
    138.14051055908203,
    136.55456161499023,
    136.49715042114258,
    136.4714870452881,
    135.23196601867676,
    136.47420501708984,
    136.48166465759277,
    137.46707344055176,
    137.23820877075195,
    136.46454238891602,
    136.3538875579834,
    136.22220611572266,
    136.5023365020752,
    135.67353439331055,
    137.05279922485352,
    137.1543674468994,
    137.69852828979492,
    135.56281852722168,
    136.3573112487793,
    136.47250938415527,
    136.4830722808838,
    136.48899269104004,
    137.0716781616211,
    137.86128044128418,
    136.94748497009277,
    135.1523208618164,
    136.4976634979248,
    136.4726734161377,
    136.50189018249512,
    136.46892929077148,
    138.6731834411621,
    136.5544319152832,
    135.20882987976074,
    136.23379135131836,
    136.47206497192383,
    136.48860931396484,
    136.47936058044434,
    137.9389476776123,
    137.74559783935547,
    137.2348804473877,
    134.66073417663574,
    135.46031761169434,
    136.45036697387695,
    136.48028945922852
  ]
}