{
  "label": "q32b4n_baseline_nid001764_g2",
  "num_cells": 8,
  "graph_mode": 1,
  "mode": "GRAPH",
  "mean_ms": 0.4333228814601898,
  "per_cell_ms": 0.05416536018252373,
  "p95_ms": 0.4363744005560875,
  "p99_ms": 0.44075008302927016,
  "miss_1ms": 0.0,
  "raw": [
    0.43296000361442566,
    0.4282880127429962,
    0.4344319999217987,
    0.4355199933052063,
    0.4352959990501404,
    0.43584001064300537,
    0.4346559941768646,
    0.43516799807548523,
    0.43139201402664185,
    0.4336000084877014,
    0.4331519901752472,
    0.4325760006904602,
    0.4315840005874634,
    0.43590399622917175,
    0.43401598930358887,
    0.43398401141166687,
    0.43324801325798035,
    0.43401598930358887,
    0.4307520091533661,
    0.43193599581718445,
    0.43113601207733154,
    0.4320639967918396,
    0.4355520009994507,
    0.43116798996925354,
    0.43007999658584595,
    0.43612799048423767,
    0.43347200751304626,
    0.43215999007225037,
    0.432096004486084,
    0.4322560131549835,
    0.43321600556373596,
    0.43161600828170776,
    0.43059200048446655,
    0.4325439929962158,
    0.43296000361442566,
    0.4320639967918396,
    0.43190398812294006,
    0.43222400546073914,
    0.43302398920059204,
    0.4312320053577423,
    0.43136000633239746,
    0.43379199504852295,
    0.4430080056190491,
    0.4313279986381531,
    0.4314559996128082,
    0.43510401248931885,
    0.438400000333786,
    0.4365760087966919,
    0.4342400133609772,
    0.43507200479507446
  ]
}