{
  "label": "MIG_L1-7g_solo",
  "l1_profile": "7g",
  "ai_profile": null,
  "ai_workload": "none",
  "l1_sm_pct": 100,
  "ai_sm_pct": 0,
  "stats": {
    "name": "RX_MIG_L1-7g_solo",
    "count": 100,
    "mean_ms": 2.185052472949028,
    "std_ms": 2.506440371913475,
    "p50_ms": 1.1463199853897095,
    "p95_ms": 7.7647165775299065,
    "p99_ms": 9.244557628631625,
    "min_ms": 0.8878719806671143,
    "max_ms": 15.667455673217773,
    "jitter": 1.1470847510269124
  },
  "miss_1ms": 0.64,
  "raw": [
    1.1429760456085205,
    1.1417280435562134,
    1.1577279567718506,
    0.9428160190582275,
    1.2052479982376099,
    0.9496639966964722,
    1.1283199787139893,
    0.8928959965705872,
    1.357759952545166,
    0.9238399863243103,
    1.1431679725646973,
    2.4667201042175293,
    7.6802239418029785,
    3.012063980102539,
    6.069439888000488,
    2.9536640644073486,
    1.2030080556869507,
    0.9445120096206665,
    1.1803840398788452,
    0.909824013710022,
    1.193984031677246,
    0.8901439905166626,
    1.1776000261306763,
    0.9298880100250244,
    1.2079039812088013,
    0.8967999815940857,
    1.1413439512252808,
    0.8957759737968445,
    1.156000018119812,
    0.9724159836769104,
    1.162559986114502,
    0.9077759981155396,
    4.184703826904297,
    5.134016036987305,
    6.154304027557373,
    2.8268799781799316,
    8.785504341125488,
    0.9442239999771118,
    1.1417920589447021,
    0.8878719806671143,
    1.1683839559555054,
    0.9520959854125977,
    1.1810879707336426,
    0.9619200229644775,
    1.1389119625091553,
    0.9424639940261841,
    1.1791679859161377,
    0.8970879912376404,
    1.1566400527954102,
    0.8906880021095276,
    1.1899199485778809,
    0.9176639914512634,
    1.145535945892334,
    1.9506239891052246,
    7.758815765380859,
    3.3203840255737305,
    15.667455673217773,
    1.7039680480957031,
    1.1915839910507202,
    0.8928959965705872,
    1.2108160257339478,
    0.8948479890823364,
    1.1355199813842773,
    0.9111040234565735,
    1.8174400329589844,
    0.9064000248908997,
    1.133952021598816,
    0.8954240083694458,
    1.1564160585403442,
    0.9170560240745544,
    1.207584023475647,
    0.893343985080719,
    1.1355839967727661,
    2.145024061203003,
    7.876832008361816,
    4.687647819519043,
    7.895455837249756,
    3.1566720008850098,
    1.13372802734375,
    0.8941119909286499,
    1.136064052581787,
    0.8916159868240356,
    1.1331199407577515,
    0.9103040099143982,
    1.147104024887085,
    0.9087679982185364,
    1.147487998008728,
    0.900704026222229,
    1.160159945487976,
    0.8915200233459473,
    9.179679870605469,
    3.186527967453003,
    6.542655944824219,
    7.349152088165283,
    7.614336013793945,
    0.9437119960784912,
    1.2373119592666626,
    0.9364799857139587,
    1.1617599725723267,
    0.9170560240745544
  ]
}