{
  "label": "q32b2n_baseline_nid001640_g0",
  "num_cells": 8,
  "graph_mode": 1,
  "mode": "GRAPH",
  "mean_ms": 0.43540351927280424,
  "per_cell_ms": 0.05442543990910053,
  "p95_ms": 0.4387023910880089,
  "p99_ms": 0.4399551972746849,
  "miss_1ms": 0.0,
  "raw": [
    0.4344959855079651,
    0.43670400977134705,
    0.44089600443840027,
    0.43619200587272644,
    0.4345279932022095,
    0.438975989818573,
    0.4359999895095825,
    0.43516799807548523,
    0.43558400869369507,
    0.4360319972038269,
    0.4344640076160431,
    0.43561598658561707,
    0.436383992433548,
    0.43331199884414673,
    0.435808002948761,
    0.435263991355896,
    0.4375680088996887,
    0.4344640076160431,
    0.4338560104370117,
    0.43215999007225037,
    0.43324801325798035,
    0.4363200068473816,
    0.4347200095653534,
    0.4331839978694916,
    0.4333760142326355,
    0.436352014541626,
    0.438975989818573,
    0.43427199125289917,
    0.43299201130867004,
    0.4366399943828583,
    0.4357120096683502,
    0.43532800674438477,
    0.4330880045890808,
    0.4336639940738678,
    0.43350398540496826,
    0.43699198961257935,
    0.4342400133609772,
    0.43775999546051025,
    0.43487998843193054,
    0.4343999922275543,
    0.4383679926395416,
    0.43558400869369507,
    0.4366079866886139,
    0.4334399998188019,
    0.4329279959201813,
    0.43772798776626587,
    0.4355520009994507,
    0.4352959990501404,
    0.4349440038204193,
    0.4366079866886139
  ]
}