{
  "label": "s4n_neuralrx_n3",
  "num_cells": 8,
  "graph_mode": 1,
  "mode": "GRAPH",
  "mean_ms": 0.43290688037872316,
  "per_cell_ms": 0.054113360047340395,
  "p95_ms": 0.4370160087943077,
  "p99_ms": 0.44125375896692276,
  "miss_1ms": 0.0,
  "raw": [
    0.4328959882259369,
    0.43769600987434387,
    0.42716801166534424,
    0.4334079921245575,
    0.43375998735427856,
    0.4347839951515198,
    0.4272319972515106,
    0.4336319863796234,
    0.4323520064353943,
    0.4331839978694916,
    0.4346559941768646,
    0.43692800402641296,
    0.43398401141166687,
    0.4342080056667328,
    0.43459200859069824,
    0.43241599202156067,
    0.4262399971485138,
    0.4370880126953125,
    0.4268159866333008,
    0.4330880045890808,
    0.42556801438331604,
    0.4342080056667328,
    0.43462398648262024,
    0.4331839978694916,
    0.4336639940738678,
    0.4333440065383911,
    0.42899200320243835,
    0.43347200751304626,
    0.43327999114990234,
    0.434688001871109,
    0.4274879992008209,
    0.43267199397087097,
    0.4336960017681122,
    0.42630401253700256,
    0.4330880045890808,
    0.43273600935935974,
    0.43296000361442566,
    0.4339520037174225,
    0.4347200095653534,
    0.43353599309921265,
    0.4368639886379242,
    0.44467198848724365,
    0.4259519875049591,
    0.43331199884414673,
    0.4326080083847046,
    0.43481600284576416,
    0.43401598930358887,
    0.43382400274276733,
    0.43324801325798035,
    0.43372800946235657
  ]
}