{
  "label": "q32b4n_baseline_nid001461_g2",
  "num_cells": 8,
  "graph_mode": 1,
  "mode": "GRAPH",
  "mean_ms": 0.4355718415975571,
  "per_cell_ms": 0.054446480199694634,
  "p95_ms": 0.439094403386116,
  "p99_ms": 0.4419660851359367,
  "miss_1ms": 0.0,
  "raw": [
    0.442656010389328,
    0.44073599576950073,
    0.43568000197410583,
    0.43619200587272644,
    0.4344319999217987,
    0.435232013463974,
    0.43699198961257935,
    0.43398401141166687,
    0.435808002948761,
    0.43584001064300537,
    0.4349440038204193,
    0.4339520037174225,
    0.43375998735427856,
    0.4365440011024475,
    0.4352000057697296,
    0.434688001871109,
    0.4334399998188019,
    0.4359680116176605,
    0.4363200068473816,
    0.4345279932022095,
    0.43404799699783325,
    0.436352014541626,
    0.4367679953575134,
    0.43456000089645386,
    0.4347519874572754,
    0.43615999817848206,
    0.44124799966812134,
    0.43542400002479553,
    0.4341759979724884,
    0.436383992433548,
    0.434688001871109,
    0.4347519874572754,
    0.4347519874572754,
    0.43670400977134705,
    0.43481600284576416,
    0.43356800079345703,
    0.4334399998188019,
    0.4370880126953125,
    0.4365760087966919,
    0.4344640076160431,
    0.435808002948761,
    0.43615999817848206,
    0.435232013463974,
    0.4347200095653534,
    0.4339199960231781,
    0.43593600392341614,
    0.4363200068473816,
    0.43356800079345703,
    0.4344319999217987,
    0.43487998843193054
  ]
}