{
  "label": "s2v4_baseline_nid001456",
  "num_cells": 8,
  "graph_mode": 1,
  "mode": "GRAPH",
  "mean_ms": 0.4336095988750458,
  "per_cell_ms": 0.054201199859380725,
  "p95_ms": 0.4359743967652321,
  "p99_ms": 0.43978431582450866,
  "miss_1ms": 0.0,
  "raw": [
    0.43267199397087097,
    0.4331519901752472,
    0.43276798725128174,
    0.43321600556373596,
    0.4322560131549835,
    0.4344640076160431,
    0.43356800079345703,
    0.4329279959201813,
    0.43273600935935974,
    0.4333440065383911,
    0.4342400133609772,
    0.43164798617362976,
    0.4330559968948364,
    0.43353599309921265,
    0.44176000356674194,
    0.4323199987411499,
    0.4317440092563629,
    0.43327999114990234,
    0.4347519874572754,
    0.4333440065383911,
    0.43190398812294006,
    0.43356800079345703,
    0.4336000084877014,
    0.43273600935935974,
    0.4329279959201813,
    0.43353599309921265,
    0.4344640076160431,
    0.4326399862766266,
    0.43248000741004944,
    0.43433600664138794,
    0.43375998735427856,
    0.43267199397087097,
    0.4326399862766266,
    0.43516799807548523,
    0.43772798776626587,
    0.4336960017681122,
    0.4343680143356323,
    0.43513599038124084,
    0.4333440065383911,
    0.43270400166511536,
    0.43171200156211853,
    0.4331200122833252,
    0.4329279959201813,
    0.43327999114990234,
    0.43401598930358887,
    0.43590399622917175,
    0.4360319972038269,
    0.4320639967918396,
    0.43270400166511536,
    0.4345279932022095
  ]
}