{
  "label": "real_neuralrx_high",
  "num_cells": 8,
  "num_tx": 4,
  "num_rx": 4,
  "mcs": 2,
  "hbm_pct": 23.3,
  "stats": {
    "name": "real_neuralrx_high",
    "count": 100,
    "mean_ms": 11.0167513692379,
    "std_ms": 0.41362044606718895,
    "p50_ms": 10.885392129421234,
    "p95_ms": 11.517428755760193,
    "p99_ms": 13.534302966594696,
    "min_ms": 10.839936137199402,
    "max_ms": 13.550048112869263,
    "jitter": 0.0375446837460762
  },
  "miss_1ms": 1.0,
  "raw": [
    10.893376231193542,
    10.876575946807861,
    11.447936058044434,
    10.911424040794373,
    10.878656148910522,
    11.517215967178345,
    10.990975856781006,
    11.387072086334229,
    10.884895920753479,
    10.869696140289307,
    10.892704010009766,
    10.866336226463318,
    10.879456043243408,
    10.899616122245789,
    10.866367936134338,
    10.871840119361877,
    10.995392084121704,
    11.39737606048584,
    11.511327981948853,
    10.913600087165833,
    10.886080145835876,
    11.550271987915039,
    10.903487920761108,
    11.505088090896606,
    10.885472178459167,
    10.929759979248047,
    10.87932801246643,
    10.899968028068542,
    10.894944071769714,
    10.894271969795227,
    10.88096010684967,
    10.893855929374695,
    10.906815886497498,
    10.8853120803833,
    10.877023935317993,
    13.550048112869263,
    10.883648037910461,
    10.860896110534668,
    10.876479983329773,
    10.889887928962708,
    10.843104004859924,
    10.86134397983551,
    10.880256175994873,
    10.867776036262512,
    10.87990403175354,
    11.474720120429993,
    10.914495944976807,
    10.880640029907227,
    10.859040021896362,
    10.887392044067383,
    10.8782719373703,
    10.88047993183136,
    10.88377594947815,
    10.884960055351257,
    10.881855964660645,
    10.863487958908081,
    10.857855916023254,
    10.839936137199402,
    10.850527882575989,
    10.864447951316833,
    10.871583819389343,
    11.50870406627655,
    10.899776101112366,
    10.895455837249756,
    10.862880110740662,
    10.874847888946533,
    10.900832056999207,
    11.166944026947021,
    11.266207933425903,
    11.57587194442749,
    10.867680072784424,
    10.86297595500946,
    10.864383935928345,
    10.887360095977783,
    10.870784044265747,
    10.897503972053528,
    10.857855916023254,
    10.877087831497192,
    10.871423959732056,
    10.894495844841003,
    11.502367973327637,
    11.521471738815308,
    10.879552125930786,
    10.882784008979797,
    10.895295977592468,
    10.908159852027893,
    10.861248016357422,
    10.888448119163513,
    10.859552025794983,
    10.895103931427002,
    10.870176076889038,
    10.893759965896606,
    10.889375925064087,
    10.896352171897888,
    10.877503991127014,
    13.534143924713135,
    10.904672145843506,
    10.85209608078003,
    10.876351952552795,
    10.892351865768433
  ]
}