{
  "label": "s2v4_baseline_nid001457",
  "num_cells": 8,
  "graph_mode": 1,
  "mode": "GRAPH",
  "mean_ms": 0.4339078384637833,
  "per_cell_ms": 0.05423847980797291,
  "p95_ms": 0.43625120371580123,
  "p99_ms": 0.4400351899862289,
  "miss_1ms": 0.0,
  "raw": [
    0.4328959882259369,
    0.43532800674438477,
    0.43481600284576416,
    0.4342400133609772,
    0.4329279959201813,
    0.43484801054000854,
    0.436352014541626,
    0.4329279959201813,
    0.434143990278244,
    0.4352000057697296,
    0.43375998735427856,
    0.4330880045890808,
    0.4325439929962158,
    0.43433600664138794,
    0.4333760142326355,
    0.43238401412963867,
    0.43276798725128174,
    0.43513599038124084,
    0.43558400869369507,
    0.432096004486084,
    0.43190398812294006,
    0.4366079866886139,
    0.43404799699783325,
    0.4338560104370117,
    0.43248000741004944,
    0.43375998735427856,
    0.4350079894065857,
    0.43219199776649475,
    0.4352000057697296,
    0.43462398648262024,
    0.4342080056667328,
    0.434143990278244,
    0.43238401412963867,
    0.4345279932022095,
    0.43327999114990234,
    0.4323199987411499,
    0.4317759871482849,
    0.43327999114990234,
    0.43612799048423767,
    0.4326399862766266,
    0.4328959882259369,
    0.4346559941768646,
    0.4336000084877014,
    0.43276798725128174,
    0.4318400025367737,
    0.4343680143356323,
    0.44332799315452576,
    0.4327999949455261,
    0.4325760006904602,
    0.4334399998188019
  ]
}