{
  "label": "s4n4g_neuralrx_nid003952_g0",
  "num_cells": 8,
  "graph_mode": 1,
  "mode": "GRAPH",
  "mean_ms": 0.9296780812740326,
  "per_cell_ms": 0.11620976015925408,
  "p95_ms": 1.0390431940555573,
  "p99_ms": 1.051499810218811,
  "miss_1ms": 0.28,
  "raw": [
    0.875711977481842,
    0.8834239840507507,
    0.9109439849853516,
    1.0043200254440308,
    0.6988480091094971,
    0.871999979019165,
    0.990880012512207,
    0.9667840003967285,
    1.0332800149917603,
    0.8738240003585815,
    0.9279040098190308,
    1.0402239561080933,
    1.0177600383758545,
    0.86627197265625,
    0.9340159893035889,
    1.0317440032958984,
    1.037600040435791,
    0.8746240139007568,
    1.005952000617981,
    1.0202879905700684,
    1.0232000350952148,
    0.8761280179023743,
    0.9911680221557617,
    0.9591360092163086,
    1.0419199466705322,
    0.9070079922676086,
    0.9887040257453918,
    0.9684799909591675,
    1.0356800556182861,
    0.8913919925689697,
    0.9910399913787842,
    0.7061120271682739,
    0.7010239958763123,
    0.8772479891777039,
    1.0136640071868896,
    0.8780159950256348,
    0.8875839710235596,
    0.9498559832572937,
    0.8741440176963806,
    1.0350079536437988,
    0.9549440145492554,
    0.8646399974822998,
    0.8863360285758972,
    1.060703992843628,
    0.7068160176277161,
    0.8845760226249695,
    0.985759973526001,
    0.8741440176963806,
    0.879423975944519,
    0.9236479997634888
  ]
}