{
  "label": "mig32_2n_qwen_nid001461_g0",
  "num_cells": 8,
  "graph_mode": 1,
  "mode": "GRAPH",
  "mean_ms": 0.4725727993249893,
  "per_cell_ms": 0.05907159991562366,
  "p95_ms": 0.48867999166250226,
  "p99_ms": 0.5233267253637314,
  "miss_1ms": 0.0,
  "raw": [
    0.516864001750946,
    0.5295360088348389,
    0.4981119930744171,
    0.4696640074253082,
    0.47071999311447144,
    0.4698239862918854,
    0.47065600752830505,
    0.4681279957294464,
    0.4663040041923523,
    0.46854400634765625,
    0.4694719910621643,
    0.4698239862918854,
    0.4671359956264496,
    0.46774399280548096,
    0.4686720073223114,
    0.4713279902935028,
    0.4673599898815155,
    0.4700160026550293,
    0.46880000829696655,
    0.46617600321769714,
    0.4674240052700043,
    0.46806401014328003,
    0.4675840139389038,
    0.46700799465179443,
    0.46540799736976624,
    0.468095988035202,
    0.4696640074253082,
    0.469215989112854,
    0.46777600049972534,
    0.46911999583244324,
    0.4678399860858917,
    0.4675520062446594,
    0.46828800439834595,
    0.4684160053730011,
    0.47014400362968445,
    0.469215989112854,
    0.4702720046043396,
    0.4679679870605469,
    0.468639999628067,
    0.4687359929084778,
    0.46672001481056213,
    0.4761280119419098,
    0.4753600060939789,
    0.4745599925518036,
    0.47516798973083496,
    0.4755200147628784,
    0.4765760004520416,
    0.4771519899368286,
    0.4752959907054901,
    0.4748480021953583
  ]
}