{
  "label": "conc_gpt2",
  "num_cells": 20,
  "num_tx": 4,
  "num_rx": 4,
  "mcs": 2,
  "concurrent": true,
  "hbm_pct": 50.4,
  "stats": {
    "mean_ms": 58.356167755126954,
    "p50_ms": 59.42323303222656,
    "p95_ms": 62.17797660827636,
    "p99_ms": 96.81961936950695,
    "jitter": 0.14784820276108818
  },
  "miss_1ms": 1.0,
  "raw": [
    52.55900955200195,
    61.34476852416992,
    54.376190185546875,
    59.48009490966797,
    61.791072845458984,
    53.65468978881836,
    61.28246307373047,
    54.88691329956055,
    59.72236633300781,
    51.854400634765625,
    61.221214294433594,
    59.75056076049805,
    54.22208023071289,
    61.170719146728516,
    64.05718231201172,
    52.56195068359375,
    59.422401428222656,
    54.371646881103516,
    59.59782409667969,
    51.9923210144043,
    59.58259201049805,
    52.06342315673828,
    62.079071044921875,
    61.15532684326172,
    59.60838317871094,
    61.26780700683594,
    61.1321907043457,
    51.9288330078125,
    59.79024124145508,
    52.05878448486328,
    59.627166748046875,
    51.88809585571289,
    59.74275207519531,
    51.90614318847656,
    59.63372802734375,
    52.04742431640625,
    119.58553314208984,
    55.14329528808594,
    59.42406463623047,
    52.774559020996094,
    60.470497131347656,
    52.76607894897461,
    58.99456024169922,
    60.10041427612305,
    53.703006744384766,
    61.14527893066406,
    53.67084884643555,
    60.286048889160156,
    61.66419219970703,
    52.3012809753418,
    59.81526565551758,
    52.819583892822266,
    58.8623046875,
    54.26028823852539,
    59.507774353027344,
    52.069087982177734,
    59.67379379272461,
    61.67625427246094,
    52.042945861816406,
    96.58966064453125,
    52.80937576293945,
    58.953983306884766,
    52.71903991699219,
    59.7243537902832,
    52.60240173339844,
    60.5351676940918,
    60.071678161621094,
    51.4793586730957,
    61.085182189941406,
    52.78460693359375,
    59.700862884521484,
    54.14198303222656,
    59.544960021972656,
    52.00697708129883,
    59.79702377319336,
    59.33369445800781,
    51.347137451171875,
    59.748321533203125,
    54.305057525634766,
    59.44294357299805,
    52.09708786010742,
    59.496158599853516,
    83.46598052978516,
    66.64083099365234,
    61.112159729003906,
    51.855873107910156,
    59.65702438354492,
    54.39603042602539,
    58.961952209472656,
    52.629215240478516,
    59.793663024902344,
    51.91292953491211,
    58.82108688354492,
    60.271358489990234,
    53.71311950683594,
    59.54275131225586,
    52.00361633300781,
    59.76979064941406,
    54.19523239135742,
    58.968353271484375
  ]
}