{
  "label": "m2n_full_nid003040_g2",
  "num_cells": 8,
  "graph_mode": 1,
  "mode": "GRAPH",
  "mean_ms": 2.185566076040268,
  "per_cell_ms": 0.2731957595050335,
  "p95_ms": 4.254292941093444,
  "p99_ms": 4.518195104598999,
  "miss_1ms": 0.96,
  "raw": [
    1.7141120433807373,
    1.0142079591751099,
    2.970047950744629,
    3.8325119018554688,
    3.430527925491333,
    2.239232063293457,
    2.1848320960998535,
    2.22108793258667,
    2.112096071243286,
    1.1889599561691284,
    1.3760639429092407,
    1.513856053352356,
    1.4965440034866333,
    1.399839997291565,
    1.0909759998321533,
    2.968127965927124,
    4.490784168243408,
    3.3723840713500977,
    1.9087680578231812,
    2.4620800018310547,
    1.4805439710617065,
    2.2670400142669678,
    1.2038400173187256,
    1.4023040533065796,
    1.4746880531311035,
    1.3915519714355469,
    1.2475520372390747,
    1.2729920148849487,
    2.971519947052002,
    4.492735862731934,
    3.9652481079101562,
    3.4158079624176025,
    2.214751958847046,
    2.5765440464019775,
    1.5957759618759155,
    1.3808000087738037,
    1.1502399444580078,
    1.3935359716415405,
    1.243872046470642,
    0.9970560073852539,
    2.815903902053833,
    2.7556159496307373,
    3.8709120750427246,
    4.542655944824219,
    2.673759937286377,
    2.2014079093933105,
    2.586751937866211,
    1.371840000152588,
    0.9488319754600525,
    1.3851840496063232
  ]
}