{
  "label": "q32b4n_baseline_nid001461_g1",
  "num_cells": 8,
  "graph_mode": 1,
  "mode": "GRAPH",
  "mean_ms": 0.4351852786540985,
  "per_cell_ms": 0.05439815983176231,
  "p95_ms": 0.4457072004675865,
  "p99_ms": 0.4481280070543289,
  "miss_1ms": 0.0,
  "raw": [
    0.4355520009994507,
    0.43641600012779236,
    0.4362240135669708,
    0.43459200859069824,
    0.4345279932022095,
    0.435263991355896,
    0.44624000787734985,
    0.43375998735427856,
    0.4349440038204193,
    0.436383992433548,
    0.43481600284576416,
    0.4349119961261749,
    0.4352000057697296,
    0.4359999895095825,
    0.42796799540519714,
    0.4450559914112091,
    0.43427199125289917,
    0.43462398648262024,
    0.435808002948761,
    0.43433600664138794,
    0.4349119961261749,
    0.43516799807548523,
    0.4347839951515198,
    0.4339199960231781,
    0.43375998735427856,
    0.4424639940261841,
    0.4360640048980713,
    0.4265280067920685,
    0.4338879883289337,
    0.42694398760795593,
    0.43696001172065735,
    0.43331199884414673,
    0.4336960017681122,
    0.4352000057697296,
    0.4290879964828491,
    0.42767998576164246,
    0.4338560104370117,
    0.4352000057697296,
    0.43507200479507446,
    0.4339199960231781,
    0.4318079948425293,
    0.43558400869369507,
    0.43612799048423767,
    0.42694398760795593,
    0.4338560104370117,
    0.4365119934082031,
    0.43615999817848206,
    0.44649600982666016,
    0.4367679953575134,
    0.44969600439071655
  ]
}