{
  "label": "m4n_baseline_nid001764_g2",
  "num_cells": 8,
  "graph_mode": 1,
  "mode": "GRAPH",
  "mean_ms": 0.43880448043346404,
  "per_cell_ms": 0.054850560054183005,
  "p95_ms": 0.4500272020697594,
  "p99_ms": 0.45198527961969376,
  "miss_1ms": 0.0,
  "raw": [
    0.4357120096683502,
    0.43804800510406494,
    0.43753600120544434,
    0.4408000111579895,
    0.4365760087966919,
    0.4365760087966919,
    0.45283201336860657,
    0.43532800674438477,
    0.43615999817848206,
    0.44755199551582336,
    0.45027199387550354,
    0.4472000002861023,
    0.44678398966789246,
    0.4496319890022278,
    0.45110398530960083,
    0.43727999925613403,
    0.4371519982814789,
    0.4365760087966919,
    0.43772798776626587,
    0.43536001443862915,
    0.4456000030040741,
    0.43702399730682373,
    0.4346559941768646,
    0.4343999922275543,
    0.4345279932022095,
    0.435808002948761,
    0.44972801208496094,
    0.43590399622917175,
    0.4363200068473816,
    0.4359680116176605,
    0.43721601366996765,
    0.4354879856109619,
    0.4366079866886139,
    0.43772798776626587,
    0.4346559941768646,
    0.4336960017681122,
    0.4330880045890808,
    0.4450559914112091,
    0.4342400133609772,
    0.44278401136398315,
    0.4331839978694916,
    0.43433600664138794,
    0.4336639940738678,
    0.4328320026397705,
    0.4320639967918396,
    0.4357439875602722,
    0.43667200207710266,
    0.44966399669647217,
    0.4370880126953125,
    0.43827199935913086
  ]
}