{
  "label": "diffGPU_hbm_gpu1",
  "stats": {
    "name": "diffGPU_hbm_gpu1",
    "count": 100,
    "mean_ms": 2.1009183782339096,
    "std_ms": 2.254936784813897,
    "p50_ms": 1.1458080410957336,
    "p95_ms": 7.847209596633911,
    "p99_ms": 9.708179121017457,
    "min_ms": 0.9004480242729187,
    "max_ms": 9.893856048583984,
    "jitter": 1.0733100382078904
  },
  "miss_1ms": 0.63,
  "raw": [
    1.2139840126037598,
    3.221695899963379,
    5.227807998657227,
    6.355167865753174,
    8.066271781921387,
    0.9552639722824097,
    1.2102400064468384,
    0.9635840058326721,
    1.2100160121917725,
    0.9567679762840271,
    1.2063679695129395,
    0.9505919814109802,
    1.1690880060195923,
    0.9588159918785095,
    1.1503039598464966,
    0.9197120070457458,
    1.1458560228347778,
    0.9158400297164917,
    1.145151972770691,
    0.9131199717521667,
    1.1532800197601318,
    3.339776039123535,
    6.140031814575195,
    3.094815969467163,
    7.6808319091796875,
    0.9319040179252625,
    1.1463359594345093,
    0.9090880155563354,
    1.1530239582061768,
    0.9403520226478577,
    1.2073919773101807,
    0.9536960124969482,
    1.1370240449905396,
    0.9026560187339783,
    1.1376639604568481,
    0.9041919708251953,
    1.1403520107269287,
    0.9032319784164429,
    1.1352319717407227,
    0.9064000248908997,
    1.1354880332946777,
    3.6160640716552734,
    9.893856048583984,
    3.2147200107574463,
    7.83568000793457,
    2.8716158866882324,
    1.1610560417175293,
    0.9586560130119324,
    1.1595200300216675,
    0.9152960181236267,
    1.1450560092926025,
    0.9028480052947998,
    1.216096043586731,
    0.9666560292243958,
    1.1457600593566895,
    0.9300479888916016,
    1.1493439674377441,
    0.9044479727745056,
    1.2119359970092773,
    0.9238079786300659,
    1.2139519453048706,
    9.706303596496582,
    8.101823806762695,
    7.607264041900635,
    6.555103778839111,
    3.0758719444274902,
    1.1700160503387451,
    0.9088640213012695,
    1.1375360488891602,
    0.9004480242729187,
    1.1840319633483887,
    0.9016640186309814,
    1.1390399932861328,
    0.9059200286865234,
    1.203711986541748,
    0.9143999814987183,
    1.1545599699020386,
    0.9017599821090698,
    1.149888038635254,
    0.9442239999771118,
    1.1459840536117554,
    1.8969600200653076,
    8.558079719543457,
    3.3595519065856934,
    6.660639762878418,
    3.063647985458374,
    1.1428799629211426,
    0.9198399782180786,
    1.1399359703063965,
    0.9044479727745056,
    1.214303970336914,
    0.9081599712371826,
    1.1986559629440308,
    0.9510719776153564,
    1.215872049331665,
    0.9073920249938965,
    1.207360029220581,
    0.9019839763641357,
    1.1390719413757324,
    0.9487360119819641
  ]
}