{
  "label": "nvidia_gpt2",
  "num_cells": 8,
  "graph_mode": 1,
  "mode": "GRAPH",
  "mean_ms": 0.47704191982746125,
  "per_cell_ms": 0.059630239978432656,
  "p95_ms": 0.4853807970881462,
  "p99_ms": 0.6232099157571791,
  "miss_1ms": 0.0,
  "raw": [
    0.4758079946041107,
    0.47036799788475037,
    0.47040000557899475,
    0.4681600034236908,
    0.46992000937461853,
    0.571295976638794,
    0.673088014125824,
    0.4660800099372864,
    0.47417598962783813,
    0.46832001209259033,
    0.4689599871635437,
    0.46828800439834595,
    0.4657280147075653,
    0.4832639992237091,
    0.47433599829673767,
    0.46748799085617065,
    0.4861440062522888,
    0.47567999362945557,
    0.46835198998451233,
    0.47734400629997253,
    0.47040000557899475,
    0.4675520062446594,
    0.47516798973083496,
    0.4671039879322052,
    0.47488000988960266,
    0.46854400634765625,
    0.46905601024627686,
    0.46592000126838684,
    0.4705280065536499,
    0.469184011220932,
    0.48444798588752747,
    0.4652160108089447,
    0.4732159972190857,
    0.46672001481056213,
    0.46697598695755005,
    0.46675199270248413,
    0.4688960015773773,
    0.46716800332069397,
    0.46880000829696655,
    0.47356799244880676,
    0.4679040014743805,
    0.4776960015296936,
    0.4737280011177063,
    0.4732159972190857,
    0.46700799465179443,
    0.47702398896217346,
    0.46700799465179443,
    0.4659839868545532,
    0.4729920029640198,
    0.4662399888038635
  ]
}