{
  "label": "s2n4g_neuralrx_nid002688_g3",
  "num_cells": 8,
  "graph_mode": 1,
  "mode": "GRAPH",
  "mean_ms": 0.43596224129199984,
  "per_cell_ms": 0.05449528016149998,
  "p95_ms": 0.44363679736852646,
  "p99_ms": 0.44583615720272063,
  "miss_1ms": 0.0,
  "raw": [
    0.4403199851512909,
    0.4387199878692627,
    0.4379520118236542,
    0.43587198853492737,
    0.4350399971008301,
    0.4390079975128174,
    0.43619200587272644,
    0.4350399971008301,
    0.43356800079345703,
    0.44252800941467285,
    0.440064013004303,
    0.43459200859069824,
    0.43561598658561707,
    0.4366399943828583,
    0.42841601371765137,
    0.4354560077190399,
    0.43852800130844116,
    0.43513599038124084,
    0.44089600443840027,
    0.4349760115146637,
    0.43487998843193054,
    0.4367679953575134,
    0.436352014541626,
    0.4281280040740967,
    0.4345279932022095,
    0.42899200320243835,
    0.43721601366996765,
    0.43456000089645386,
    0.4365440011024475,
    0.4352000057697296,
    0.43644800782203674,
    0.4336960017681122,
    0.43404799699783325,
    0.4445439875125885,
    0.43718400597572327,
    0.43033599853515625,
    0.4464319944381714,
    0.4367679953575134,
    0.4362240135669708,
    0.43459200859069824,
    0.4346559941768646,
    0.43584001064300537,
    0.43692800402641296,
    0.43542400002479553,
    0.42790400981903076,
    0.4368959963321686,
    0.44521600008010864,
    0.4344640076160431,
    0.4336960017681122,
    0.4290879964828491
  ]
}