{
  "label": "s1n_neuralrx",
  "num_cells": 8,
  "graph_mode": 1,
  "mode": "GRAPH",
  "mean_ms": 0.9332179200649261,
  "per_cell_ms": 0.11665224000811576,
  "p95_ms": 1.0522447943687439,
  "p99_ms": 1.0654898953437806,
  "miss_1ms": 0.3,
  "raw": [
    1.0455679893493652,
    0.8861759901046753,
    0.9854720234870911,
    0.701632022857666,
    0.9451839923858643,
    0.9293760061264038,
    0.9369919896125793,
    1.0396159887313843,
    0.9613119959831238,
    0.9259200096130371,
    0.8968319892883301,
    1.0505280494689941,
    0.8744320273399353,
    1.0726399421691895,
    0.9608640074729919,
    1.03929603099823,
    0.6990399956703186,
    0.8763200044631958,
    0.9959040284156799,
    0.7864639759063721,
    0.8992959856987,
    1.0528639554977417,
    0.8757759928703308,
    0.9056000113487244,
    1.0478399991989136,
    0.8854719996452332,
    1.0335359573364258,
    0.9696000218391418,
    1.0448960065841675,
    0.8810240030288696,
    1.0163840055465698,
    0.9699199795722961,
    1.0326720476150513,
    0.8776320219039917,
    0.9291520118713379,
    0.8835520148277283,
    0.8864960074424744,
    0.9260799884796143,
    0.8810240030288696,
    1.024351954460144,
    0.8712319731712341,
    0.8033279776573181,
    1.0143359899520874,
    0.7023680210113525,
    0.887391984462738,
    1.0580480098724365,
    0.871071994304657,
    0.8765119910240173,
    1.0514880418777466,
    0.8923839926719666
  ]
}