{
  "label": "mig72_4n_base_nid008633_g3",
  "num_cells": 8,
  "graph_mode": 1,
  "mode": "GRAPH",
  "mean_ms": 0.46792064011096957,
  "per_cell_ms": 0.058490080013871196,
  "p95_ms": 0.47488959431648253,
  "p99_ms": 0.4758732751011848,
  "miss_1ms": 0.0,
  "raw": [
    0.4667840003967285,
    0.4678080081939697,
    0.47407999634742737,
    0.46672001481056213,
    0.4711039960384369,
    0.46883198618888855,
    0.4697279930114746,
    0.46620801091194153,
    0.4657920002937317,
    0.4695039987564087,
    0.4684160053730011,
    0.4755519926548004,
    0.46694400906562805,
    0.46799999475479126,
    0.46774399280548096,
    0.4661119878292084,
    0.46716800332069397,
    0.46806401014328003,
    0.46883198618888855,
    0.466592013835907,
    0.4678399860858917,
    0.46803200244903564,
    0.4708479940891266,
    0.4676159918308258,
    0.46774399280548096,
    0.4710400104522705,
    0.46828800439834595,
    0.46643200516700745,
    0.46620801091194153,
    0.4652160108089447,
    0.4758079946041107,
    0.46694400906562805,
    0.46483200788497925,
    0.46505600214004517,
    0.4660800099372864,
    0.4668799936771393,
    0.4662719964981079,
    0.4657280147075653,
    0.4659839868545532,
    0.4721280038356781,
    0.4645119905471802,
    0.46643200516700745,
    0.4668479859828949,
    0.46454399824142456,
    0.4658240079879761,
    0.46902400255203247,
    0.4668799936771393,
    0.46620801091194153,
    0.46486398577690125,
    0.47593599557876587
  ]
}