{
  "label": "s4n4g_gpt2_nid003953_g3",
  "num_cells": 8,
  "graph_mode": 1,
  "mode": "GRAPH",
  "mean_ms": 0.43491903841495516,
  "per_cell_ms": 0.054364879801869395,
  "p95_ms": 0.4420703902840614,
  "p99_ms": 0.4521292722225189,
  "miss_1ms": 0.0,
  "raw": [
    0.43372800946235657,
    0.4346559941768646,
    0.4352959990501404,
    0.434688001871109,
    0.43462398648262024,
    0.43568000197410583,
    0.4355520009994507,
    0.4339520037174225,
    0.4331839978694916,
    0.43561598658561707,
    0.4354560077190399,
    0.4338879883289337,
    0.4331519901752472,
    0.4275200068950653,
    0.43536001443862915,
    0.4334079921245575,
    0.43238401412963867,
    0.4352000057697296,
    0.43462398648262024,
    0.4368000030517578,
    0.43542400002479553,
    0.43612799048423767,
    0.4381760060787201,
    0.43375998735427856,
    0.4338879883289337,
    0.434688001871109,
    0.43724799156188965,
    0.4339520037174225,
    0.4328320026397705,
    0.43215999007225037,
    0.4322560131549835,
    0.43356800079345703,
    0.42550399899482727,
    0.42790400981903076,
    0.43270400166511536,
    0.4344959855079651,
    0.43401598930358887,
    0.4352959990501404,
    0.43296000361442566,
    0.4312320053577423,
    0.43084800243377686,
    0.4338879883289337,
    0.4455359876155853,
    0.45846399664878845,
    0.44147199392318726,
    0.44255998730659485,
    0.4359999895095825,
    0.4339199960231781,
    0.4338560104370117,
    0.43644800782203674
  ]
}