{
  "label": "m4n_baseline_nid001757_g2",
  "num_cells": 8,
  "graph_mode": 1,
  "mode": "GRAPH",
  "mean_ms": 0.4350835210084915,
  "per_cell_ms": 0.05438544012606144,
  "p95_ms": 0.43951680809259414,
  "p99_ms": 0.4434316885471344,
  "miss_1ms": 0.0,
  "raw": [
    0.4342080056667328,
    0.4362559914588928,
    0.4453760087490082,
    0.4357120096683502,
    0.43356800079345703,
    0.4349119961261749,
    0.43779200315475464,
    0.43721601366996765,
    0.4342400133609772,
    0.4362240135669708,
    0.4368000030517578,
    0.434112012386322,
    0.43350398540496826,
    0.4366079866886139,
    0.43558400869369507,
    0.43696001172065735,
    0.43375998735427856,
    0.4349119961261749,
    0.43536001443862915,
    0.43273600935935974,
    0.43171200156211853,
    0.434112012386322,
    0.44092801213264465,
    0.43568000197410583,
    0.43161600828170776,
    0.434143990278244,
    0.43487998843193054,
    0.4357120096683502,
    0.4349760115146637,
    0.43561598658561707,
    0.43456000089645386,
    0.43615999817848206,
    0.43379199504852295,
    0.4349119961261749,
    0.43353599309921265,
    0.43612799048423767,
    0.4323199987411499,
    0.4331519901752472,
    0.43775999546051025,
    0.43484801054000854,
    0.4338879883289337,
    0.4414080083370209,
    0.43615999817848206,
    0.4318400025367737,
    0.430976003408432,
    0.43353599309921265,
    0.43462398648262024,
    0.4333440065383911,
    0.4322879910469055,
    0.43372800946235657
  ]
}