{
  "label": "diff_gpu_gpt2",
  "stats": {
    "name": "diff_gpu_gpt2",
    "count": 100,
    "mean_ms": 2.1228611308336256,
    "std_ms": 3.10552669697159,
    "p50_ms": 1.069375991821289,
    "p95_ms": 7.522814369201659,
    "p99_ms": 15.380606803894086,
    "min_ms": 0.8394880294799805,
    "max_ms": 23.66476821899414,
    "jitter": 1.4628967725986306
  },
  "miss_1ms": 0.62,
  "raw": [
    1.0729279518127441,
    0.8510720133781433,
    1.0640640258789062,
    0.8488320112228394,
    1.1491520404815674,
    0.8983039855957031,
    1.133344054222107,
    0.8508480191230774,
    1.0670720338821411,
    0.8414720296859741,
    1.0867520570755005,
    0.9005119800567627,
    1.113759994506836,
    0.8511040210723877,
    3.5789759159088135,
    2.843616008758545,
    7.793951988220215,
    3.011104106903076,
    7.933343887329102,
    0.8462079763412476,
    1.1201599836349487,
    1.1968319416046143,
    1.082527995109558,
    0.8446400165557861,
    1.0654720067977905,
    0.8431680202484131,
    1.1097919940948486,
    0.8933119773864746,
    1.0709760189056396,
    0.8437759876251221,
    4.408639907836914,
    0.9060479998588562,
    1.0924479961395264,
    0.9095360040664673,
    4.003680229187012,
    3.18723201751709,
    10.611776351928711,
    3.103519916534424,
    15.296928405761719,
    0.8905280232429504,
    1.118175983428955,
    0.8852159976959229,
    1.0630719661712646,
    0.8430399894714355,
    1.069823980331421,
    0.8452799916267395,
    1.1252479553222656,
    0.8937919735908508,
    1.1212799549102783,
    0.951744019985199,
    1.1334079504013062,
    0.8934400081634521,
    1.1065599918365479,
    0.8487039804458618,
    1.0610239505767822,
    1.9424320459365845,
    7.508543968200684,
    2.826495885848999,
    5.524960041046143,
    2.9894399642944336,
    1.1192320585250854,
    0.8646079897880554,
    1.0970560312271118,
    0.8745279908180237,
    1.0907200574874878,
    0.8605759739875793,
    1.0680960416793823,
    0.8484799861907959,
    1.1384960412979126,
    0.8778560161590576,
    1.0648000240325928,
    0.8431360125541687,
    1.065824031829834,
    0.8496320247650146,
    1.1398719549179077,
    0.8531200289726257,
    5.6800642013549805,
    2.7853119373321533,
    23.66476821899414,
    3.3117759227752686,
    1.122879981994629,
    0.8740800023078918,
    1.0664960145950317,
    0.8394880294799805,
    1.1111359596252441,
    0.8870400190353394,
    1.1323519945144653,
    0.8471360206604004,
    1.0850239992141724,
    0.8516160249710083,
    1.0689280033111572,
    0.8431680202484131,
    1.0637760162353516,
    0.8745279908180237,
    1.0645760297775269,
    0.8505600094795227,
    3.998016119003296,
    2.7066879272460938,
    5.764319896697998,
    3.167263984680176
  ]
}