{
  "label": "72b_baseline_final",
  "stats": {
    "name": "72b_baseline_final",
    "count": 100,
    "mean_ms": 1.994432960152626,
    "std_ms": 2.211409000010221,
    "p50_ms": 1.0801599621772766,
    "p95_ms": 7.998012804985046,
    "p99_ms": 8.740428323745734,
    "min_ms": 0.8447039723396301,
    "max_ms": 9.834624290466309,
    "jitter": 1.1087908414033583
  },
  "miss_1ms": 0.61,
  "raw": [
    1.108672022819519,
    0.908191978931427,
    1.1049920320510864,
    0.8482239842414856,
    1.0785919427871704,
    0.8512960076332092,
    1.0835520029067993,
    0.8545600175857544,
    1.0928640365600586,
    0.8941439986228943,
    1.0736960172653198,
    0.8714879751205444,
    8.166975975036621,
    2.6763200759887695,
    6.2236480712890625,
    2.997663974761963,
    1.1216000318527222,
    0.8711680173873901,
    1.0817279815673828,
    0.8999680280685425,
    1.1547839641571045,
    0.8966400027275085,
    1.1220159530639648,
    0.9000639915466309,
    1.0694719552993774,
    0.8999040126800537,
    1.0732799768447876,
    0.8473920226097107,
    1.0737279653549194,
    0.8447039723396301,
    1.1247680187225342,
    3.1452159881591797,
    5.281536102294922,
    3.175584077835083,
    7.989120006561279,
    0.8675839900970459,
    1.1034560203552246,
    0.851360023021698,
    1.1163519620895386,
    0.8612480163574219,
    1.1533759832382202,
    0.9241600036621094,
    1.1368319988250732,
    0.907584011554718,
    1.117087960243225,
    0.8518080115318298,
    1.0683200359344482,
    0.847648024559021,
    1.1149760484695435,
    0.8822720050811768,
    1.069599986076355,
    2.8820478916168213,
    7.854176044464111,
    3.7984321117401123,
    7.9765119552612305,
    0.8973760008811951,
    1.1005439758300781,
    0.9112640023231506,
    1.1372480392456055,
    0.8923199772834778,
    1.1234240531921387,
    0.8826559782028198,
    1.1317119598388672,
    0.8977919816970825,
    1.0930240154266357,
    0.8504319787025452,
    1.067903995513916,
    0.9186879992485046,
    1.1133439540863037,
    0.8698880076408386,
    1.128383994102478,
    3.247296094894409,
    6.565728187561035,
    3.0920639038085938,
    8.194047927856445,
    0.8687679767608643,
    1.0736639499664307,
    0.8498240113258362,
    1.0702400207519531,
    0.8677440285682678,
    8.729375839233398,
    2.708415985107422,
    1.0988479852676392,
    0.8749439716339111,
    1.1152960062026978,
    0.8882240056991577,
    1.123136043548584,
    0.9019200205802917,
    1.1124160289764404,
    0.8889279961585999,
    9.834624290466309,
    3.1827518939971924,
    5.983744144439697,
    8.443231582641602,
    1.131168007850647,
    0.8735039830207825,
    1.1351039409637451,
    0.8479359745979309,
    1.0709760189056396,
    0.8609920144081116
  ]
}