{
  "label": "m4n_baseline_nid001761_g1",
  "num_cells": 8,
  "graph_mode": 1,
  "mode": "GRAPH",
  "mean_ms": 0.4342105597257614,
  "per_cell_ms": 0.054276319965720174,
  "p95_ms": 0.4365600019693375,
  "p99_ms": 0.44501983374357224,
  "miss_1ms": 0.0,
  "raw": [
    0.43430399894714355,
    0.43619200587272644,
    0.4352000057697296,
    0.4343999922275543,
    0.43350398540496826,
    0.43619200587272644,
    0.4357759952545166,
    0.4378879964351654,
    0.45187199115753174,
    0.43558400869369507,
    0.43670400977134705,
    0.4343680143356323,
    0.4331519901752472,
    0.43302398920059204,
    0.43267199397087097,
    0.4325439929962158,
    0.43296000361442566,
    0.4347519874572754,
    0.4360960125923157,
    0.436383992433548,
    0.43241599202156067,
    0.43408000469207764,
    0.4362240135669708,
    0.43244799971580505,
    0.4318400025367737,
    0.43296000361442566,
    0.4326399862766266,
    0.43171200156211853,
    0.4330880045890808,
    0.43382400274276733,
    0.4334399998188019,
    0.43276798725128174,
    0.43193599581718445,
    0.4344319999217987,
    0.4360960125923157,
    0.43398401141166687,
    0.4314559996128082,
    0.434112012386322,
    0.4328959882259369,
    0.43302398920059204,
    0.43190398812294006,
    0.43270400166511536,
    0.43372800946235657,
    0.43321600556373596,
    0.43484801054000854,
    0.43296000361442566,
    0.43331199884414673,
    0.4339199960231781,
    0.432096004486084,
    0.4328959882259369
  ]
}