{
  "label": "bora_resnet",
  "num_cells": 8,
  "graph_mode": 1,
  "mode": "GRAPH",
  "mean_ms": 0.6584313523769378,
  "per_cell_ms": 0.08230391904711723,
  "p95_ms": 0.9417759954929348,
  "p99_ms": 1.0992645907402037,
  "miss_1ms": 0.06,
  "raw": [
    0.5542719960212708,
    0.7033920288085938,
    0.5555520057678223,
    0.5316479802131653,
    0.5297920107841492,
    0.5078080296516418,
    0.6516799926757812,
    0.6467199921607971,
    0.5787839889526367,
    0.770143985748291,
    0.7088639736175537,
    0.5381439924240112,
    1.045375943183899,
    0.5850560069084167,
    0.7518079876899719,
    0.8067200183868408,
    0.8490560054779053,
    0.7745280265808105,
    0.7027519941329956,
    0.5536959767341614,
    0.5921919941902161,
    0.6895999908447266,
    0.6439359784126282,
    0.5287039875984192,
    0.6245440244674683,
    0.5930240154266357,
    0.5120319724082947,
    0.5120319724082947,
    0.6033599972724915,
    0.6485120058059692,
    1.151039958000183,
    0.6670079827308655,
    0.5622079968452454,
    1.0047039985656738,
    0.5814719796180725,
    0.8648639917373657,
    0.8511679768562317,
    0.8383679986000061,
    0.7636479735374451,
    0.650111973285675,
    0.5864319801330566,
    0.7174720168113708,
    0.5215680003166199,
    0.593504011631012,
    0.5405759811401367,
    0.5953919887542725,
    0.5202879905700684,
    0.5088319778442383,
    0.5103359818458557,
    0.5988479852676392
  ]
}