{
  "label": "eval_C_gpt2",
  "num_cells": 8,
  "graph_mode": 1,
  "mode": "GRAPH",
  "mean_ms": 0.525245441198349,
  "per_cell_ms": 0.06565568014979363,
  "p95_ms": 0.6777072072029113,
  "p99_ms": 0.7324707347154618,
  "miss_1ms": 0.0,
  "raw": [
    0.5548480153083801,
    0.5033919811248779,
    0.5230720043182373,
    0.5580480098724365,
    0.49667200446128845,
    0.4973120093345642,
    0.5027520060539246,
    0.49721598625183105,
    0.4984320104122162,
    0.49692800641059875,
    0.49641600251197815,
    0.5001279711723328,
    0.49939200282096863,
    0.4989759922027588,
    0.5020480155944824,
    0.501471996307373,
    0.49859198927879333,
    0.497408002614975,
    0.5,
    0.5323519706726074,
    0.5008320212364197,
    0.5010560154914856,
    0.5198720097541809,
    0.49833598732948303,
    0.49769601225852966,
    0.5225279927253723,
    0.5030720233917236,
    0.5017600059509277,
    0.5349119901657104,
    0.49929600954055786,
    0.49907198548316956,
    0.5232959985733032,
    0.49990400671958923,
    0.509119987487793,
    0.5109440088272095,
    0.5007680058479309,
    0.6871680021286011,
    0.499424010515213,
    0.5050560235977173,
    0.725600004196167,
    0.5153279900550842,
    0.5107200145721436,
    0.7390720248222351,
    0.5060799717903137,
    0.5007680058479309,
    0.6661440134048462,
    0.5192639827728271,
    0.5258240103721619,
    0.5735039710998535,
    0.5103999972343445
  ]
}