{
  "label": "s1n4g_resnet_nid001285_g2",
  "num_cells": 8,
  "graph_mode": 1,
  "mode": "GRAPH",
  "mean_ms": 0.5470662379264831,
  "per_cell_ms": 0.06838327974081039,
  "p95_ms": 0.5547472178936005,
  "p99_ms": 0.5633692806959152,
  "miss_1ms": 0.0,
  "raw": [
    0.5425919890403748,
    0.5451520085334778,
    0.5555520057678223,
    0.5443519949913025,
    0.5533760190010071,
    0.5457919836044312,
    0.5446079969406128,
    0.5421119928359985,
    0.5415999889373779,
    0.5468159914016724,
    0.5439040064811707,
    0.5454400181770325,
    0.5431680083274841,
    0.545632004737854,
    0.5456640124320984,
    0.5443840026855469,
    0.5432959794998169,
    0.5460799932479858,
    0.5435519814491272,
    0.5426239967346191,
    0.5449280142784119,
    0.5450559854507446,
    0.5548480153083801,
    0.5522239804267883,
    0.5519999861717224,
    0.554207980632782,
    0.5708799958229065,
    0.5529279708862305,
    0.548416018486023,
    0.546239972114563,
    0.5450239777565002,
    0.5443840026855469,
    0.5451520085334778,
    0.5546240210533142,
    0.5447679758071899,
    0.5460799932479858,
    0.5443840026855469,
    0.546239972114563,
    0.5464000105857849,
    0.5459520220756531,
    0.5442559719085693,
    0.5465919971466064,
    0.546239972114563,
    0.5451520085334778,
    0.5444480180740356,
    0.5456640124320984,
    0.5452160239219666,
    0.5537599921226501,
    0.5454720258712769,
    0.5460799932479858
  ]
}