{
  "label": "s4n4g_gpt2_nid003952_g1",
  "num_cells": 8,
  "graph_mode": 1,
  "mode": "GRAPH",
  "mean_ms": 0.4332614415884018,
  "per_cell_ms": 0.054157680198550225,
  "p95_ms": 0.4465200051665306,
  "p99_ms": 0.45192255824804306,
  "miss_1ms": 0.0,
  "raw": [
    0.4302400052547455,
    0.42822399735450745,
    0.42924800515174866,
    0.4275520145893097,
    0.435232013463974,
    0.4381119906902313,
    0.44012799859046936,
    0.44118401408195496,
    0.43532800674438477,
    0.43702399730682373,
    0.42985600233078003,
    0.4280639886856079,
    0.4275520145893097,
    0.4302079975605011,
    0.42841601371765137,
    0.43004798889160156,
    0.4278079867362976,
    0.42793598771095276,
    0.4349760115146637,
    0.43510401248931885,
    0.4405759871006012,
    0.42953601479530334,
    0.42819198966026306,
    0.4285759925842285,
    0.4474560022354126,
    0.4299840033054352,
    0.43052801489830017,
    0.42764800786972046,
    0.4453760087490082,
    0.42790400981903076,
    0.4559679925441742,
    0.4292159974575043,
    0.42694398760795593,
    0.4267840087413788,
    0.43536001443862915,
    0.4419200122356415,
    0.42668798565864563,
    0.43542400002479553,
    0.4290879964828491,
    0.43536001443862915,
    0.43030399084091187,
    0.43007999658584595,
    0.4359999895095825,
    0.42844799160957336,
    0.4477120041847229,
    0.438400000333786,
    0.4296320080757141,
    0.427264004945755,
    0.445248007774353,
    0.4292159974575043
  ]
}