{
  "label": "s2v4_neuralrx_nid001456",
  "num_cells": 8,
  "graph_mode": 1,
  "mode": "GRAPH",
  "mean_ms": 0.9131219220161438,
  "per_cell_ms": 0.11414024025201798,
  "p95_ms": 1.0483247876167296,
  "p99_ms": 1.056288628578186,
  "miss_1ms": 0.3,
  "raw": [
    0.7130560278892517,
    0.925599992275238,
    1.018399953842163,
    0.8777279853820801,
    0.8878399729728699,
    0.9265599846839905,
    0.8946239948272705,
    1.0292160511016846,
    0.7115839719772339,
    0.9429759979248047,
    0.8870400190353394,
    0.6967039704322815,
    0.8806080222129822,
    1.0594559907913208,
    0.8793280124664307,
    0.8882880210876465,
    1.031775951385498,
    0.8774080276489258,
    1.0059200525283813,
    0.9607679843902588,
    1.0343680381774902,
    0.8688960075378418,
    1.0081919431686401,
    0.6997119784355164,
    0.875872015953064,
    1.0529919862747192,
    0.9668480157852173,
    1.0399999618530273,
    0.970911979675293,
    0.8619840145111084,
    0.8812800049781799,
    1.0317440032958984,
    0.6949440240859985,
    0.8781440258026123,
    0.9988800287246704,
    0.9639359712600708,
    1.051967978477478,
    0.8716800212860107,
    1.0165760517120361,
    0.7055680155754089,
    0.7184320092201233,
    0.9649919867515564,
    0.8843200206756592,
    0.9615359902381897,
    1.0438719987869263,
    0.866208016872406,
    1.0052160024642944,
    0.7296000123023987,
    1.0309120416641235,
    0.8816319704055786
  ]
}