{
  "label": "bora40_A_resnet",
  "num_cells": 8,
  "graph_mode": 1,
  "mode": "GRAPH",
  "mean_ms": 2.337008010149002,
  "per_cell_ms": 0.29212600126862526,
  "p95_ms": 4.5186272144317625,
  "p99_ms": 4.640852465629577,
  "miss_1ms": 0.94,
  "raw": [
    1.7488000392913818,
    1.0308159589767456,
    2.9673280715942383,
    3.823647975921631,
    3.42195200920105,
    2.5624001026153564,
    1.8976000547409058,
    2.222559928894043,
    2.260416030883789,
    1.522655963897705,
    1.5890560150146484,
    1.3864959478378296,
    1.0644160509109497,
    1.2747520208358765,
    1.0232000350952148,
    2.979072093963623,
    3.809983968734741,
    4.071872234344482,
    2.2573440074920654,
    1.4999040365219116,
    2.230560064315796,
    2.267296075820923,
    1.3965439796447754,
    1.4017280340194702,
    0.9657599925994873,
    1.374176025390625,
    1.5683519840240479,
    0.9905920028686523,
    4.152512073516846,
    4.494656085968018,
    4.5382399559021,
    2.6835520267486572,
    2.212415933609009,
    1.5581120252609253,
    1.3713279962539673,
    1.5154880285263062,
    1.3004159927368164,
    4.707712173461914,
    3.7304959297180176,
    4.571263790130615,
    2.683648109436035,
    2.240511894226074,
    1.170367956161499,
    1.3980799913406372,
    0.9657279849052429,
    3.309760093688965,
    3.8283839225769043,
    3.4231998920440674,
    2.6021759510040283,
    1.7830719947814941
  ]
}