{
  "label": "s2n4g_baseline_nid002689_g2",
  "num_cells": 8,
  "graph_mode": 1,
  "mode": "GRAPH",
  "mean_ms": 0.43544640064239504,
  "per_cell_ms": 0.05443080008029938,
  "p95_ms": 0.4390352010726929,
  "p99_ms": 0.44001696169376375,
  "miss_1ms": 0.0,
  "raw": [
    0.4360640048980713,
    0.43641600012779236,
    0.4389120042324066,
    0.4367679953575134,
    0.4386560022830963,
    0.43644800782203674,
    0.4368959963321686,
    0.4347839951515198,
    0.4373440146446228,
    0.43724799156188965,
    0.43564799427986145,
    0.4362240135669708,
    0.428384006023407,
    0.43913599848747253,
    0.4359999895095825,
    0.43510401248931885,
    0.43641600012779236,
    0.436352014541626,
    0.4347839951515198,
    0.43513599038124084,
    0.4354879856109619,
    0.4368000030517578,
    0.4349440038204193,
    0.4349440038204193,
    0.43516799807548523,
    0.4365440011024475,
    0.4368959963321686,
    0.43404799699783325,
    0.43568000197410583,
    0.4360960125923157,
    0.43408000469207764,
    0.43062400817871094,
    0.43404799699783325,
    0.4360640048980713,
    0.4344959855079651,
    0.43244799971580505,
    0.43193599581718445,
    0.4357120096683502,
    0.4307200014591217,
    0.43347200751304626,
    0.4326080083847046,
    0.4346559941768646,
    0.4350079894065857,
    0.4325439929962158,
    0.4323199987411499,
    0.4354879856109619,
    0.4399679899215698,
    0.43881601095199585,
    0.4379200041294098,
    0.440064013004303
  ]
}