{
  "label": "m4n_full_nid001761_g1",
  "num_cells": 8,
  "graph_mode": 1,
  "mode": "GRAPH",
  "mean_ms": 2.0733388829231263,
  "per_cell_ms": 0.2591673603653908,
  "p95_ms": 9.304918336868287,
  "p99_ms": 9.519393320083617,
  "miss_1ms": 0.98,
  "raw": [
    1.4266239404678345,
    1.4358400106430054,
    1.4479680061340332,
    1.432960033416748,
    1.461184024810791,
    1.447648048400879,
    1.4288640022277832,
    1.432800054550171,
    9.313471794128418,
    1.4488320350646973,
    1.4401600360870361,
    1.4115519523620605,
    1.44595205783844,
    1.4252159595489502,
    1.4191999435424805,
    1.4298239946365356,
    1.4109439849853516,
    1.4298239946365356,
    1.914720058441162,
    9.707615852355957,
    0.9848639965057373,
    1.4493440389633179,
    1.4220160245895386,
    1.4261759519577026,
    1.4132479429244995,
    1.4438719749450684,
    1.4574400186538696,
    1.4628479480743408,
    1.4172799587249756,
    1.436576008796692,
    1.4265919923782349,
    1.4542720317840576,
    9.323488235473633,
    1.4627519845962524,
    1.3611199855804443,
    1.433184027671814,
    1.4553600549697876,
    1.4432640075683594,
    1.4174400568008423,
    1.4230400323867798,
    1.451583981513977,
    1.4549440145492554,
    1.4352320432662964,
    1.4264960289001465,
    9.294464111328125,
    1.438048005104065,
    1.431488037109375,
    1.4338239431381226,
    1.4398399591445923,
    1.435647964477539
  ]
}