{
  "label": "noMIG_hbm_gpu0",
  "stats": {
    "name": "noMIG_hbm_gpu0",
    "count": 100,
    "mean_ms": 122.77000274658204,
    "std_ms": 7.507572492866563,
    "p50_ms": 127.30528259277344,
    "p95_ms": 133.23132095336913,
    "p99_ms": 139.00610733032227,
    "min_ms": 104.19596862792969,
    "max_ms": 139.06842041015625,
    "jitter": 0.061151521747241935
  },
  "miss_1ms": 1.0,
  "raw": [
    118.00460815429688,
    127.33679962158203,
    139.00547790527344,
    115.79017639160156,
    129.6746826171875,
    115.85942077636719,
    115.90745544433594,
    127.35183715820312,
    115.89033508300781,
    127.40115356445312,
    130.18508911132812,
    104.20089721679688,
    115.77324676513672,
    127.30592346191406,
    115.90281677246094,
    127.3392333984375,
    128.61996459960938,
    127.36172485351562,
    127.44258880615234,
    127.38591766357422,
    121.91935729980469,
    115.7672348022461,
    115.88668823242188,
    127.2423324584961,
    127.39625549316406,
    115.78163146972656,
    118.13299560546875,
    115.79484558105469,
    104.32332611083984,
    115.77875518798828,
    127.4669418334961,
    127.37030029296875,
    129.6018829345703,
    115.74694061279297,
    115.85609436035156,
    115.79545593261719,
    127.54720306396484,
    127.47846221923828,
    129.7489013671875,
    115.75798034667969,
    127.48265838623047,
    127.36959838867188,
    129.31776428222656,
    127.30108642578125,
    115.8947525024414,
    115.77347564697266,
    115.95942687988281,
    115.79705810546875,
    130.74134826660156,
    127.36144256591797,
    115.91126251220703,
    127.40198516845703,
    116.73177337646484,
    138.87596130371094,
    115.89974212646484,
    127.3307876586914,
    139.06842041015625,
    127.32579040527344,
    127.4883804321289,
    127.3433609008789,
    127.45481872558594,
    115.79618835449219,
    129.005126953125,
    115.73580932617188,
    127.4669418334961,
    115.85606384277344,
    118.18598175048828,
    115.79904174804688,
    127.47772979736328,
    115.76681518554688,
    127.48457336425781,
    115.80838775634766,
    129.9000701904297,
    115.70502471923828,
    127.35785675048828,
    127.28524780273438,
    127.45120239257812,
    127.39170837402344,
    115.89945220947266,
    104.19596862792969,
    127.53282928466797,
    127.36669158935547,
    116.32080078125,
    127.34703826904297,
    115.83961486816406,
    115.76306915283203,
    130.3621368408203,
    138.91722106933594,
    127.56697845458984,
    138.910400390625,
    115.92813110351562,
    115.8095703125,
    132.93423461914062,
    115.79843139648438,
    115.84464263916016,
    127.30464172363281,
    127.44681549072266,
    127.35711669921875,
    119.3371810913086,
    115.77970886230469
  ]
}