{
  "label": "q32b4n_qwen32b_nid001761_g0",
  "num_cells": 8,
  "graph_mode": 1,
  "mode": "GRAPH",
  "mean_ms": 0.4382291215658188,
  "per_cell_ms": 0.05477864019572735,
  "p95_ms": 0.4485744133591652,
  "p99_ms": 0.45309792399406434,
  "miss_1ms": 0.0,
  "raw": [
    0.44700801372528076,
    0.4501439929008484,
    0.43724799156188965,
    0.4375680088996887,
    0.43532800674438477,
    0.43801599740982056,
    0.4371519982814789,
    0.43644800782203674,
    0.4346559941768646,
    0.4373120069503784,
    0.4365119934082031,
    0.4341759979724884,
    0.4368639886379242,
    0.4366079866886139,
    0.4381439983844757,
    0.4344640076160431,
    0.4435519874095917,
    0.4362879991531372,
    0.4368000030517578,
    0.4344319999217987,
    0.43561598658561707,
    0.43772798776626587,
    0.43769600987434387,
    0.4498560130596161,
    0.4376640021800995,
    0.43827199935913086,
    0.4559360146522522,
    0.4365760087966919,
    0.4365119934082031,
    0.4419519901275635,
    0.43536001443862915,
    0.43590399622917175,
    0.43644800782203674,
    0.4380800127983093,
    0.4384639859199524,
    0.4365760087966919,
    0.4370880126953125,
    0.43772798776626587,
    0.43699198961257935,
    0.4355520009994507,
    0.436352014541626,
    0.4398080110549927,
    0.4373440146446228,
    0.43696001172065735,
    0.43456000089645386,
    0.44047999382019043,
    0.4368320107460022,
    0.4373440146446228,
    0.4363200068473816,
    0.44073599576950073
  ]
}