{
  "label": "sameGPU_hbm_2GB",
  "stats": {
    "name": "sameGPU_hbm_2GB",
    "count": 100,
    "mean_ms": 31.333271675109863,
    "std_ms": 3.186613229201552,
    "p50_ms": 31.939199447631836,
    "p95_ms": 37.51700973510742,
    "p99_ms": 40.65601036071779,
    "min_ms": 26.139263153076172,
    "max_ms": 43.15011215209961,
    "jitter": 0.10170062233663567
  },
  "miss_1ms": 1.0,
  "raw": [
    29.158336639404297,
    31.944032669067383,
    29.177888870239258,
    31.944992065429688,
    31.465599060058594,
    29.08185577392578,
    29.195615768432617,
    31.94816017150879,
    32.06867218017578,
    29.019935607910156,
    40.15020751953125,
    29.07049560546875,
    32.060768127441406,
    29.063840866088867,
    26.265823364257812,
    31.942047119140625,
    37.31654357910156,
    31.960512161254883,
    36.98128128051758,
    29.064512252807617,
    29.177919387817383,
    32.12604904174805,
    29.16716766357422,
    29.051424026489258,
    32.076927185058594,
    29.0548152923584,
    34.48905563354492,
    29.0513916015625,
    29.18195152282715,
    34.843936920166016,
    32.051456451416016,
    29.049983978271484,
    36.96656036376953,
    26.153472900390625,
    32.088321685791016,
    40.63081741333008,
    29.209087371826172,
    29.071584701538086,
    37.87644958496094,
    29.0567684173584,
    32.06252670288086,
    31.919296264648438,
    32.0807991027832,
    29.075071334838867,
    32.05583953857422,
    31.950143814086914,
    34.17446517944336,
    31.96291160583496,
    29.16387176513672,
    34.83145523071289,
    29.14860725402832,
    26.139263153076172,
    43.15011215209961,
    29.04697608947754,
    32.05094528198242,
    31.951839447021484,
    29.164512634277344,
    29.064544677734375,
    30.831615447998047,
    31.953407287597656,
    26.240352630615234,
    31.966655731201172,
    32.09142303466797,
    31.963232040405273,
    37.8699836730957,
    29.04707145690918,
    26.260831832885742,
    26.160032272338867,
    32.09049606323242,
    31.936351776123047,
    34.954017639160156,
    31.942367553710938,
    29.18035125732422,
    29.057151794433594,
    32.06332778930664,
    29.063871383666992,
    34.95996856689453,
    29.050399780273438,
    34.552799224853516,
    31.947423934936523,
    32.06390380859375,
    29.073055267333984,
    32.054656982421875,
    29.072223663330078,
    37.12543869018555,
    31.944223403930664,
    33.05830383300781,
    31.963584899902344,
    29.17683219909668,
    29.04627227783203,
    29.176576614379883,
    31.971168518066406,
    37.49843215942383,
    29.044511795043945,
    32.06415939331055,
    29.069856643676758,
    29.1712646484375,
    29.067583084106445,
    29.202943801879883,
    29.04960060119629
  ]
}