{
  "label": "s2v4_gpt2_nid001456",
  "num_cells": 8,
  "graph_mode": 1,
  "mode": "GRAPH",
  "mean_ms": 0.44105087995529174,
  "per_cell_ms": 0.05513135999441147,
  "p95_ms": 0.4555216073989868,
  "p99_ms": 0.5161795192956924,
  "miss_1ms": 0.0,
  "raw": [
    0.43507200479507446,
    0.43724799156188965,
    0.45654401183128357,
    0.4368639886379242,
    0.4339199960231781,
    0.4333760142326355,
    0.45132800936698914,
    0.5127360224723816,
    0.43670400977134705,
    0.4375680088996887,
    0.44121599197387695,
    0.4344319999217987,
    0.43347200751304626,
    0.4366079866886139,
    0.45427200198173523,
    0.4487999975681305,
    0.4326399862766266,
    0.4386560022830963,
    0.4503999948501587,
    0.4365119934082031,
    0.4349440038204193,
    0.437855988740921,
    0.4342080056667328,
    0.440064013004303,
    0.4349760115146637,
    0.43699198961257935,
    0.43408000469207764,
    0.4338560104370117,
    0.4328640103340149,
    0.5194879770278931,
    0.43516799807548523,
    0.4344319999217987,
    0.4350399971008301,
    0.4360640048980713,
    0.436383992433548,
    0.4342080056667328,
    0.43350398540496826,
    0.453247994184494,
    0.4352000057697296,
    0.43593600392341614,
    0.43487998843193054,
    0.4344959855079651,
    0.43379199504852295,
    0.4386560022830963,
    0.435232013463974,
    0.4485119879245758,
    0.4344319999217987,
    0.43379199504852295,
    0.4347200095653534,
    0.4371519982814789
  ]
}