{
  "label": "snrx_large",
  "num_cells": 8,
  "num_tx": 4,
  "num_rx": 4,
  "mcs": 2,
  "hbm_pct": 22.7,
  "stats": {
    "name": "snrx_large",
    "count": 100,
    "mean_ms": 8.221814715862275,
    "std_ms": 0.36970668599493767,
    "p50_ms": 8.17155197262764,
    "p95_ms": 8.294867140054702,
    "p99_ms": 10.744521937966347,
    "min_ms": 7.976864039897919,
    "max_ms": 10.770847856998444,
    "jitter": 0.04496655528878142
  },
  "miss_1ms": 1.0,
  "raw": [
    8.053951919078827,
    8.217920064926147,
    7.976864039897919,
    8.162176012992859,
    8.218975961208344,
    8.16156804561615,
    8.210752010345459,
    8.109919965267181,
    8.04252803325653,
    8.287775993347168,
    8.24371200799942,
    8.28652799129486,
    8.268480002880096,
    8.050047874450684,
    8.10377585887909,
    8.253728091716766,
    10.770847856998444,
    8.076512038707733,
    8.095423936843872,
    8.232223868370056,
    8.096159875392914,
    8.165184020996094,
    8.146783888339996,
    8.193152070045471,
    8.28463989496231,
    8.269568026065826,
    8.042976021766663,
    8.172927975654602,
    8.211519837379456,
    8.130368053913116,
    8.18124806880951,
    8.169855952262878,
    8.173408031463623,
    8.106047928333282,
    8.156511843204498,
    8.146944046020508,
    8.291936039924622,
    8.297664046287537,
    8.307615876197815,
    8.139328062534332,
    8.193152070045471,
    8.154560148715973,
    8.149440050125122,
    8.131487965583801,
    8.155232012271881,
    8.284640073776245,
    8.208959877490997,
    8.145056247711182,
    8.188224136829376,
    8.02505612373352,
    8.210560083389282,
    8.098080039024353,
    8.241504073143005,
    8.069664001464844,
    8.13923192024231,
    8.194655895233154,
    8.254495918750763,
    8.07859206199646,
    8.028479933738708,
    8.170175969600677,
    8.243967890739441,
    8.160127818584442,
    8.16079992055893,
    8.141824007034302,
    8.274623990058899,
    8.111392080783844,
    8.209791958332062,
    8.169280052185059,
    8.222047865390778,
    10.744256019592285,
    8.202944040298462,
    8.083103895187378,
    8.253055930137634,
    8.13590407371521,
    8.178367972373962,
    8.064736068248749,
    8.122368037700653,
    8.21756798028946,
    8.123999953269958,
    8.038496017456055,
    8.190719723701477,
    8.294719934463501,
    8.10505586862564,
    8.198335945606232,
    8.126976013183594,
    8.31244820356369,
    8.199935972690582,
    8.207679986953735,
    8.213856041431427,
    8.21065604686737,
    8.25024002790451,
    8.149088144302368,
    8.093952119350433,
    8.236991941928864,
    8.093759953975677,
    8.205408155918121,
    8.114687979221344,
    8.041280031204224,
    8.260480105876923,
    8.187744081020355
  ]
}