{
  "label": "baseline_final",
  "stats": {
    "name": "baseline_final",
    "count": 100,
    "mean_ms": 2.2380880057811736,
    "std_ms": 3.0485954658253,
    "p50_ms": 1.1281279921531677,
    "p95_ms": 7.990606451034545,
    "p99_ms": 16.97274681091309,
    "min_ms": 0.8845440149307251,
    "max_ms": 17.616928100585938,
    "jitter": 1.3621428013333325
  },
  "miss_1ms": 0.6,
  "raw": [
    1.1897599697113037,
    0.9456959962844849,
    1.1622079610824585,
    0.8942400217056274,
    1.1673920154571533,
    0.9056959748268127,
    1.1831040382385254,
    0.939903974533081,
    1.197119951248169,
    0.9373440146446228,
    1.2010560035705566,
    0.8942400217056274,
    1.1792320013046265,
    0.8957440257072449,
    12.919936180114746,
    2.8308799266815186,
    7.981823921203613,
    3.023200035095215,
    7.232895851135254,
    0.8976320028305054,
    1.1724159717559814,
    0.9577280282974243,
    1.1429760456085205,
    0.9146559834480286,
    1.1726399660110474,
    0.8943359851837158,
    1.1354880332946777,
    0.8876799941062927,
    1.1461759805679321,
    0.8887680172920227,
    1.1905920505523682,
    0.8855680227279663,
    1.1868799924850464,
    0.8931840062141418,
    1.9261120557785034,
    3.1021440029144287,
    8.024928092956543,
    2.447904109954834,
    7.359392166137695,
    0.899071991443634,
    1.1262400150299072,
    0.9417600035667419,
    1.1168639659881592,
    0.8845440149307251,
    1.1360000371932983,
    0.9388160109519958,
    1.128159999847412,
    0.9382079839706421,
    1.1211199760437012,
    0.8914880156517029,
    1.123263955116272,
    0.9162560105323792,
    1.1518720388412476,
    0.917568027973175,
    6.572991847991943,
    3.3772799968719482,
    16.96623992919922,
    3.278592109680176,
    1.1192959547042847,
    0.8876479864120483,
    1.164896011352539,
    0.9459199905395508,
    1.118880033493042,
    0.9149760007858276,
    1.1280959844589233,
    0.9346240162849426,
    1.187008023262024,
    0.9043520092964172,
    1.126304030418396,
    0.889024019241333,
    1.1776319742202759,
    0.8845760226249695,
    1.1637120246887207,
    0.8951039910316467,
    8.41049575805664,
    6.452928066253662,
    7.988800048828125,
    3.317984104156494,
    1.1636159420013428,
    0.9105600118637085,
    1.1897920370101929,
    0.9342079758644104,
    1.125920057296753,
    0.944159984588623,
    1.1859840154647827,
    0.9376320242881775,
    1.1914880275726318,
    0.9447680115699768,
    1.1256320476531982,
    0.8957759737968445,
    1.140895962715149,
    0.9013760089874268,
    1.136415958404541,
    0.8923519849777222,
    17.616928100585938,
    3.2905280590057373,
    5.944416046142578,
    3.3679039478302,
    1.1299200057983398,
    0.891264021396637
  ]
}