{
  "label": "bench_1c_STREAM",
  "num_cells": 1,
  "graph_mode": 0,
  "mode": "STREAM",
  "mean_ms": 0.29082880198955535,
  "per_cell_ms": 0.29082880198955535,
  "p95_ms": 0.299572804570198,
  "p99_ms": 0.3029939171671867,
  "miss_1ms": 0.0,
  "raw": [
    0.2871679961681366,
    0.2908160090446472,
    0.29104000329971313,
    0.2884800136089325,
    0.28812798857688904,
    0.2929919958114624,
    0.2882559895515442,
    0.28838399052619934,
    0.28918400406837463,
    0.2874239981174469,
    0.28729599714279175,
    0.291456013917923,
    0.29440000653266907,
    0.29071998596191406,
    0.28697600960731506,
    0.28809601068496704,
    0.3038719892501831,
    0.2901119887828827,
    0.2868480086326599,
    0.28838399052619934,
    0.2913280129432678,
    0.28857600688934326,
    0.29232001304626465,
    0.29052799940109253,
    0.2869119942188263,
    0.2884800136089325,
    0.29228800535202026,
    0.29071998596191406,
    0.29049599170684814,
    0.3020800054073334,
    0.29206401109695435,
    0.2914240062236786,
    0.29846400022506714,
    0.291456013917923,
    0.29094401001930237,
    0.28572800755500793,
    0.2900159955024719,
    0.3004800081253052,
    0.29049599170684814,
    0.2921279966831207,
    0.2919360101222992,
    0.2866879999637604,
    0.290367990732193,
    0.290912002325058,
    0.29120001196861267,
    0.29203200340270996,
    0.29020801186561584,
    0.2911680042743683,
    0.2890560030937195,
    0.290912002325058
  ]
}