{
  "label": "mig32_4n_base_nid001541_g3",
  "num_cells": 8,
  "graph_mode": 1,
  "mode": "GRAPH",
  "mean_ms": 0.4673305606842041,
  "per_cell_ms": 0.05841632008552551,
  "p95_ms": 0.4708463981747627,
  "p99_ms": 0.4725308755040169,
  "miss_1ms": 0.0,
  "raw": [
    0.46828800439834595,
    0.46956801414489746,
    0.4723840057849884,
    0.46726399660110474,
    0.4676800072193146,
    0.4726719856262207,
    0.46886399388313293,
    0.4676159918308258,
    0.46748799085617065,
    0.4689919948577881,
    0.4687359929084778,
    0.46806401014328003,
    0.4682239890098572,
    0.46803200244903564,
    0.4679040014743805,
    0.4662399888038635,
    0.4658240079879761,
    0.46905601024627686,
    0.4676159918308258,
    0.4662399888038635,
    0.470335990190506,
    0.47011199593544006,
    0.46931201219558716,
    0.4672960042953491,
    0.4645119905471802,
    0.47020798921585083,
    0.4712640047073364,
    0.4644480049610138,
    0.4634239971637726,
    0.4655359983444214,
    0.46492800116539,
    0.46694400906562805,
    0.4668799936771393,
    0.4658240079879761,
    0.4659520089626312,
    0.4654400050640106,
    0.4658240079879761,
    0.46489599347114563,
    0.465472012758255,
    0.46480000019073486,
    0.46460801362991333,
    0.4687359929084778,
    0.46806401014328003,
    0.4663040041923523,
    0.4657280147075653,
    0.46643200516700745,
    0.4651840031147003,
    0.46716800332069397,
    0.4665279984474182,
    0.4676159918308258
  ]
}