{
  "label": "heavy_sm30",
  "num_cells": 20,
  "num_tx": 4,
  "num_rx": 4,
  "mcs": 2,
  "hbm_pct": 21.6,
  "stats": {
    "name": "heavy_sm30",
    "count": 100,
    "mean_ms": 16.567363532185553,
    "std_ms": 6.767323151868805,
    "p50_ms": 14.715663999319077,
    "p95_ms": 28.188110455870625,
    "p99_ms": 51.79890541315079,
    "min_ms": 14.6007040143013,
    "max_ms": 52.0358407497406,
    "jitter": 0.40847314895468256
  },
  "miss_1ms": 1.0,
  "raw": [
    15.743103981018066,
    37.43955200910568,
    48.87788814306259,
    14.865503966808319,
    14.73030400276184,
    14.75382387638092,
    14.7150399684906,
    14.743647992610931,
    14.708608031272888,
    14.650752067565918,
    14.81852799654007,
    14.715551972389221,
    14.789823949337006,
    17.338943898677826,
    15.131231963634491,
    14.768224060535431,
    14.672351896762848,
    14.682144045829773,
    14.731839954853058,
    14.744479894638062,
    14.81798404455185,
    14.678528010845184,
    17.527487993240356,
    14.633632063865662,
    29.708992063999176,
    51.79651212692261,
    14.701503813266754,
    14.77347207069397,
    14.679968059062958,
    14.801888108253479,
    14.743232011795044,
    14.842240035533905,
    14.770175993442535,
    14.778272032737732,
    14.758816063404083,
    14.722048044204712,
    16.99369603395462,
    15.431071937084198,
    14.6807359457016,
    14.617183983325958,
    14.634719967842102,
    14.657055974006653,
    14.623968005180359,
    14.601055920124054,
    14.81305605173111,
    14.683104038238525,
    14.630400121212006,
    15.574752151966095,
    16.90044802427292,
    14.648800015449524,
    14.651935994625092,
    14.715776026248932,
    14.785695791244507,
    14.656320035457611,
    14.683840036392212,
    14.695552051067352,
    14.765823900699615,
    14.696896016597748,
    14.667648017406464,
    16.76319992542267,
    15.604128122329712,
    14.966816067695618,
    14.738880097866058,
    14.79123204946518,
    14.714431941509247,
    14.756383955478668,
    14.637343943119049,
    14.689823985099792,
    14.662624061107635,
    14.64463996887207,
    15.264512181282043,
    17.080639958381653,
    14.629600048065186,
    14.651263892650604,
    14.70086407661438,
    17.61388784646988,
    14.67766410112381,
    14.668287932872772,
    14.654559969902039,
    14.622432053089142,
    14.6007040143013,
    14.643711984157562,
    52.0358407497406,
    28.10806405544281,
    14.66102397441864,
    14.646303951740265,
    14.641823947429657,
    14.726592004299164,
    14.653087973594666,
    14.634591937065125,
    14.68092805147171,
    14.648095965385437,
    14.718688011169434,
    14.981503903865814,
    19.212863981723785,
    14.651584029197693,
    14.688448011875153,
    14.788512170314789,
    14.675712049007416,
    14.63942402601242
  ]
}