{
  "label": "m2n_full_nid001373_g1",
  "num_cells": 8,
  "graph_mode": 1,
  "mode": "GRAPH",
  "mean_ms": 2.05493248462677,
  "per_cell_ms": 0.2568665605783462,
  "p95_ms": 9.298718643188476,
  "p99_ms": 9.303659563064576,
  "miss_1ms": 1.0,
  "raw": [
    1.4378880262374878,
    1.4303040504455566,
    1.4050559997558594,
    1.375040054321289,
    9.297856330871582,
    1.36627197265625,
    1.4035840034484863,
    1.4335999488830566,
    1.4266560077667236,
    1.425279974937439,
    1.4323519468307495,
    1.4485759735107422,
    1.444767951965332,
    1.4440959692001343,
    1.4127039909362793,
    1.420799970626831,
    9.299424171447754,
    1.402400016784668,
    1.4190080165863037,
    1.421023964881897,
    1.4203519821166992,
    1.4523199796676636,
    1.420192003250122,
    1.4234559535980225,
    1.4218239784240723,
    1.4376959800720215,
    1.4126399755477905,
    1.4337279796600342,
    9.305791854858398,
    1.4285759925842285,
    1.425663948059082,
    1.428063988685608,
    1.4311360120773315,
    1.425920009613037,
    1.430400013923645,
    1.4176959991455078,
    1.444640040397644,
    1.4176959991455078,
    1.4458880424499512,
    1.4248640537261963,
    9.301440238952637,
    1.4402559995651245,
    1.4458240270614624,
    1.436735987663269,
    1.3743679523468018,
    1.4216959476470947,
    1.4075520038604736,
    1.4339519739151,
    1.4578880071640015,
    1.4316799640655518
  ]
}