{
  "label": "q32b4n_qwen32b_nid001533_g0",
  "num_cells": 8,
  "graph_mode": 1,
  "mode": "GRAPH",
  "mean_ms": 0.4346361583471298,
  "per_cell_ms": 0.05432951979339123,
  "p95_ms": 0.43842560052871704,
  "p99_ms": 0.43986783266067503,
  "miss_1ms": 0.0,
  "raw": [
    0.43327999114990234,
    0.4386560022830963,
    0.43353599309921265,
    0.43484801054000854,
    0.434143990278244,
    0.44044798612594604,
    0.4347200095653534,
    0.4326080083847046,
    0.43459200859069824,
    0.43561598658561707,
    0.4352000057697296,
    0.4347839951515198,
    0.4325760006904602,
    0.4365119934082031,
    0.4357439875602722,
    0.43462398648262024,
    0.43171200156211853,
    0.43513599038124084,
    0.43484801054000854,
    0.4350079894065857,
    0.43321600556373596,
    0.4355520009994507,
    0.43673598766326904,
    0.43353599309921265,
    0.4344959855079651,
    0.43408000469207764,
    0.43347200751304626,
    0.43539199233055115,
    0.43427199125289917,
    0.4375999867916107,
    0.4329279959201813,
    0.43222400546073914,
    0.43379199504852295,
    0.43542400002479553,
    0.434112012386322,
    0.43267199397087097,
    0.43116798996925354,
    0.4354560077190399,
    0.4381439983844757,
    0.4329279959201813,
    0.4317759871482849,
    0.434112012386322,
    0.4357120096683502,
    0.4331519901752472,
    0.43299201130867004,
    0.4343680143356323,
    0.4392639994621277,
    0.43456000089645386,
    0.4334079921245575,
    0.43667200207710266
  ]
}