{
  "label": "s4n4g_neuralrx_nid003953_g1",
  "num_cells": 8,
  "graph_mode": 1,
  "mode": "GRAPH",
  "mean_ms": 0.4383552002906799,
  "per_cell_ms": 0.05479440003633499,
  "p95_ms": 0.4474912017583847,
  "p99_ms": 0.4490243229269981,
  "miss_1ms": 0.0,
  "raw": [
    0.44099199771881104,
    0.4434239864349365,
    0.4382080137729645,
    0.438975989818573,
    0.4366399943828583,
    0.4365119934082031,
    0.43667200207710266,
    0.437855988740921,
    0.4424639940261841,
    0.43827199935913086,
    0.432096004486084,
    0.4350079894065857,
    0.4384639859199524,
    0.4373759925365448,
    0.4370560050010681,
    0.43587198853492737,
    0.43532800674438477,
    0.4376319944858551,
    0.43644800782203674,
    0.43619200587272644,
    0.436383992433548,
    0.4376640021800995,
    0.44710400700569153,
    0.43584001064300537,
    0.43702399730682373,
    0.4365119934082031,
    0.4447680115699768,
    0.4481920003890991,
    0.4368000030517578,
    0.43724799156188965,
    0.44780799746513367,
    0.4368000030517578,
    0.43510401248931885,
    0.43830400705337524,
    0.43990400433540344,
    0.43481600284576416,
    0.4355520009994507,
    0.4333440065383911,
    0.4384320080280304,
    0.4375999867916107,
    0.4357120096683502,
    0.4373440146446228,
    0.4498240053653717,
    0.4389120042324066,
    0.4402239918708801,
    0.4359999895095825,
    0.4384639859199524,
    0.4370880126953125,
    0.4394240081310272,
    0.4380800127983093
  ]
}