{
  "label": "snrx_small",
  "num_cells": 8,
  "num_tx": 4,
  "num_rx": 4,
  "mcs": 2,
  "hbm_pct": 23.0,
  "stats": {
    "name": "snrx_small",
    "count": 100,
    "mean_ms": 8.401896651983261,
    "std_ms": 0.19256104754929762,
    "p50_ms": 8.36068806052208,
    "p95_ms": 8.663371133804322,
    "p99_ms": 9.253675107955933,
    "min_ms": 8.116928160190582,
    "max_ms": 9.422688007354736,
    "jitter": 0.022918759361773837
  },
  "miss_1ms": 1.0,
  "raw": [
    8.442015886306763,
    8.346111953258514,
    8.489344120025635,
    8.2360959649086,
    8.38588798046112,
    8.286495983600616,
    8.241376161575317,
    8.327903985977173,
    8.663327932357788,
    8.328224062919617,
    8.372351825237274,
    8.296512126922607,
    8.44319999217987,
    8.32230395078659,
    8.408127844333649,
    8.184288084506989,
    8.464416265487671,
    8.18611204624176,
    8.29612809419632,
    8.172128081321716,
    8.443264067173004,
    8.23852789402008,
    8.186400055885315,
    8.530047953128815,
    8.660160064697266,
    8.369791865348816,
    8.66323184967041,
    8.364352107048035,
    9.251967906951904,
    8.333248138427734,
    8.372159957885742,
    8.443775832653046,
    8.131872117519379,
    8.258463978767395,
    8.40768015384674,
    8.529631972312927,
    8.664191961288452,
    8.247232019901276,
    8.19238406419754,
    8.26332813501358,
    8.459104061126709,
    8.331583976745605,
    8.499296069145203,
    8.3296959400177,
    8.553408145904541,
    8.337279975414276,
    8.377695977687836,
    8.64086401462555,
    8.249312043190002,
    8.276127994060516,
    8.507552027702332,
    8.446816086769104,
    8.371935963630676,
    8.331328094005585,
    8.465855956077576,
    8.540288031101227,
    8.447263956069946,
    8.293696165084839,
    8.590240120887756,
    8.49183988571167,
    8.177824139595032,
    8.560384035110474,
    8.423743903636932,
    8.356800138950348,
    8.357024013996124,
    8.349503993988037,
    8.263840019702911,
    8.414399862289429,
    8.349695980548859,
    8.666656136512756,
    8.67791998386383,
    8.592703938484192,
    8.116928160190582,
    8.604352116584778,
    8.248128116130829,
    8.217823922634125,
    8.476223945617676,
    8.458783984184265,
    8.32531189918518,
    8.591072082519531,
    9.422688007354736,
    8.547968029975891,
    8.480064034461975,
    8.268063962459564,
    8.311071932315826,
    8.437471985816956,
    8.340991914272308,
    8.565792083740234,
    8.274976134300232,
    8.263744056224823,
    8.254688024520874,
    8.567904114723206,
    8.259199917316437,
    8.351039826869965,
    8.339039921760559,
    8.189888000488281,
    8.168511986732483,
    8.208319902420044,
    8.344032108783722,
    8.379839956760406
  ]
}