{
  "label": "q32b4n_qwen32b_nid001761_g3",
  "num_cells": 8,
  "graph_mode": 1,
  "mode": "GRAPH",
  "mean_ms": 0.4350105613470078,
  "per_cell_ms": 0.05437632016837597,
  "p95_ms": 0.4484479933977127,
  "p99_ms": 0.4585795286297798,
  "miss_1ms": 0.0,
  "raw": [
    0.437824010848999,
    0.43619200587272644,
    0.43487998843193054,
    0.4338879883289337,
    0.4331839978694916,
    0.4357759952545166,
    0.4371519982814789,
    0.43516799807548523,
    0.4325439929962158,
    0.42870399355888367,
    0.4382399916648865,
    0.45840001106262207,
    0.42656001448631287,
    0.4360640048980713,
    0.42800000309944153,
    0.434112012386322,
    0.4286400079727173,
    0.4272319972515106,
    0.4354879856109619,
    0.4343680143356323,
    0.45875200629234314,
    0.4354560077190399,
    0.42659199237823486,
    0.42742401361465454,
    0.43532800674438477,
    0.43590399622917175,
    0.4307839870452881,
    0.43513599038124084,
    0.42665600776672363,
    0.43584001064300537,
    0.4466879963874817,
    0.4367679953575134,
    0.4363200068473816,
    0.44179201126098633,
    0.44016000628471375,
    0.4336960017681122,
    0.4283199906349182,
    0.42876800894737244,
    0.4352959990501404,
    0.4277760088443756,
    0.43398401141166687,
    0.4365760087966919,
    0.43241599202156067,
    0.4243519902229309,
    0.4328640103340149,
    0.43718400597572327,
    0.4443199932575226,
    0.4498879909515381,
    0.4357120096683502,
    0.42735999822616577
  ]
}