{
  "label": "bench_2c_STREAM",
  "num_cells": 2,
  "graph_mode": 0,
  "mode": "STREAM",
  "mean_ms": 0.4409152007102966,
  "per_cell_ms": 0.2204576003551483,
  "p95_ms": 0.4443792045116425,
  "p99_ms": 0.4453347170352936,
  "miss_1ms": 0.0,
  "raw": [
    0.44259199500083923,
    0.44364801049232483,
    0.44377601146698,
    0.4359680116176605,
    0.4442560076713562,
    0.43744000792503357,
    0.4360640048980713,
    0.4449920058250427,
    0.4439679980278015,
    0.4416320025920868,
    0.4416959881782532,
    0.4444800019264221,
    0.4434559941291809,
    0.4368320107460022,
    0.44233599305152893,
    0.4347200095653534,
    0.44259199500083923,
    0.4373440146446228,
    0.4426240026950836,
    0.4413119852542877,
    0.44278401136398315,
    0.44223999977111816,
    0.43721601366996765,
    0.43779200315475464,
    0.44268798828125,
    0.44223999977111816,
    0.4418239891529083,
    0.4412800073623657,
    0.4365440011024475,
    0.4416320025920868,
    0.44115200638771057,
    0.44275200366973877,
    0.4379200041294098,
    0.4396800100803375,
    0.4370880126953125,
    0.44070398807525635,
    0.44150400161743164,
    0.4355520009994507,
    0.4432640075683594,
    0.44412800669670105,
    0.4349119961261749,
    0.4456639885902405,
    0.4413119852542877,
    0.44099199771881104,
    0.4422079920768738,
    0.43910399079322815,
    0.441567987203598,
    0.442656010389328,
    0.4431999921798706,
    0.4424319863319397
  ]
}