{
  "label": "s1n4g_resnet_nid001285_g3",
  "num_cells": 8,
  "graph_mode": 1,
  "mode": "GRAPH",
  "mean_ms": 0.5445651185512542,
  "per_cell_ms": 0.06807063981890678,
  "p95_ms": 0.5476207941770553,
  "p99_ms": 0.5511369431018829,
  "miss_1ms": 0.0,
  "raw": [
    0.5421119928359985,
    0.5446079969406128,
    0.5470399856567383,
    0.5449600219726562,
    0.5437440276145935,
    0.5451520085334778,
    0.5441280007362366,
    0.5432000160217285,
    0.5412160158157349,
    0.5433279871940613,
    0.5465279817581177,
    0.5415040254592896,
    0.5419840216636658,
    0.5502719879150391,
    0.542527973651886,
    0.5429760217666626,
    0.5447999835014343,
    0.545632004737854,
    0.543071985244751,
    0.5428159832954407,
    0.5399680137634277,
    0.5458239912986755,
    0.5447679758071899,
    0.5466240048408508,
    0.5454080104827881,
    0.5442559719085693,
    0.5450239777565002,
    0.551967978477478,
    0.5437759757041931,
    0.5453119874000549,
    0.5466880202293396,
    0.5415040254592896,
    0.5446079969406128,
    0.5448319911956787,
    0.5463680028915405,
    0.5468479990959167,
    0.5480960011482239,
    0.5440000295639038,
    0.5451520085334778,
    0.5420799851417542,
    0.5452160239219666,
    0.546176016330719,
    0.5441920161247253,
    0.5435519814491272,
    0.544704020023346,
    0.5445759892463684,
    0.5445759892463684,
    0.5415359735488892,
    0.5437759757041931,
    0.5452479720115662
  ]
}