{
  "label": "s4n_resnet_n0",
  "num_cells": 8,
  "graph_mode": 1,
  "mode": "GRAPH",
  "mean_ms": 0.43363200008869174,
  "per_cell_ms": 0.05420400001108647,
  "p95_ms": 0.4373600006103516,
  "p99_ms": 0.4384057605266571,
  "miss_1ms": 0.0,
  "raw": [
    0.43356800079345703,
    0.4341759979724884,
    0.43321600556373596,
    0.43299201130867004,
    0.43248000741004944,
    0.43536001443862915,
    0.43647998571395874,
    0.43327999114990234,
    0.43190398812294006,
    0.43462398648262024,
    0.43564799427986145,
    0.43219199776649475,
    0.4314880073070526,
    0.43248000741004944,
    0.4380800127983093,
    0.4336000084877014,
    0.4323199987411499,
    0.43248000741004944,
    0.4322560131549835,
    0.43382400274276733,
    0.4338560104370117,
    0.43244799971580505,
    0.43241599202156067,
    0.4342080056667328,
    0.43347200751304626,
    0.43558400869369507,
    0.43456000089645386,
    0.43136000633239746,
    0.43167999386787415,
    0.4386880099773407,
    0.4381119906902313,
    0.43427199125289917,
    0.4331519901752472,
    0.43238401412963867,
    0.4352000057697296,
    0.43404799699783325,
    0.43193599581718445,
    0.43350398540496826,
    0.43251198530197144,
    0.4342080056667328,
    0.43561598658561707,
    0.4327999949455261,
    0.4331839978694916,
    0.4311999976634979,
    0.4325439929962158,
    0.434688001871109,
    0.43347200751304626,
    0.43251198530197144,
    0.43171200156211853,
    0.43382400274276733
  ]
}