{
  "label": "s2v4_resnet_nid001457",
  "num_cells": 8,
  "graph_mode": 1,
  "mode": "GRAPH",
  "mean_ms": 2.1508729445934294,
  "per_cell_ms": 0.26885911807417867,
  "p95_ms": 4.212009513378142,
  "p99_ms": 4.751696872711181,
  "miss_1ms": 0.96,
  "raw": [
    3.9651520252227783,
    3.2635200023651123,
    1.5268800258636475,
    2.3711040019989014,
    1.5841280221939087,
    1.5047359466552734,
    1.791167974472046,
    1.3594880104064941,
    1.4297599792480469,
    1.1095999479293823,
    2.8136000633239746,
    2.7629759311676025,
    3.8777918815612793,
    4.4139838218688965,
    2.120543956756592,
    2.2343358993530273,
    2.37337589263916,
    1.5722880363464355,
    1.1846719980239868,
    1.3828799724578857,
    1.1811840534210205,
    1.2163519859313965,
    0.9722239971160889,
    2.70032000541687,
    2.7478721141815186,
    3.7296640872955322,
    4.532959938049316,
    2.687135934829712,
    2.216991901397705,
    2.5808959007263184,
    1.8279039859771729,
    1.3961600065231323,
    0.9522560238838196,
    1.3904000520706177,
    1.5792959928512573,
    1.2876479625701904,
    2.9736320972442627,
    3.811295986175537,
    4.961855888366699,
    2.2429120540618896,
    1.5219839811325073,
    2.2439041137695312,
    1.3481919765472412,
    1.3957439661026,
    1.2042239904403687,
    1.3947199583053589,
    1.3559999465942383,
    1.6458560228347778,
    1.004256010055542,
    2.797823905944824
  ]
}