{
  "label": "m1n_baseline_nid001277_g1",
  "num_cells": 8,
  "graph_mode": 1,
  "mode": "GRAPH",
  "mean_ms": 0.5444217622280121,
  "per_cell_ms": 0.06805272027850151,
  "p95_ms": 0.5487664103507995,
  "p99_ms": 0.5509984081983567,
  "miss_1ms": 0.0,
  "raw": [
    0.5437120199203491,
    0.5520960092544556,
    0.544160008430481,
    0.5431039929389954,
    0.5433279871940613,
    0.5451200008392334,
    0.5449600219726562,
    0.5434880256652832,
    0.5429440140724182,
    0.5450559854507446,
    0.5429120063781738,
    0.5498560070991516,
    0.5428799986839294,
    0.54448002576828,
    0.5447999835014343,
    0.5445119738578796,
    0.5434240102767944,
    0.5448960065841675,
    0.543936014175415,
    0.5440000295639038,
    0.5432639718055725,
    0.5438719987869263,
    0.5454720258712769,
    0.5438399910926819,
    0.5426239967346191,
    0.5421760082244873,
    0.5459200143814087,
    0.5435839891433716,
    0.5423679947853088,
    0.5418879985809326,
    0.5455679893493652,
    0.5486080050468445,
    0.5441920161247253,
    0.5435839891433716,
    0.5474879741668701,
    0.5436480045318604,
    0.5433599948883057,
    0.5434880256652832,
    0.5437440276145935,
    0.543936014175415,
    0.5413439869880676,
    0.5455359816551208,
    0.5428159832954407,
    0.541375994682312,
    0.543936014175415,
    0.5467519760131836,
    0.5477120280265808,
    0.5452479720115662,
    0.5411840081214905,
    0.5488960146903992
  ]
}