{
  "label": "m4n_baseline_nid001761_g2",
  "num_cells": 8,
  "graph_mode": 1,
  "mode": "GRAPH",
  "mean_ms": 0.43460736036300657,
  "per_cell_ms": 0.05432592004537582,
  "p95_ms": 0.4406175926327705,
  "p99_ms": 0.4461875197291374,
  "miss_1ms": 0.0,
  "raw": [
    0.43462398648262024,
    0.4363200068473816,
    0.43696001172065735,
    0.434112012386322,
    0.43427199125289917,
    0.4362559914588928,
    0.435263991355896,
    0.4345279932022095,
    0.43513599038124084,
    0.4365440011024475,
    0.4362879991531372,
    0.43382400274276733,
    0.4333760142326355,
    0.4334399998188019,
    0.43430399894714355,
    0.43164798617362976,
    0.4347839951515198,
    0.43587198853492737,
    0.4336000084877014,
    0.4315840005874634,
    0.4320000112056732,
    0.4439679980278015,
    0.43456000089645386,
    0.43196800351142883,
    0.4318079948425293,
    0.4336319863796234,
    0.43302398920059204,
    0.43398401141166687,
    0.4323199987411499,
    0.43372800946235657,
    0.4357759952545166,
    0.43296000361442566,
    0.43456000089645386,
    0.43699198961257935,
    0.43379199504852295,
    0.4338560104370117,
    0.43196800351142883,
    0.4333760142326355,
    0.43427199125289917,
    0.4342400133609772,
    0.43212801218032837,
    0.4336000084877014,
    0.4338560104370117,
    0.4342400133609772,
    0.4315840005874634,
    0.44358399510383606,
    0.4328959882259369,
    0.43276798725128174,
    0.43187201023101807,
    0.4483200013637543
  ]
}