{
  "label": "mig72_2n_qwen_nid008657_g0",
  "num_cells": 8,
  "graph_mode": 1,
  "mode": "GRAPH",
  "mean_ms": 0.518931839466095,
  "per_cell_ms": 0.06486647993326188,
  "p95_ms": 0.5865423977375029,
  "p99_ms": 0.7479849576950073,
  "miss_1ms": 0.0,
  "raw": [
    0.5139200091362,
    0.5000960230827332,
    0.4952639937400818,
    0.48956799507141113,
    0.4835520088672638,
    0.5166400074958801,
    0.5070400238037109,
    0.5093119740486145,
    0.517408013343811,
    0.48793599009513855,
    0.48902401328086853,
    0.5135679841041565,
    0.5248640179634094,
    0.49907198548316956,
    0.515936017036438,
    0.5103999972343445,
    0.5234559774398804,
    0.497408002614975,
    0.5098239779472351,
    0.75900799036026,
    0.5127679705619812,
    0.5077120065689087,
    0.5083839893341064,
    0.5738880038261414,
    0.5195519924163818,
    0.5166079998016357,
    0.48159998655319214,
    0.5078080296516418,
    0.4841279983520508,
    0.5175039768218994,
    0.5108159780502319,
    0.4925439953804016,
    0.5016000270843506,
    0.5039359927177429,
    0.49935999512672424,
    0.5114880204200745,
    0.4909439980983734,
    0.5968959927558899,
    0.5681599974632263,
    0.49612799286842346,
    0.5113919973373413,
    0.5030720233917236,
    0.7365120053291321,
    0.49747198820114136,
    0.4861760139465332,
    0.5200319886207581,
    0.49932798743247986,
    0.49507200717926025,
    0.541920006275177,
    0.4904960095882416
  ]
}