{
  "label": "s4n_gpt2_n0",
  "num_cells": 8,
  "graph_mode": 1,
  "mode": "GRAPH",
  "mean_ms": 0.43476416170597076,
  "per_cell_ms": 0.054345520213246346,
  "p95_ms": 0.44146559983491895,
  "p99_ms": 0.44245791018009184,
  "miss_1ms": 0.0,
  "raw": [
    0.4419519901275635,
    0.4352000057697296,
    0.43532800674438477,
    0.43321600556373596,
    0.4320639967918396,
    0.43702399730682373,
    0.43584001064300537,
    0.43408000469207764,
    0.43462398648262024,
    0.4338879883289337,
    0.43510401248931885,
    0.4330880045890808,
    0.4318400025367737,
    0.4342400133609772,
    0.4416959881782532,
    0.4350399971008301,
    0.4338560104370117,
    0.4344959855079651,
    0.43238401412963867,
    0.43379199504852295,
    0.43139201402664185,
    0.4336639940738678,
    0.43513599038124084,
    0.435263991355896,
    0.4318400025367737,
    0.4366079866886139,
    0.43558400869369507,
    0.434112012386322,
    0.4323520064353943,
    0.4429439902305603,
    0.4360960125923157,
    0.43347200751304626,
    0.4360640048980713,
    0.43347200751304626,
    0.43408000469207764,
    0.4380800127983093,
    0.43251198530197144,
    0.4349119961261749,
    0.4328320026397705,
    0.44118401408195496,
    0.4349440038204193,
    0.43487998843193054,
    0.43404799699783325,
    0.42953601479530334,
    0.4312640130519867,
    0.4376319944858551,
    0.43532800674438477,
    0.4325439929962158,
    0.4330880045890808,
    0.43459200859069824
  ]
}