{
  "label": "q32b4n_baseline_nid001461_g3",
  "num_cells": 8,
  "graph_mode": 1,
  "mode": "GRAPH",
  "mean_ms": 0.43581568241119384,
  "per_cell_ms": 0.05447696030139923,
  "p95_ms": 0.4395056053996086,
  "p99_ms": 0.4467068800330162,
  "miss_1ms": 0.0,
  "raw": [
    0.4373759925365448,
    0.43536001443862915,
    0.43510401248931885,
    0.43507200479507446,
    0.43913599848747253,
    0.43647998571395874,
    0.4352000057697296,
    0.4338879883289337,
    0.43375998735427856,
    0.43612799048423767,
    0.4357120096683502,
    0.4333760142326355,
    0.4362240135669708,
    0.43481600284576416,
    0.4398080110549927,
    0.43584001064300537,
    0.43372800946235657,
    0.43487998843193054,
    0.43696001172065735,
    0.43484801054000854,
    0.44329598546028137,
    0.43558400869369507,
    0.4355199933052063,
    0.44998401403427124,
    0.4352000057697296,
    0.4359999895095825,
    0.43587198853492737,
    0.4327999949455261,
    0.4336639940738678,
    0.43536001443862915,
    0.4347200095653534,
    0.4333440065383911,
    0.43324801325798035,
    0.43593600392341614,
    0.4352000057697296,
    0.4334399998188019,
    0.43747198581695557,
    0.43641600012779236,
    0.43584001064300537,
    0.43299201130867004,
    0.4344640076160431,
    0.43510401248931885,
    0.43542400002479553,
    0.43356800079345703,
    0.4325760006904602,
    0.435232013463974,
    0.43769600987434387,
    0.4344319999217987,
    0.43798398971557617,
    0.4387199878692627
  ]
}