{
  "label": "nrx_baseline",
  "num_cells": 8,
  "num_tx": 4,
  "num_rx": 4,
  "mcs": 2,
  "hbm_pct": 19.4,
  "stats": {
    "name": "nrx_baseline",
    "count": 100,
    "mean_ms": 6.121531521081924,
    "std_ms": 0.40623809735334737,
    "p50_ms": 5.859904021024704,
    "p95_ms": 6.738011193275452,
    "p99_ms": 6.769529646635056,
    "min_ms": 5.7981120347976685,
    "max_ms": 6.8797760009765625,
    "jitter": 0.06636216704174522
  },
  "miss_1ms": 1.0,
  "raw": [
    6.71068799495697,
    6.737951993942261,
    6.704896032810211,
    6.702719986438751,
    6.712224006652832,
    6.702047944068909,
    6.703615963459015,
    6.8797760009765625,
    6.7147199511528015,
    6.696768045425415,
    6.693951964378357,
    6.718463957309723,
    6.706719934940338,
    6.707103967666626,
    6.742240071296692,
    6.739135980606079,
    6.742047965526581,
    6.696800053119659,
    6.706079959869385,
    6.768416047096252,
    6.703104019165039,
    6.678144037723541,
    6.7206079959869385,
    6.698303997516632,
    6.695872008800507,
    6.724415957927704,
    6.704927980899811,
    6.6870399713516235,
    6.686591982841492,
    6.696671903133392,
    6.679968059062958,
    6.580096006393433,
    5.835904002189636,
    5.824575960636139,
    5.829599976539612,
    5.7981120347976685,
    5.893856048583984,
    5.811807990074158,
    5.820704102516174,
    5.873856067657471,
    5.819104015827179,
    5.8315200209617615,
    5.838624000549316,
    5.822304010391235,
    5.870400011539459,
    5.811007916927338,
    5.802719950675964,
    5.916703999042511,
    5.802528023719788,
    5.8488640785217285,
    5.8776320815086365,
    5.918623983860016,
    5.881152033805847,
    5.873503923416138,
    5.828512072563171,
    5.820927977561951,
    5.819872081279755,
    5.830304026603699,
    5.903424084186554,
    5.8517120480537415,
    5.818112015724182,
    5.822751939296722,
    5.800511956214905,
    5.84092789888382,
    5.817407965660095,
    5.814624071121216,
    5.818432033061981,
    5.824064016342163,
    5.858335971832275,
    5.851584017276764,
    5.855040073394775,
    5.945695996284485,
    5.84633594751358,
    5.811039984226227,
    5.879455983638763,
    5.8711360692977905,
    5.861472070217133,
    5.8305599093437195,
    5.823168039321899,
    5.896991968154907,
    5.854560017585754,
    6.04774397611618,
    5.876031935214996,
    5.843807935714722,
    5.810207903385162,
    5.824415981769562,
    5.8288960456848145,
    5.817824065685272,
    5.876160025596619,
    5.826079964637756,
    5.803263962268829,
    5.804416060447693,
    5.856064021587372,
    5.867392003536224,
    5.802944004535675,
    5.81411200761795,
    5.833024024963379,
    5.827104032039642,
    5.827455937862396,
    5.824032008647919
  ]
}