{
  "label": "s4n4g_gpt2_nid003952_g0",
  "num_cells": 8,
  "graph_mode": 1,
  "mode": "GRAPH",
  "mean_ms": 0.44062848210334776,
  "per_cell_ms": 0.05507856026291847,
  "p95_ms": 0.4506224006414413,
  "p99_ms": 0.4577142411470413,
  "miss_1ms": 0.0,
  "raw": [
    0.4368000030517578,
    0.44358399510383606,
    0.44863998889923096,
    0.4527040123939514,
    0.4380800127983093,
    0.4373120069503784,
    0.4370880126953125,
    0.4397760033607483,
    0.43852800130844116,
    0.43935999274253845,
    0.4384320080280304,
    0.43487998843193054,
    0.4390079975128174,
    0.4383679926395416,
    0.43929600715637207,
    0.4418239891529083,
    0.45132800936698914,
    0.43750399351119995,
    0.43913599848747253,
    0.43353599309921265,
    0.4355520009994507,
    0.4379200041294098,
    0.4450240135192871,
    0.44489601254463196,
    0.44441598653793335,
    0.4625279903411865,
    0.4376640021800995,
    0.43702399730682373,
    0.4484800100326538,
    0.4387519955635071,
    0.4489920139312744,
    0.44489601254463196,
    0.43987199664115906,
    0.4370880126953125,
    0.4360960125923157,
    0.4363200068473816,
    0.43753600120544434,
    0.4378879964351654,
    0.4371199905872345,
    0.4346559941768646,
    0.4428800046443939,
    0.4387519955635071,
    0.44975998997688293,
    0.44972801208496094,
    0.435232013463974,
    0.4386880099773407,
    0.4362240135669708,
    0.4383679926395416,
    0.436352014541626,
    0.43753600120544434
  ]
}