{
  "label": "s4n_baseline_n0",
  "num_cells": 8,
  "graph_mode": 1,
  "mode": "GRAPH",
  "mean_ms": 0.433538561463356,
  "per_cell_ms": 0.0541923201829195,
  "p95_ms": 0.43672960102558134,
  "p99_ms": 0.43841408014297484,
  "miss_1ms": 0.0,
  "raw": [
    0.43910399079322815,
    0.4323520064353943,
    0.4360960125923157,
    0.4323199987411499,
    0.43270400166511536,
    0.4313279986381531,
    0.43724799156188965,
    0.43161600828170776,
    0.43027201294898987,
    0.4349440038204193,
    0.4344640076160431,
    0.4328640103340149,
    0.4333440065383911,
    0.43379199504852295,
    0.43427199125289917,
    0.4330880045890808,
    0.43302398920059204,
    0.43769600987434387,
    0.4344640076160431,
    0.43196800351142883,
    0.4336639940738678,
    0.43398401141166687,
    0.43427199125289917,
    0.4328320026397705,
    0.4345279932022095,
    0.43430399894714355,
    0.4338560104370117,
    0.43331199884414673,
    0.43212801218032837,
    0.4344640076160431,
    0.43212801218032837,
    0.43196800351142883,
    0.43251198530197144,
    0.4347519874572754,
    0.4336639940738678,
    0.43212801218032837,
    0.43187201023101807,
    0.43382400274276733,
    0.4342400133609772,
    0.43215999007225037,
    0.4326399862766266,
    0.43516799807548523,
    0.434112012386322,
    0.43238401412963867,
    0.43212801218032837,
    0.4350399971008301,
    0.4334399998188019,
    0.43164798617362976,
    0.4328959882259369,
    0.4339199960231781
  ]
}