{
  "label": "s4n4g_resnet_nid001269_g3",
  "num_cells": 8,
  "graph_mode": 1,
  "mode": "GRAPH",
  "mean_ms": 0.4363590383529663,
  "per_cell_ms": 0.05454487979412079,
  "p95_ms": 0.44153439700603486,
  "p99_ms": 0.44830623745918274,
  "miss_1ms": 0.0,
  "raw": [
    0.43433600664138794,
    0.4330559968948364,
    0.4368639886379242,
    0.4410240054130554,
    0.4344319999217987,
    0.4362559914588928,
    0.4362240135669708,
    0.4352959990501404,
    0.4365760087966919,
    0.43801599740982056,
    0.43564799427986145,
    0.43539199233055115,
    0.43516799807548523,
    0.4302400052547455,
    0.43753600120544434,
    0.43356800079345703,
    0.4355199933052063,
    0.4376640021800995,
    0.43692800402641296,
    0.4334399998188019,
    0.4338879883289337,
    0.428384006023407,
    0.4419519901275635,
    0.43779200315475464,
    0.4342080056667328,
    0.44841599464416504,
    0.43798398971557617,
    0.4365119934082031,
    0.43510401248931885,
    0.43561598658561707,
    0.4368639886379242,
    0.434143990278244,
    0.43859198689460754,
    0.4370560050010681,
    0.4365440011024475,
    0.4347200095653534,
    0.4346559941768646,
    0.43542400002479553,
    0.43347200751304626,
    0.4352959990501404,
    0.4398399889469147,
    0.43718400597572327,
    0.4360319972038269,
    0.4350079894065857,
    0.4339199960231781,
    0.43593600392341614,
    0.4481920003890991,
    0.4367679953575134,
    0.434688001871109,
    0.4405759871006012
  ]
}