{
  "label": "conc_hbm2g",
  "num_cells": 20,
  "num_tx": 4,
  "num_rx": 4,
  "mcs": 2,
  "concurrent": true,
  "hbm_pct": 56.3,
  "stats": {
    "mean_ms": 611.5417352294921,
    "p50_ms": 611.5537719726562,
    "p95_ms": 628.9884246826172,
    "p99_ms": 634.9632489013673,
    "jitter": 0.01840375521146295
  },
  "miss_1ms": 1.0,
  "raw": [
    611.6134033203125,
    617.411376953125,
    617.33056640625,
    600.0023193359375,
    597.05859375,
    611.5991821289062,
    614.5221557617188,
    608.6934814453125,
    597.0634765625,
    611.5350952148438,
    628.9699096679688,
    588.2689208984375,
    608.6865234375,
    634.77294921875,
    614.4144287109375,
    594.1927490234375,
    623.14697265625,
    611.514404296875,
    599.9766235351562,
    620.2569580078125,
    617.3646240234375,
    597.1004638671875,
    628.8601684570312,
    628.999267578125,
    620.2250366210938,
    631.8780517578125,
    605.7732543945312,
    608.7255859375,
    605.7220458984375,
    599.9837646484375,
    608.70361328125,
    620.2742309570312,
    594.2077026367188,
    597.0540771484375,
    602.9044189453125,
    620.2295532226562,
    617.3553466796875,
    617.3916625976562,
    623.093994140625,
    620.2706298828125,
    614.3997192382812,
    611.5632934570312,
    599.9780883789062,
    605.7049560546875,
    611.5407104492188,
    594.2769775390625,
    585.4658813476562,
    620.2732543945312,
    620.2691650390625,
    614.5784301757812,
    605.7234497070312,
    617.3541259765625,
    608.7259521484375,
    611.5383911132812,
    608.6825561523438,
    611.59765625,
    605.766845703125,
    608.649169921875,
    611.5442504882812,
    634.7901611328125,
    626.0035400390625,
    605.7979125976562,
    614.4290161132812,
    620.22509765625,
    602.9779663085938,
    611.5264282226562,
    599.9963989257812,
    611.571533203125,
    617.33984375,
    617.3624267578125,
    588.37060546875,
    620.28955078125,
    614.42138671875,
    600.025146484375,
    608.6812133789062,
    608.7169189453125,
    617.3924560546875,
    597.0189208984375,
    602.9254150390625,
    617.3506469726562,
    628.9878540039062,
    608.6549682617188,
    620.259521484375,
    623.236328125,
    597.1016235351562,
    611.5984497070312,
    597.1312255859375,
    614.44384765625,
    608.7255249023438,
    620.3117065429688,
    620.2286376953125,
    594.1973876953125,
    614.4488525390625,
    597.0580444335938,
    652.0989379882812,
    626.0640869140625,
    599.9915161132812,
    608.7599487304688,
    608.6602172851562,
    620.2218017578125
  ]
}