{
  "label": "s4n4g_resnet_nid003952_g0",
  "num_cells": 8,
  "graph_mode": 1,
  "mode": "GRAPH",
  "mean_ms": 2.1139263784885407,
  "per_cell_ms": 0.2642407973110676,
  "p95_ms": 4.008383977413177,
  "p99_ms": 4.321953563690185,
  "miss_1ms": 0.96,
  "raw": [
    3.9510080814361572,
    2.206399917602539,
    2.2517120838165283,
    2.089855909347534,
    1.3759360313415527,
    1.238752007484436,
    1.2007039785385132,
    1.3751039505004883,
    0.973471999168396,
    2.643199920654297,
    2.766079902648926,
    3.8648319244384766,
    4.562719821929932,
    2.6848320960998535,
    1.9031360149383545,
    2.488895893096924,
    1.3745919466018677,
    1.3763519525527954,
    1.6027519702911377,
    1.354367971420288,
    1.6407359838485718,
    1.0253119468688965,
    2.98419189453125,
    3.820159912109375,
    4.071360111236572,
    2.239392042160034,
    1.4915519952774048,
    2.228895902633667,
    2.094752073287964,
    1.1672320365905762,
    1.3719680309295654,
    1.1791679859161377,
    1.3569279909133911,
    1.5696959495544434,
    1.2649919986724854,
    2.97324800491333,
    3.8264319896698,
    4.055327892303467,
    2.2635838985443115,
    1.8978559970855713,
    2.2197439670562744,
    2.0850560665130615,
    1.179360032081604,
    1.1984959840774536,
    1.6023999452590942,
    1.4772160053253174,
    1.585919976234436,
    0.9872320294380188,
    2.8031039237976074,
    2.7503039836883545
  ]
}