{
  "label": "heavy_sm60",
  "num_cells": 20,
  "num_tx": 4,
  "num_rx": 4,
  "mcs": 2,
  "hbm_pct": 21.8,
  "stats": {
    "name": "heavy_sm60",
    "count": 100,
    "mean_ms": 15.678756499290467,
    "std_ms": 4.3022117671285205,
    "p50_ms": 14.647344052791595,
    "p95_ms": 17.27288963496685,
    "p99_ms": 29.506631672382472,
    "min_ms": 14.50543999671936,
    "max_ms": 52.32966458797455,
    "jitter": 0.2743975115196932
  },
  "miss_1ms": 1.0,
  "raw": [
    14.965696096420288,
    16.415488123893738,
    16.546847999095917,
    14.980320036411285,
    14.830847799777985,
    14.982431888580322,
    14.85945600271225,
    14.793695986270905,
    14.987039983272552,
    15.068703949451447,
    14.724512100219727,
    14.645344018936157,
    14.563711941242218,
    17.112096071243286,
    14.975775957107544,
    14.57430386543274,
    14.647392094135284,
    14.553695976734161,
    17.30681598186493,
    14.674784004688263,
    14.730943977832794,
    14.616160213947296,
    14.592448055744171,
    14.521408140659332,
    27.974975883960724,
    16.625568151474,
    14.709151983261108,
    14.691840052604675,
    14.627008080482483,
    14.630080103874207,
    14.62284803390503,
    14.59468799829483,
    14.662720263004303,
    14.554880023002625,
    14.594464004039764,
    14.654880046844482,
    16.825215876102448,
    15.214463949203491,
    14.578016102313995,
    14.583904027938843,
    14.612096011638641,
    14.691487967967987,
    14.522719979286194,
    14.522047996520996,
    14.560096025466919,
    14.554239988327026,
    16.9689599275589,
    29.276095986366272,
    52.32966458797455,
    14.61027204990387,
    14.67603200674057,
    14.775071918964386,
    14.659520089626312,
    14.50543999671936,
    14.701760172843933,
    14.638783991336823,
    14.71343994140625,
    14.532255828380585,
    14.505792140960693,
    16.522624015808105,
    15.461632072925568,
    14.631712019443512,
    14.540736019611359,
    14.591551959514618,
    14.539136111736298,
    14.642048001289368,
    14.624127864837646,
    14.595359861850739,
    14.548383951187134,
    14.547583997249603,
    15.176608085632324,
    23.95187211036682,
    14.846592009067535,
    17.262688040733337,
    14.521120071411133,
    14.534816026687622,
    14.524640023708344,
    14.590463995933533,
    14.613600075244904,
    14.680223882198334,
    14.595424056053162,
    14.663007974624634,
    16.54028809070587,
    16.00048005580902,
    14.617023885250092,
    14.61273604631424,
    14.593407988548279,
    14.593279898166656,
    14.553151905536652,
    14.705152094364166,
    14.777664005756378,
    14.736544132232666,
    14.547584176063538,
    14.812895834445953,
    17.27110403776169,
    14.700223922729492,
    14.640639960765839,
    14.579872071743011,
    14.647296011447906,
    14.569952130317688
  ]
}