{
  "label": "mig32_4n_qwen_nid001540_g2",
  "num_cells": 8,
  "graph_mode": 1,
  "mode": "GRAPH",
  "mean_ms": 0.4679571199417114,
  "per_cell_ms": 0.058494639992713926,
  "p95_ms": 0.47293440997600555,
  "p99_ms": 0.4774480029940605,
  "miss_1ms": 0.0,
  "raw": [
    0.4679040014743805,
    0.4689599871635437,
    0.4659839868545532,
    0.46649599075317383,
    0.469215989112854,
    0.46876800060272217,
    0.4671359956264496,
    0.4689919948577881,
    0.4651840031147003,
    0.4684480130672455,
    0.4670400023460388,
    0.46646401286125183,
    0.4649919867515564,
    0.46726399660110474,
    0.4705919921398163,
    0.4659839868545532,
    0.4665279984474182,
    0.46806401014328003,
    0.46675199270248413,
    0.46854400634765625,
    0.46643200516700745,
    0.4698239862918854,
    0.4668479859828949,
    0.46540799736976624,
    0.4681279957294464,
    0.46697598695755005,
    0.46694400906562805,
    0.46617600321769714,
    0.47328001260757446,
    0.4688960015773773,
    0.46726399660110474,
    0.46639999747276306,
    0.47036799788475037,
    0.4694080054759979,
    0.4689280092716217,
    0.46751999855041504,
    0.4657599925994873,
    0.4675520062446594,
    0.48019200563430786,
    0.465472012758255,
    0.4652160108089447,
    0.4667840003967285,
    0.4670720100402832,
    0.474592000246048,
    0.4657599925994873,
    0.4678080081939697,
    0.46854400634765625,
    0.46665599942207336,
    0.4658240079879761,
    0.47251200675964355
  ]
}