{
  "label": "s2n_neuralrx_n0",
  "num_cells": 8,
  "graph_mode": 1,
  "mode": "GRAPH",
  "mean_ms": 0.43341503977775575,
  "per_cell_ms": 0.05417687997221947,
  "p95_ms": 0.43846719861030575,
  "p99_ms": 0.4473561614751816,
  "miss_1ms": 0.0,
  "raw": [
    0.4317440092563629,
    0.4333760142326355,
    0.43408000469207764,
    0.4346559941768646,
    0.4310719966888428,
    0.4336319863796234,
    0.4363200068473816,
    0.4326080083847046,
    0.4291839897632599,
    0.43350398540496826,
    0.43427199125289917,
    0.43270400166511536,
    0.43091198801994324,
    0.4330559968948364,
    0.43244799971580505,
    0.4487360119819641,
    0.43270400166511536,
    0.4326080083847046,
    0.43222400546073914,
    0.4320639967918396,
    0.4342080056667328,
    0.43379199504852295,
    0.4326399862766266,
    0.4312640130519867,
    0.4312320053577423,
    0.4402239918708801,
    0.43276798725128174,
    0.43372800946235657,
    0.4310080111026764,
    0.4333760142326355,
    0.4459199905395508,
    0.4359680116176605,
    0.4338560104370117,
    0.43487998843193054,
    0.4320319890975952,
    0.43324801325798035,
    0.4314880073070526,
    0.4327999949455261,
    0.43251198530197144,
    0.4317759871482849,
    0.43215999007225037,
    0.43267199397087097,
    0.43027201294898987,
    0.43193599581718445,
    0.4309439957141876,
    0.43327999114990234,
    0.4320000112056732,
    0.43215999007225037,
    0.4314559996128082,
    0.43324801325798035
  ]
}