{
  "label": "m4n_full_nid001757_g0",
  "num_cells": 8,
  "graph_mode": 1,
  "mode": "GRAPH",
  "mean_ms": 0.9337510406970978,
  "per_cell_ms": 0.11671888008713723,
  "p95_ms": 1.050344043970108,
  "p99_ms": 1.0965392053127287,
  "miss_1ms": 0.32,
  "raw": [
    0.9578880071640015,
    0.8559679985046387,
    0.872160017490387,
    1.0293760299682617,
    0.9576640129089355,
    0.8809279799461365,
    0.8791999816894531,
    1.0398720502853394,
    0.9340479969978333,
    0.9428160190582275,
    0.905951976776123,
    1.0277119874954224,
    0.9606720209121704,
    0.8709759712219238,
    0.8861439824104309,
    1.0330239534378052,
    1.0094079971313477,
    0.8708480000495911,
    1.0253440141677856,
    0.9319999814033508,
    1.0168960094451904,
    0.7849599719047546,
    0.8892160058021545,
    1.0180480480194092,
    0.8874559998512268,
    1.1190400123596191,
    0.8893759846687317,
    1.029919981956482,
    0.9651200175285339,
    0.8729919791221619,
    0.934112012386322,
    1.0269440412521362,
    0.6937599778175354,
    1.0124800205230713,
    0.8618239760398865,
    1.0150400400161743,
    1.0269440412521362,
    0.8643199801445007,
    1.0731199979782104,
    0.6993600130081177,
    0.9327359795570374,
    0.8616960048675537,
    0.8861119747161865,
    1.0589120388031006,
    0.9565119743347168,
    0.8698880076408386,
    0.8108159899711609,
    0.9106559753417969,
    0.8885120153427124,
    0.9587839841842651
  ]
}