{
  "label": "same_gpu_hbm",
  "stats": {
    "name": "same_gpu_hbm",
    "count": 100,
    "mean_ms": 95.69979598999024,
    "std_ms": 6.873406841699634,
    "p50_ms": 100.10403442382812,
    "p95_ms": 104.04533004760741,
    "p99_ms": 111.31176071166992,
    "min_ms": 81.9617919921875,
    "max_ms": 111.36697387695312,
    "jitter": 0.07182258614656357
  },
  "miss_1ms": 1.0,
  "raw": [
    93.29657745361328,
    100.15682983398438,
    103.76966094970703,
    109.30403137207031,
    84.41232299804688,
    91.06559753417969,
    83.79452514648438,
    91.02130889892578,
    101.88899230957031,
    100.15916442871094,
    102.19478607177734,
    91.04991912841797,
    91.30636596679688,
    109.28304290771484,
    91.07283020019531,
    91.07174682617188,
    82.05062103271484,
    100.19270324707031,
    100.25100708007812,
    100.1099853515625,
    91.1899185180664,
    100.23564910888672,
    91.16095733642578,
    91.07324981689453,
    91.16464233398438,
    100.15180969238281,
    91.14348602294922,
    91.05532836914062,
    100.2408676147461,
    91.03993225097656,
    100.26822662353516,
    82.09187316894531,
    100.3361587524414,
    91.0531234741211,
    91.15773010253906,
    100.1990737915039,
    91.1830062866211,
    100.16105651855469,
    100.25353240966797,
    91.05276489257812,
    100.22057342529297,
    100.14125061035156,
    100.25631713867188,
    91.05875396728516,
    91.16937255859375,
    100.20006561279297,
    102.24739074707031,
    81.98365020751953,
    93.6078109741211,
    91.07810974121094,
    102.25823974609375,
    91.06626892089844,
    111.36697387695312,
    91.05856323242188,
    92.33798217773438,
    91.06198120117188,
    101.83971405029297,
    91.08509063720703,
    100.32966613769531,
    81.9617919921875,
    100.238525390625,
    81.97443389892578,
    100.1984634399414,
    91.0769271850586,
    100.28524780273438,
    91.09315490722656,
    100.28451538085938,
    100.085693359375,
    109.41673278808594,
    91.10816192626953,
    100.30723571777344,
    91.05587005615234,
    100.22531127929688,
    100.12911987304688,
    91.16512298583984,
    100.18637084960938,
    91.17910766601562,
    100.22077178955078,
    91.14060974121094,
    82.00115203857422,
    82.0713882446289,
    100.19660949707031,
    100.33216094970703,
    91.03453063964844,
    100.30300903320312,
    100.10320281982422,
    82.10598754882812,
    100.16454315185547,
    100.28963470458984,
    100.14924621582031,
    100.32505798339844,
    91.06006622314453,
    100.30620574951172,
    100.16812896728516,
    101.82844543457031,
    100.10486602783203,
    102.64364624023438,
    91.0598373413086,
    111.31120300292969,
    91.05532836914062
  ]
}