{
  "label": "heavy_baseline",
  "num_cells": 20,
  "num_tx": 4,
  "num_rx": 4,
  "mcs": 2,
  "hbm_pct": 22.0,
  "stats": {
    "name": "heavy_baseline",
    "count": 100,
    "mean_ms": 16.55738943517208,
    "std_ms": 6.41979268306349,
    "p50_ms": 14.701888054609299,
    "p95_ms": 29.5621138125658,
    "p99_ms": 48.8934653770924,
    "min_ms": 14.56822395324707,
    "max_ms": 55.76422369480133,
    "jitter": 0.38772976308851126
  },
  "miss_1ms": 1.0,
  "raw": [
    15.030080139636993,
    16.16179198026657,
    16.38342398405075,
    14.713631987571716,
    14.784768044948578,
    14.762143969535828,
    14.82748794555664,
    14.699391901493073,
    14.651040017604828,
    14.719552159309387,
    14.833407938480377,
    14.866591989994049,
    14.929279923439026,
    17.491327941417694,
    15.261600017547607,
    14.852447867393494,
    14.633312046527863,
    14.702432096004486,
    14.750047981739044,
    14.926176190376282,
    14.743359982967377,
    14.732415854930878,
    14.75190395116806,
    14.746944069862366,
    34.518879890441895,
    40.04572820663452,
    14.575743913650513,
    14.672064006328583,
    14.677120089530945,
    14.678815960884094,
    14.65228796005249,
    14.5867520570755,
    14.644191920757294,
    14.655071914196014,
    14.68588787317276,
    14.609984040260315,
    17.002911925315857,
    15.459136068820953,
    14.716384053230286,
    14.63286405801773,
    14.764703929424286,
    14.896063804626465,
    14.72214412689209,
    14.608415961265564,
    14.599904000759125,
    14.627103984355927,
    14.684607863426208,
    29.54928022623062,
    48.824063777923584,
    14.572991967201233,
    14.624768018722534,
    17.577631950378418,
    14.697983920574188,
    14.656704008579254,
    14.803007960319519,
    14.61129605770111,
    14.689312040805817,
    14.66921591758728,
    14.602207958698273,
    16.76656013727188,
    15.591232001781464,
    14.766687989234924,
    14.628607869148254,
    14.646016001701355,
    14.641727983951569,
    14.618112027645111,
    14.772000074386597,
    14.75404804944992,
    14.828320026397705,
    14.686432003974915,
    19.71088021993637,
    55.76422369480133,
    14.632448136806488,
    14.56822395324707,
    14.636800110340118,
    14.585023999214172,
    14.666944026947021,
    14.679392099380493,
    20.112000048160553,
    15.131743967533112,
    14.664096057415009,
    14.694144129753113,
    16.44070392847061,
    15.956832110881805,
    14.685695946216583,
    14.607583999633789,
    14.715423882007599,
    14.602719962596893,
    14.74943995475769,
    14.688607931137085,
    14.650591850280762,
    14.649216115474701,
    14.66758394241333,
    20.99372774362564,
    29.805951952934265,
    14.837536036968231,
    14.608959913253784,
    14.701344013214111,
    14.640768051147461,
    14.640800178050995
  ]
}