{
  "label": "m4n_baseline_nid001757_g3",
  "num_cells": 8,
  "graph_mode": 1,
  "mode": "GRAPH",
  "mean_ms": 0.43427711963653565,
  "per_cell_ms": 0.054284639954566956,
  "p95_ms": 0.4362592056393623,
  "p99_ms": 0.4418012797832489,
  "miss_1ms": 0.0,
  "raw": [
    0.43353599309921265,
    0.4347200095653534,
    0.4362240135669708,
    0.43887999653816223,
    0.43433600664138794,
    0.435232013463974,
    0.4355199933052063,
    0.44460800290107727,
    0.43401598930358887,
    0.43513599038124084,
    0.4362879991531372,
    0.4360960125923157,
    0.4346559941768646,
    0.43510401248931885,
    0.43593600392341614,
    0.434112012386322,
    0.43430399894714355,
    0.43481600284576416,
    0.43331199884414673,
    0.4317440092563629,
    0.4320000112056732,
    0.43353599309921265,
    0.43487998843193054,
    0.4339199960231781,
    0.43222400546073914,
    0.4326399862766266,
    0.43350398540496826,
    0.43327999114990234,
    0.4330880045890808,
    0.43593600392341614,
    0.43568000197410583,
    0.4326399862766266,
    0.43350398540496826,
    0.4345279932022095,
    0.4338879883289337,
    0.4312640130519867,
    0.4349119961261749,
    0.4334399998188019,
    0.43382400274276733,
    0.4327999949455261,
    0.4347839951515198,
    0.4344319999217987,
    0.4349760115146637,
    0.43379199504852295,
    0.4318400025367737,
    0.43296000361442566,
    0.4347519874572754,
    0.4317440092563629,
    0.43116798996925354,
    0.4333440065383911
  ]
}