{
  "label": "s4n_neuralrx_n2",
  "num_cells": 8,
  "graph_mode": 1,
  "mode": "GRAPH",
  "mean_ms": 0.43318847835063934,
  "per_cell_ms": 0.05414855979382992,
  "p95_ms": 0.43653919696807864,
  "p99_ms": 0.4383536037802696,
  "miss_1ms": 0.0,
  "raw": [
    0.4331839978694916,
    0.4333760142326355,
    0.4336319863796234,
    0.4352959990501404,
    0.43171200156211853,
    0.43484801054000854,
    0.43827199935913086,
    0.43270400166511536,
    0.4317759871482849,
    0.4326399862766266,
    0.4338560104370117,
    0.43081599473953247,
    0.4328959882259369,
    0.4366399943828583,
    0.4333440065383911,
    0.43167999386787415,
    0.43350398540496826,
    0.4341759979724884,
    0.4330559968948364,
    0.43219199776649475,
    0.43244799971580505,
    0.4336000084877014,
    0.43401598930358887,
    0.4322560131549835,
    0.43196800351142883,
    0.4322879910469055,
    0.4330880045890808,
    0.43356800079345703,
    0.4322879910469055,
    0.43215999007225037,
    0.43276798725128174,
    0.4325760006904602,
    0.43241599202156067,
    0.4339520037174225,
    0.43327999114990234,
    0.432096004486084,
    0.43139201402664185,
    0.43641600012779236,
    0.4334399998188019,
    0.43212801218032837,
    0.43215999007225037,
    0.4329279959201813,
    0.4328959882259369,
    0.4317440092563629,
    0.43215999007225037,
    0.4336960017681122,
    0.43276798725128174,
    0.4384320080280304,
    0.43171200156211853,
    0.4331839978694916
  ]
}