{
  "label": "s1n4g_gpt2_nid001285_g0",
  "num_cells": 8,
  "graph_mode": 1,
  "mode": "GRAPH",
  "mean_ms": 0.45359616100788114,
  "per_cell_ms": 0.05669952012598514,
  "p95_ms": 0.4916096076369285,
  "p99_ms": 0.7503596836328503,
  "miss_1ms": 0.0,
  "raw": [
    0.43513599038124084,
    0.6822400093078613,
    0.43721601366996765,
    0.4344640076160431,
    0.4343999922275543,
    0.4363200068473816,
    0.43702399730682373,
    0.4360640048980713,
    0.43670400977134705,
    0.4540480077266693,
    0.4370560050010681,
    0.4360319972038269,
    0.435232013463974,
    0.43804800510406494,
    0.4359680116176605,
    0.4355199933052063,
    0.43507200479507446,
    0.48816001415252686,
    0.4397760033607483,
    0.4944320023059845,
    0.4427199959754944,
    0.449535995721817,
    0.4365440011024475,
    0.4347839951515198,
    0.43615999817848206,
    0.4373759925365448,
    0.44064000248908997,
    0.43590399622917175,
    0.4349760115146637,
    0.45103999972343445,
    0.4695039987564087,
    0.4412800073623657,
    0.4378879964351654,
    0.43801599740982056,
    0.4374080002307892,
    0.4434559941291809,
    0.4450879991054535,
    0.44867199659347534,
    0.43750399351119995,
    0.43568000197410583,
    0.4350079894065857,
    0.43615999817848206,
    0.4430080056190491,
    0.43462398648262024,
    0.4357439875602722,
    0.8158079981803894,
    0.4392000138759613,
    0.43558400869369507,
    0.43539199233055115,
    0.43619200587272644
  ]
}