{
  "label": "conc_baseline_final",
  "num_cells": 20,
  "num_tx": 4,
  "num_rx": 4,
  "mcs": 2,
  "concurrent": true,
  "hbm_pct": 44.2,
  "stats": {
    "mean_ms": 15.799570283889771,
    "p50_ms": 14.495903968811035,
    "p95_ms": 18.553975868225088,
    "p99_ms": 40.31068027496342,
    "jitter": 0.30308227943054383
  },
  "miss_1ms": 1.0,
  "raw": [
    16.679296493530273,
    33.97532653808594,
    40.24185562133789,
    14.47913646697998,
    14.48742389678955,
    14.506815910339355,
    14.54041576385498,
    14.50819206237793,
    14.553407669067383,
    14.505951881408691,
    14.552288055419922,
    14.496671676635742,
    14.579520225524902,
    17.15715217590332,
    14.924032211303711,
    14.570207595825195,
    14.49561595916748,
    14.491392135620117,
    14.496671676635742,
    14.480928421020508,
    14.591456413269043,
    14.468864440917969,
    14.433088302612305,
    14.438400268554688,
    15.538463592529297,
    16.393375396728516,
    17.15203285217285,
    14.462944030761719,
    14.471936225891113,
    14.480095863342285,
    14.464351654052734,
    14.430303573608398,
    14.463295936584473,
    14.511808395385742,
    14.488448143005371,
    14.48572826385498,
    21.967744827270508,
    15.191167831420898,
    14.456928253173828,
    14.496159553527832,
    14.482144355773926,
    14.560383796691895,
    14.482720375061035,
    14.591008186340332,
    14.463007926940918,
    14.64236831665039,
    14.473759651184082,
    15.279520034790039,
    16.680288314819336,
    14.505824089050293,
    14.455967903137207,
    14.483296394348145,
    14.495648384094238,
    14.678879737854004,
    14.751744270324707,
    17.15692710876465,
    14.474528312683105,
    14.441856384277344,
    14.499168395996094,
    47.12432098388672,
    29.68377685546875,
    14.484800338745117,
    14.40015983581543,
    14.457823753356934,
    14.614591598510742,
    15.229408264160156,
    14.5763521194458,
    14.57583999633789,
    14.445759773254395,
    14.444128036499023,
    14.982399940490723,
    17.032575607299805,
    14.455327987670898,
    14.444767951965332,
    14.512255668640137,
    14.50556755065918,
    14.463359832763672,
    14.488832473754883,
    14.482303619384766,
    14.454015731811523,
    14.46288013458252,
    14.488832473754883,
    16.215232849121094,
    18.374303817749023,
    14.488639831542969,
    14.48259162902832,
    14.54736042022705,
    14.461248397827148,
    14.479616165161133,
    14.455615997314453,
    14.612607955932617,
    14.469504356384277,
    14.467328071594238,
    14.767423629760742,
    17.198368072509766,
    14.460160255432129,
    14.45907211303711,
    14.457344055175781,
    14.547231674194336,
    14.495360374450684
  ]
}