{
  "label": "s4n4g_gpt2_nid001269_g0",
  "num_cells": 8,
  "graph_mode": 1,
  "mode": "GRAPH",
  "mean_ms": 0.4736966383457184,
  "per_cell_ms": 0.0592120797932148,
  "p95_ms": 0.519633612036705,
  "p99_ms": 0.5324192160367965,
  "miss_1ms": 0.0,
  "raw": [
    0.4516479969024658,
    0.4368639886379242,
    0.5164160132408142,
    0.5081599950790405,
    0.45952001214027405,
    0.44179201126098633,
    0.44204801321029663,
    0.5072000026702881,
    0.515999972820282,
    0.49088001251220703,
    0.44198399782180786,
    0.5147839784622192,
    0.519648015499115,
    0.5072320103645325,
    0.4662719964981079,
    0.44835200905799866,
    0.48524799942970276,
    0.4373759925365448,
    0.47443199157714844,
    0.5148159861564636,
    0.5325760245323181,
    0.5069119930267334,
    0.43750399351119995,
    0.46454399824142456,
    0.5196160078048706,
    0.5083199739456177,
    0.4930880069732666,
    0.4376640021800995,
    0.5099200010299683,
    0.508895993232727,
    0.532256007194519,
    0.4325760006904602,
    0.4782719910144806,
    0.4530239999294281,
    0.46745601296424866,
    0.5073279738426208,
    0.4493440091609955,
    0.4540799856185913,
    0.46911999583244324,
    0.44281598925590515,
    0.44889599084854126,
    0.44889599084854126,
    0.5040959715843201,
    0.43750399351119995,
    0.4675840139389038,
    0.4424319863319397,
    0.4375680088996887,
    0.4363200068473816,
    0.4360640048980713,
    0.4394879937171936
  ]
}