{
  "label": "v2_gpt2_b4",
  "stats": {
    "name": "v2_gpt2_b4",
    "count": 100,
    "mean_ms": 1.981081604361534,
    "std_ms": 1.9903110449584793,
    "p50_ms": 1.1465599536895752,
    "p95_ms": 7.345132684707641,
    "p99_ms": 7.911333112716689,
    "min_ms": 0.8995839953422546,
    "max_ms": 10.74403190612793,
    "jitter": 1.0046587887024068
  },
  "miss_1ms": 0.64,
  "raw": [
    1.1426559686660767,
    0.9056320190429688,
    1.1529920101165771,
    0.9459840059280396,
    4.819392204284668,
    3.2629120349884033,
    5.470047950744629,
    3.546720027923584,
    10.74403190612793,
    0.9770879745483398,
    1.1470719575881958,
    0.9507200121879578,
    1.1434880495071411,
    0.9020479917526245,
    1.147968053817749,
    0.9191679954528809,
    1.194591999053955,
    0.9047359824180603,
    1.1425600051879883,
    0.9078080058097839,
    1.1405760049819946,
    0.9304959774017334,
    1.1843199729919434,
    0.9017279744148254,
    1.2110400199890137,
    1.7128640413284302,
    7.341343879699707,
    3.113152027130127,
    5.433152198791504,
    3.172703981399536,
    1.1460479497909546,
    0.9522879719734192,
    1.1406400203704834,
    0.9061440229415894,
    1.1615359783172607,
    0.9092479944229126,
    1.1563199758529663,
    0.902176022529602,
    1.1939200162887573,
    0.9000959992408752,
    1.1338880062103271,
    0.9163519740104675,
    1.2278399467468262,
    0.9590719938278198,
    1.15065598487854,
    2.158400058746338,
    7.882719993591309,
    3.3451199531555176,
    6.3157758712768555,
    3.0345919132232666,
    1.1650880575180054,
    0.9147520065307617,
    1.147711992263794,
    0.9608640074729919,
    1.2054400444030762,
    0.9057279825210571,
    1.201632022857666,
    0.9588479995727539,
    1.1409599781036377,
    0.9497280120849609,
    1.1410239934921265,
    0.9202240109443665,
    1.2101759910583496,
    0.9563199877738953,
    1.1375679969787598,
    1.8492480516433716,
    7.691808223724365,
    2.9535999298095703,
    7.003104209899902,
    3.2204480171203613,
    1.1926720142364502,
    0.9020799994468689,
    1.1756479740142822,
    0.9094399809837341,
    1.2074559926986694,
    0.9154559969902039,
    1.162559986114502,
    0.9035519957542419,
    1.1978559494018555,
    0.8995839953422546,
    1.1367679834365845,
    0.9019200205802917,
    1.136639952659607,
    0.91184002161026,
    1.1910719871520996,
    4.090015888214111,
    7.417119979858398,
    2.9702401161193848,
    7.59984016418457,
    3.30729603767395,
    1.148319959640503,
    0.930079996585846,
    1.1459840536117554,
    0.9107199907302856,
    1.1741119623184204,
    0.9080640077590942,
    1.1473599672317505,
    0.9128000140190125,
    1.1357120275497437,
    0.9698560237884521
  ]
}