{
  "label": "snrx_medium",
  "num_cells": 8,
  "num_tx": 4,
  "num_rx": 4,
  "mcs": 2,
  "hbm_pct": 22.8,
  "stats": {
    "name": "snrx_medium",
    "count": 100,
    "mean_ms": 9.768427523374557,
    "std_ms": 0.434828352138824,
    "p50_ms": 9.719088077545166,
    "p95_ms": 9.874076670408249,
    "p99_ms": 12.660943113565446,
    "min_ms": 9.237343907356262,
    "max_ms": 12.83350419998169,
    "jitter": 0.04451364880359067
  },
  "miss_1ms": 1.0,
  "raw": [
    9.659168124198914,
    9.464671969413757,
    10.003615975379944,
    9.690304040908813,
    9.74124801158905,
    9.697215914726257,
    9.721471905708313,
    9.60691213607788,
    9.875840067863464,
    9.712735772132874,
    9.732159972190857,
    9.75657606124878,
    9.437535881996155,
    9.577184081077576,
    9.6839359998703,
    9.716288089752197,
    9.705408096313477,
    9.683584094047546,
    9.643871903419495,
    9.795199990272522,
    9.709407925605774,
    9.666687965393066,
    9.7254399061203,
    9.775007963180542,
    9.674304008483887,
    9.740319967269897,
    9.763392090797424,
    12.83350419998169,
    9.766528129577637,
    9.688479900360107,
    9.670240044593811,
    9.707648038864136,
    9.691359996795654,
    9.706368088722229,
    9.702304124832153,
    9.706239938735962,
    9.724767923355103,
    9.701151967048645,
    9.724096059799194,
    9.715711951255798,
    9.727519989013672,
    9.645119905471802,
    9.73088014125824,
    9.788064002990723,
    9.724416017532349,
    9.731296181678772,
    9.689344048500061,
    9.677696108818054,
    9.80073606967926,
    9.740640044212341,
    9.731616020202637,
    9.683680057525635,
    9.735584020614624,
    9.746464133262634,
    9.758687973022461,
    9.737184166908264,
    9.601663947105408,
    9.8225919008255,
    9.678879857063293,
    9.654815912246704,
    9.732608079910278,
    9.729375958442688,
    9.803808093070984,
    9.719104051589966,
    9.663872122764587,
    9.55398416519165,
    9.495711922645569,
    9.670047879219055,
    9.784255981445312,
    9.594015955924988,
    9.87398386001587,
    12.659200072288513,
    9.785408020019531,
    9.673663973808289,
    9.883487939834595,
    9.634911894798279,
    9.68009603023529,
    9.806400060653687,
    9.733120083808899,
    9.735167980194092,
    9.68889594078064,
    9.72924792766571,
    9.744895935058594,
    9.72166383266449,
    9.237343907356262,
    9.794463992118835,
    9.72380805015564,
    9.688032150268555,
    9.710815906524658,
    9.722303867340088,
    9.71014404296875,
    9.711487889289856,
    9.759039878845215,
    9.696672081947327,
    9.741407990455627,
    9.705087900161743,
    9.729856014251709,
    9.728640079498291,
    9.719072103500366,
    9.662879943847656
  ]
}