{
  "label": "72b_qwen72b_b4_s2048",
  "stats": {
    "name": "72b_qwen72b_b4_s2048",
    "count": 100,
    "mean_ms": 2.26980129301548,
    "std_ms": 2.836049883527715,
    "p50_ms": 1.1459680199623108,
    "p95_ms": 8.063725996017457,
    "p99_ms": 14.158580102920547,
    "min_ms": 0.895583987236023,
    "max_ms": 17.195520401000977,
    "jitter": 1.2494705559709862
  },
  "miss_1ms": 0.63,
  "raw": [
    1.2018879652023315,
    0.9527040123939514,
    1.215008020401001,
    0.9473279714584351,
    1.2120000123977661,
    0.9188479781150818,
    1.144063949584961,
    0.9132800102233887,
    1.2032959461212158,
    0.9490560293197632,
    1.1511039733886719,
    1.9299520254135132,
    17.195520401000977,
    3.1881279945373535,
    8.033696174621582,
    2.930367946624756,
    1.1960639953613281,
    0.8967360258102417,
    1.1725120544433594,
    0.9085760116577148,
    1.1860480308532715,
    0.9054080247879028,
    1.168768048286438,
    0.9387519955635071,
    1.1433919668197632,
    0.9093440175056458,
    1.134112000465393,
    0.895904004573822,
    1.1558079719543457,
    0.9056640267372131,
    1.1417280435562134,
    0.9060479998588562,
    4.671840190887451,
    3.352544069290161,
    8.085280418395996,
    3.1474881172180176,
    10.28320026397705,
    0.9428160190582275,
    1.199072003364563,
    0.9273599982261658,
    1.213055968284607,
    0.903328001499176,
    1.2025279998779297,
    0.8964160084724426,
    1.1495360136032104,
    0.9085440039634705,
    1.1364799737930298,
    0.9037759900093079,
    1.1396160125732422,
    0.9017279744148254,
    1.138975977897644,
    0.895583987236023,
    1.147264003753662,
    1.9991040229797363,
    7.203519821166992,
    3.1524159908294678,
    8.062591552734375,
    2.9507200717926025,
    3.936863899230957,
    0.8969600200653076,
    1.2142399549484253,
    0.9559040069580078,
    1.1446720361709595,
    0.9468160271644592,
    1.1912959814071655,
    0.9463679790496826,
    1.1558079719543457,
    0.9491519927978516,
    1.1401599645614624,
    0.9578239917755127,
    1.1441279649734497,
    0.9524160027503967,
    1.1417280435562134,
    0.928704023361206,
    4.598112106323242,
    2.9267520904541016,
    7.503456115722656,
    4.8112640380859375,
    14.127903938293457,
    0.9023360013961792,
    1.1434240341186523,
    0.9035840034484863,
    1.1511679887771606,
    0.9130560159683228,
    1.2041599750518799,
    0.9079999923706055,
    1.135040044784546,
    0.8958079814910889,
    1.21452796459198,
    0.9143999814987183,
    1.1603519916534424,
    0.899071991443634,
    1.20579195022583,
    0.8992319703102112,
    1.1505919694900513,
    1.8847999572753906,
    9.698240280151367,
    3.2060799598693848,
    7.696703910827637,
    3.157344102859497
  ]
}