{
  "label": "conc_resnet128",
  "num_cells": 20,
  "num_tx": 4,
  "num_rx": 4,
  "mcs": 2,
  "concurrent": true,
  "hbm_pct": 53.3,
  "stats": {
    "mean_ms": 62.52281219482422,
    "p50_ms": 61.513648986816406,
    "p95_ms": 73.83494796752929,
    "p99_ms": 84.45582725524905,
    "jitter": 0.11014356893113555
  },
  "miss_1ms": 1.0,
  "raw": [
    61.561920166015625,
    62.0629768371582,
    61.828033447265625,
    64.9432601928711,
    53.84019088745117,
    68.36511993408203,
    56.191104888916016,
    60.897342681884766,
    62.3361930847168,
    57.81657409667969,
    66.73967742919922,
    54.220767974853516,
    67.87522888183594,
    58.488704681396484,
    66.12505340576172,
    58.135841369628906,
    54.27231979370117,
    69.453857421875,
    54.30467224121094,
    67.22582244873047,
    57.80944061279297,
    62.97769546508789,
    61.46537780761719,
    57.10569763183594,
    70.12127685546875,
    89.43497467041016,
    68.57142639160156,
    59.551551818847656,
    59.448577880859375,
    62.96883010864258,
    54.295902252197266,
    67.18595123291016,
    56.12614440917969,
    59.740543365478516,
    63.70518493652344,
    54.28636932373047,
    75.10758209228516,
    53.64076614379883,
    65.97305297851562,
    57.82275390625,
    60.80854415893555,
    65.94374084472656,
    60.58272171020508,
    63.90003204345703,
    53.62540817260742,
    68.44131469726562,
    58.054080963134766,
    79.45120239257812,
    73.7679672241211,
    57.774593353271484,
    67.22691345214844,
    58.21273422241211,
    60.799903869628906,
    65.02995300292969,
    53.604862213134766,
    67.94425964355469,
    57.48467254638672,
    68.36787414550781,
    58.25523376464844,
    67.6858901977539,
    59.26544189453125,
    59.30361557006836,
    64.0697250366211,
    54.06079864501953,
    69.01270294189453,
    55.172672271728516,
    62.27199935913086,
    62.131935119628906,
    62.68320083618164,
    64.4315185546875,
    58.89868927001953,
    66.99481964111328,
    54.608158111572266,
    66.97740936279297,
    58.0417594909668,
    67.5815658569336,
    57.74991989135742,
    60.814273834228516,
    66.64339447021484,
    56.85174560546875,
    67.62691497802734,
    54.171424865722656,
    83.50835418701172,
    84.40553283691406,
    58.565025329589844,
    64.06390380859375,
    53.78163146972656,
    67.95279693603516,
    57.4389762878418,
    65.77433776855469,
    59.1343994140625,
    59.45110321044922,
    63.29305648803711,
    53.91606521606445,
    69.88896179199219,
    58.1577262878418,
    72.09977722167969,
    56.80409622192383,
    67.68828582763672,
    56.00783920288086
  ]
}