{
  "label": "mig32_4n_qwen_nid001537_g3",
  "num_cells": 8,
  "graph_mode": 1,
  "mode": "GRAPH",
  "mean_ms": 0.46825472116470335,
  "per_cell_ms": 0.05853184014558792,
  "p95_ms": 0.4703487902879715,
  "p99_ms": 0.4704803150892258,
  "miss_1ms": 0.0,
  "raw": [
    0.4686720073223114,
    0.4697920083999634,
    0.47014400362968445,
    0.46992000937461853,
    0.4684480130672455,
    0.4696959853172302,
    0.4698239862918854,
    0.4691520035266876,
    0.4704959988594055,
    0.4695360064506531,
    0.4692479968070984,
    0.46828800439834595,
    0.46825599670410156,
    0.4697920083999634,
    0.46854400634765625,
    0.47017601132392883,
    0.4675520062446594,
    0.47046399116516113,
    0.46905601024627686,
    0.46592000126838684,
    0.46560001373291016,
    0.4682239890098572,
    0.46911999583244324,
    0.4681279957294464,
    0.4652799963951111,
    0.46745601296424866,
    0.46835198998451233,
    0.46832001209259033,
    0.4659520089626312,
    0.4674240052700043,
    0.4662719964981079,
    0.4675840139389038,
    0.46835198998451233,
    0.46854400634765625,
    0.46665599942207336,
    0.46694400906562805,
    0.46959999203681946,
    0.4695360064506531,
    0.466592013835907,
    0.4692479968070984,
    0.465472012758255,
    0.47020798921585083,
    0.4689919948577881,
    0.4668799936771393,
    0.46537598967552185,
    0.47046399116516113,
    0.46931201219558716,
    0.46799999475479126,
    0.4645119905471802,
    0.4673599898815155
  ]
}