{
  "label": "diff_gpu_hbm",
  "stats": {
    "name": "diff_gpu_hbm",
    "count": 100,
    "mean_ms": 2.2161379224061966,
    "std_ms": 2.6520508388579587,
    "p50_ms": 1.1043359637260437,
    "p95_ms": 7.5296322107315055,
    "p99_ms": 12.523349323272722,
    "min_ms": 0.8415039777755737,
    "max_ms": 15.817024230957031,
    "jitter": 1.1966993624559543
  },
  "miss_1ms": 0.67,
  "raw": [
    2.3893120288848877,
    2.9239680767059326,
    5.88156795501709,
    4.711679935455322,
    7.882880210876465,
    0.8852480053901672,
    1.1196800470352173,
    0.89164799451828,
    1.127295970916748,
    0.887391984462738,
    1.1261119842529297,
    0.9027519822120667,
    1.1393920183181763,
    0.8818879723548889,
    1.105023980140686,
    0.8630399703979492,
    1.0825599431991577,
    0.8441600203514099,
    1.0901440382003784,
    0.8473280072212219,
    1.0694719552993774,
    1.284767985343933,
    15.817024230957031,
    3.0408639907836914,
    7.511040210723877,
    3.1564478874206543,
    1.1325440406799316,
    0.8705919981002808,
    1.1019519567489624,
    0.8564159870147705,
    1.087839961051941,
    0.8784639835357666,
    1.1036479473114014,
    0.84198397397995,
    1.1053440570831299,
    0.8882560133934021,
    1.085279941558838,
    0.8935999870300293,
    1.105728030204773,
    0.8861439824104309,
    1.0797439813613892,
    1.8873599767684937,
    6.8021440505981445,
    2.7804160118103027,
    6.997983932495117,
    3.0318400859832764,
    1.14028799533844,
    0.8957120180130005,
    1.0724799633026123,
    0.841920018196106,
    1.124511957168579,
    0.9056959748268127,
    1.1123520135879517,
    0.902239978313446,
    1.1111680269241333,
    0.8415039777755737,
    1.082368016242981,
    0.8431680202484131,
    1.0647679567337036,
    0.8441920280456543,
    1.0720319747924805,
    1.6725120544433594,
    6.654016017913818,
    2.8599679470062256,
    5.543680191040039,
    3.1881279945373535,
    1.087007999420166,
    0.903328001499176,
    1.1203839778900146,
    0.8884159922599792,
    1.1016960144042969,
    0.8499839901924133,
    1.0838719606399536,
    0.8484799861907959,
    1.110111951828003,
    0.8798400163650513,
    1.1232000589370728,
    0.880128026008606,
    1.1143039464950562,
    0.8811519742012024,
    1.0991040468215942,
    1.7833919525146484,
    7.291872024536133,
    2.76476788520813,
    7.981056213378906,
    9.935872077941895,
    1.1005120277404785,
    0.8422080278396606,
    1.105631947517395,
    0.881663978099823,
    1.11135995388031,
    0.9040960073471069,
    1.13046395778656,
    0.8572160005569458,
    1.1322879791259766,
    1.911296010017395,
    12.490079879760742,
    1.2451519966125488,
    7.3421759605407715,
    3.1790080070495605
  ]
}