{
  "label": "q32b4n_qwen32b_nid001461_g1",
  "num_cells": 8,
  "graph_mode": 1,
  "mode": "GRAPH",
  "mean_ms": 1.211411828994751,
  "per_cell_ms": 0.15142647862434389,
  "p95_ms": 3.5430351972579954,
  "p99_ms": 3.6748738694190974,
  "miss_1ms": 0.3,
  "raw": [
    0.43382400274276733,
    0.4342080056667328,
    0.4354560077190399,
    0.44223999977111816,
    0.4345279932022095,
    0.43561598658561707,
    0.435232013463974,
    0.43487998843193054,
    0.43615999817848206,
    0.43568000197410583,
    0.4394240081310272,
    0.4345279932022095,
    0.44230398535728455,
    0.4347200095653534,
    0.4355520009994507,
    0.4339199960231781,
    0.43356800079345703,
    0.4343680143356323,
    0.43513599038124084,
    0.43248000741004944,
    0.43241599202156067,
    0.4350079894065857,
    0.4346559941768646,
    0.4350079894065857,
    0.43744000792503357,
    0.43459200859069824,
    0.44550400972366333,
    0.6077119708061218,
    2.6908159255981445,
    0.6057599782943726,
    3.5454399585723877,
    0.8419520258903503,
    2.902463912963867,
    3.5400960445404053,
    1.6521919965744019,
    1.7057600021362305,
    2.7105278968811035,
    0.5881919860839844,
    3.5764479637145996,
    0.8484479784965515,
    2.669663906097412,
    2.7046079635620117,
    0.992576003074646,
    2.9237120151519775,
    2.7619199752807617,
    0.6487680077552795,
    3.769439935684204,
    0.9046720266342163,
    2.7538559436798096,
    2.8571200370788574
  ]
}