{
  "label": "bora_hbm",
  "num_cells": 8,
  "graph_mode": 1,
  "mode": "GRAPH",
  "mean_ms": 0.898458241224289,
  "per_cell_ms": 0.11230728015303612,
  "p95_ms": 0.9193968147039413,
  "p99_ms": 0.9300566536188125,
  "miss_1ms": 0.0,
  "raw": [
    0.8898879885673523,
    0.8810880184173584,
    0.891103982925415,
    0.8843839764595032,
    0.9117439985275269,
    0.912447988986969,
    0.8994560241699219,
    0.9047359824180603,
    0.9090240001678467,
    0.9073600172996521,
    0.8821759819984436,
    0.9031040072441101,
    0.8896639943122864,
    0.9052799940109253,
    0.8828799724578857,
    0.8558080196380615,
    0.8912000060081482,
    0.9134079813957214,
    0.9147520065307617,
    0.9207360148429871,
    0.8800640106201172,
    0.8927040100097656,
    0.891327977180481,
    0.9079040288925171,
    0.8896639943122864,
    0.9107199907302856,
    0.892192006111145,
    0.9076480269432068,
    0.9177600145339966,
    0.8958079814910889,
    0.8853759765625,
    0.9036480188369751,
    0.9375360012054443,
    0.9003199934959412,
    0.9045119881629944,
    0.8909119963645935,
    0.9110080003738403,
    0.8926079869270325,
    0.8854399919509888,
    0.8966400027275085,
    0.8897280097007751,
    0.8934720158576965,
    0.9031680226325989,
    0.8960000276565552,
    0.9139840006828308,
    0.8769599795341492,
    0.8972799777984619,
    0.9222720265388489,
    0.8962560296058655,
    0.8897600173950195
  ]
}