{
  "label": "g40_sm30",
  "num_cells": 20,
  "num_tx": 4,
  "num_rx": 4,
  "mcs": 2,
  "hbm_pct": 43.4,
  "stats": {
    "name": "g40_sm30",
    "count": 100,
    "mean_ms": 15.261984646320343,
    "std_ms": 1.642750830645987,
    "p50_ms": 14.639487892389297,
    "p95_ms": 17.463438460230826,
    "p99_ms": 20.23894272327427,
    "min_ms": 14.582880020141602,
    "max_ms": 27.759616196155548,
    "jitter": 0.10763677652120122
  },
  "miss_1ms": 1.0,
  "raw": [
    20.162976324558258,
    18.467136085033417,
    18.6315838098526,
    17.097983956336975,
    16.85779196023941,
    16.167328119277954,
    14.901952028274536,
    14.702783942222595,
    14.642048001289368,
    14.669727861881256,
    14.680415868759155,
    14.646175861358643,
    14.624832034111023,
    17.215519845485687,
    15.09577602148056,
    14.620416164398193,
    14.824576020240784,
    14.719488024711609,
    14.662720084190369,
    14.639903962612152,
    14.674592018127441,
    14.629023969173431,
    14.673440098762512,
    14.632416009902954,
    15.815808117389679,
    16.526719987392426,
    14.629568099975586,
    14.628415882587433,
    14.621279954910278,
    17.1874880194664,
    14.669023990631104,
    14.638752043247223,
    14.645664095878601,
    14.62796801328659,
    14.625120043754578,
    14.635519921779633,
    16.93292796611786,
    15.329632043838501,
    14.616191923618317,
    14.64767986536026,
    14.620000064373016,
    14.641439974308014,
    14.623520016670227,
    14.60239988565445,
    14.583424091339111,
    14.616480052471161,
    14.602143943309784,
    15.448575854301453,
    16.798496067523956,
    14.646912157535553,
    14.608000040054321,
    14.591360092163086,
    14.597183883190155,
    14.604512095451355,
    14.629247963428497,
    14.59964805841446,
    14.594815969467163,
    14.620127975940704,
    17.454912066459656,
    16.65443193912506,
    15.607455968856812,
    14.61222392320633,
    14.64243197441101,
    14.619872033596039,
    14.608096063137054,
    14.65529590845108,
    14.644703984260559,
    14.744639992713928,
    14.805632054805756,
    14.80319994688034,
    15.168735980987549,
    17.059360027313232,
    14.652927994728088,
    14.721568048000336,
    14.612863957881927,
    14.620063960552216,
    14.592863917350769,
    14.60950392484665,
    14.62908810377121,
    14.618047893047333,
    14.601472079753876,
    14.61376005411148,
    16.35584008693695,
    15.867327988147736,
    14.601344048976898,
    14.61215990781784,
    14.62831997871399,
    17.625439941883087,
    14.595456063747406,
    14.586144149303436,
    14.639071822166443,
    14.582880020141602,
    14.600831985473633,
    14.91561609506607,
    27.759616196155548,
    14.63836818933487,
    14.58841609954834,
    14.596159875392914,
    14.608736038208008,
    14.596928119659424
  ]
}