{
  "label": "mig32_2n_base_nid001461_g1",
  "num_cells": 8,
  "graph_mode": 1,
  "mode": "GRAPH",
  "mean_ms": 0.4681497597694397,
  "per_cell_ms": 0.05851871997117996,
  "p95_ms": 0.4722175896167755,
  "p99_ms": 0.47914912045001984,
  "miss_1ms": 0.0,
  "raw": [
    0.46745601296424866,
    0.46937599778175354,
    0.46988800168037415,
    0.46883198618888855,
    0.46751999855041504,
    0.47123199701309204,
    0.4694719910621643,
    0.4676800072193146,
    0.4658240079879761,
    0.47036799788475037,
    0.48371198773384094,
    0.4673599898815155,
    0.4671039879322052,
    0.46806401014328003,
    0.46937599778175354,
    0.4724479913711548,
    0.46777600049972534,
    0.4675520062446594,
    0.46643200516700745,
    0.46457600593566895,
    0.46751999855041504,
    0.469184011220932,
    0.4678080081939697,
    0.4676800072193146,
    0.4681920111179352,
    0.46883198618888855,
    0.46908798813819885,
    0.4651840031147003,
    0.46556800603866577,
    0.4671359956264496,
    0.4678719937801361,
    0.46716800332069397,
    0.4646719992160797,
    0.466623991727829,
    0.46832001209259033,
    0.46911999583244324,
    0.4668160080909729,
    0.4654400050640106,
    0.46700799465179443,
    0.4684160053730011,
    0.4639039933681488,
    0.4662399888038635,
    0.47440001368522644,
    0.46614399552345276,
    0.4660800099372864,
    0.4660800099372864,
    0.4679679870605469,
    0.46489599347114563,
    0.47014400362968445,
    0.4719359874725342
  ]
}