{
  "label": "s4n4g_resnet_nid003953_g1",
  "num_cells": 8,
  "graph_mode": 1,
  "mode": "GRAPH",
  "mean_ms": 0.4355622410774231,
  "per_cell_ms": 0.054445280134677886,
  "p95_ms": 0.4395824044942856,
  "p99_ms": 0.44428641110658645,
  "miss_1ms": 0.0,
  "raw": [
    0.434112012386322,
    0.4334079921245575,
    0.4343680143356323,
    0.43276798725128174,
    0.4362559914588928,
    0.4376319944858551,
    0.43379199504852295,
    0.4357120096683502,
    0.4331519901752472,
    0.4368000030517578,
    0.43593600392341614,
    0.4326080083847046,
    0.43430399894714355,
    0.43667200207710266,
    0.4360640048980713,
    0.4339520037174225,
    0.4345279932022095,
    0.43587198853492737,
    0.43619200587272644,
    0.4339199960231781,
    0.43542400002479553,
    0.43907201290130615,
    0.4357439875602722,
    0.4373759925365448,
    0.4354560077190399,
    0.4376640021800995,
    0.4357120096683502,
    0.43433600664138794,
    0.43584001064300537,
    0.4357120096683502,
    0.435808002948761,
    0.4333760142326355,
    0.43487998843193054,
    0.4379200041294098,
    0.4357120096683502,
    0.4345279932022095,
    0.43532800674438477,
    0.4357439875602722,
    0.4354879856109619,
    0.44812801480293274,
    0.4326080083847046,
    0.43558400869369507,
    0.43276798725128174,
    0.43273600935935974,
    0.4402880072593689,
    0.4399999976158142,
    0.4357759952545166,
    0.43164798617362976,
    0.4322560131549835,
    0.4371519982814789
  ]
}