{
  "label": "hthresh_baseline",
  "num_cells": 20,
  "num_tx": 4,
  "num_rx": 4,
  "mcs": 2,
  "hbm_pct": 22.0,
  "stats": {
    "name": "hthresh_baseline",
    "count": 100,
    "mean_ms": 16.097399648427963,
    "std_ms": 6.306823691167241,
    "p50_ms": 14.573663979768753,
    "p95_ms": 18.221104082465168,
    "p99_ms": 49.81720036864282,
    "min_ms": 14.444639921188354,
    "max_ms": 53.2910076379776,
    "jitter": 0.39179145880143146
  },
  "miss_1ms": 1.0,
  "raw": [
    14.719583988189697,
    16.063231885433197,
    16.237280011177063,
    14.60479986667633,
    18.158336102962494,
    16.778368175029755,
    14.850592017173767,
    14.512703955173492,
    14.522432148456573,
    14.589503943920135,
    14.515392005443573,
    15.35887986421585,
    14.602784037590027,
    49.782111406326294,
    15.048735976219177,
    14.643616080284119,
    14.617151975631714,
    14.667775988578796,
    14.495071947574615,
    14.573599994182587,
    14.625920057296753,
    14.550943970680237,
    14.604864060878754,
    14.513375997543335,
    16.65088003873825,
    16.4760000705719,
    14.545439839363098,
    14.533952057361603,
    14.596223890781403,
    14.527680099010468,
    14.603327810764313,
    14.488063931465149,
    14.663647949695587,
    14.630655884742737,
    14.546912014484406,
    14.526335895061493,
    53.2910076379776,
    28.772224068641663,
    14.550816059112549,
    14.710655868053436,
    14.523071885108948,
    14.578976035118103,
    14.568863928318024,
    14.46780812740326,
    14.570208013057709,
    14.645151793956757,
    14.492095947265625,
    15.411008059978485,
    16.65747207403183,
    14.669855952262878,
    14.499615907669067,
    14.479551911354065,
    14.49487990140915,
    14.451263844966888,
    14.486655950546265,
    14.561696112155914,
    14.525631964206696,
    14.481983959674835,
    14.693663954734802,
    16.561088025569916,
    15.438751995563507,
    14.624800086021423,
    14.49676787853241,
    14.546015977859497,
    14.468159973621368,
    14.556320011615753,
    14.495295941829681,
    14.670016050338745,
    14.760576009750366,
    14.54911994934082,
    15.08102399110794,
    17.14521598815918,
    14.482431948184967,
    14.595200002193451,
    14.544639885425568,
    14.675263941287994,
    14.598879873752594,
    14.485568165779114,
    14.595679998397827,
    14.533152043819427,
    14.444639921188354,
    14.57372796535492,
    16.270560085773468,
    15.753600001335144,
    14.549600064754486,
    14.730944037437439,
    14.482367932796478,
    14.492383897304535,
    14.473824143409729,
    14.469023883342743,
    14.50927996635437,
    14.646624028682709,
    14.460735976696014,
    19.413695693016052,
    49.116351902484894,
    14.48751986026764,
    14.467199981212616,
    14.47327995300293,
    14.464735984802246,
    14.54556792974472
  ]
}