{
  "label": "mig32_4n_qwen_nid001541_g1",
  "num_cells": 8,
  "graph_mode": 1,
  "mode": "GRAPH",
  "mean_ms": 0.48404608011245726,
  "per_cell_ms": 0.06050576001405716,
  "p95_ms": 0.5393200039863586,
  "p99_ms": 0.5502732592821121,
  "miss_1ms": 0.0,
  "raw": [
    0.46854400634765625,
    0.4692479968070984,
    0.4699519872665405,
    0.466592013835907,
    0.4679040014743805,
    0.4694080054759979,
    0.47171199321746826,
    0.46716800332069397,
    0.4670400023460388,
    0.46828800439834595,
    0.46956801414489746,
    0.4684799909591675,
    0.4764479994773865,
    0.4689919948577881,
    0.4691520035266876,
    0.4676800072193146,
    0.466048002243042,
    0.469184011220932,
    0.46963199973106384,
    0.4682239890098572,
    0.4663679897785187,
    0.4678719937801361,
    0.46803200244903564,
    0.4678080081939697,
    0.4679679870605469,
    0.4672960042953491,
    0.4672960042953491,
    0.46774399280548096,
    0.4675840139389038,
    0.4718399941921234,
    0.4668160080909729,
    0.4692800045013428,
    0.4667840003967285,
    0.4682239890098572,
    0.47308799624443054,
    0.4660800099372864,
    0.46592000126838684,
    0.4692479968070984,
    0.5364159941673279,
    0.5416960120201111,
    0.524511992931366,
    0.5420479774475098,
    0.5277760028839111,
    0.5347840189933777,
    0.5308480262756348,
    0.5581759810447693,
    0.5311359763145447,
    0.5237119793891907,
    0.5263040065765381,
    0.5203840136528015
  ]
}