{
  "label": "q32b4n_qwen32b_nid001461_g2",
  "num_cells": 8,
  "graph_mode": 1,
  "mode": "GRAPH",
  "mean_ms": 0.43613759994506834,
  "per_cell_ms": 0.05451719999313354,
  "p95_ms": 0.44074719250202177,
  "p99_ms": 0.44771680057048796,
  "miss_1ms": 0.0,
  "raw": [
    0.43510401248931885,
    0.43644800782203674,
    0.43584001064300537,
    0.43459200859069824,
    0.44099199771881104,
    0.4357759952545166,
    0.4390079975128174,
    0.4365440011024475,
    0.43427199125289917,
    0.4366079866886139,
    0.43641600012779236,
    0.4328320026397705,
    0.4350399971008301,
    0.4360319972038269,
    0.435263991355896,
    0.43456000089645386,
    0.43273600935935974,
    0.4354560077190399,
    0.4354879856109619,
    0.4343999922275543,
    0.4350399971008301,
    0.43615999817848206,
    0.4487360119819641,
    0.4466559886932373,
    0.4342400133609772,
    0.4362240135669708,
    0.435232013463974,
    0.43404799699783325,
    0.4397760033607483,
    0.43615999817848206,
    0.4347519874572754,
    0.4334399998188019,
    0.43222400546073914,
    0.43564799427986145,
    0.4357759952545166,
    0.43113601207733154,
    0.43212801218032837,
    0.43353599309921265,
    0.4357439875602722,
    0.4360640048980713,
    0.43404799699783325,
    0.44041600823402405,
    0.44044798612594604,
    0.4384959936141968,
    0.4343999922275543,
    0.4365119934082031,
    0.4345279932022095,
    0.43987199664115906,
    0.43558400869369507,
    0.43644800782203674
  ]
}