{
  "label": "mig72_4n_base_nid008636_g2",
  "num_cells": 8,
  "graph_mode": 1,
  "mode": "GRAPH",
  "mean_ms": 0.46926527976989746,
  "per_cell_ms": 0.05865815997123718,
  "p95_ms": 0.4782000005245209,
  "p99_ms": 0.48113312155008314,
  "miss_1ms": 0.0,
  "raw": [
    0.4689919948577881,
    0.469215989112854,
    0.4694400131702423,
    0.46774399280548096,
    0.46911999583244324,
    0.46988800168037415,
    0.47065600752830505,
    0.4676800072193146,
    0.4687359929084778,
    0.48256000876426697,
    0.47062399983406067,
    0.47942399978637695,
    0.4696640074253082,
    0.46902400255203247,
    0.46902400255203247,
    0.4660159945487976,
    0.46614399552345276,
    0.46668800711631775,
    0.46774399280548096,
    0.47964799404144287,
    0.46835198998451233,
    0.4668160080909729,
    0.4679679870605469,
    0.46588799357414246,
    0.46700799465179443,
    0.46672001481056213,
    0.46908798813819885,
    0.46751999855041504,
    0.4688960015773773,
    0.4686720073223114,
    0.46835198998451233,
    0.4663040041923523,
    0.465472012758255,
    0.4692800045013428,
    0.46857601404190063,
    0.46748799085617065,
    0.4640960097312927,
    0.476639986038208,
    0.4692800045013428,
    0.46851199865341187,
    0.46556800603866577,
    0.4682239890098572,
    0.46723198890686035,
    0.4699839949607849,
    0.4715839922428131,
    0.4678719937801361,
    0.46854400634765625,
    0.4767040014266968,
    0.46828800439834595,
    0.470304012298584
  ]
}