{
  "label": "mig32_4n_qwen_nid001536_g0",
  "num_cells": 8,
  "graph_mode": 1,
  "mode": "GRAPH",
  "mean_ms": 0.46875583827495576,
  "per_cell_ms": 0.05859447978436947,
  "p95_ms": 0.47173440009355544,
  "p99_ms": 0.4798553693294525,
  "miss_1ms": 0.0,
  "raw": [
    0.48688000440597534,
    0.4692800045013428,
    0.4684799909591675,
    0.4683839976787567,
    0.47036799788475037,
    0.4684799909591675,
    0.468095988035202,
    0.4678719937801361,
    0.4665279984474182,
    0.4679679870605469,
    0.46832001209259033,
    0.4678719937801361,
    0.46883198618888855,
    0.4673280119895935,
    0.46825599670410156,
    0.4708479940891266,
    0.4707520008087158,
    0.46992000937461853,
    0.47014400362968445,
    0.47011199593544006,
    0.4662719964981079,
    0.46908798813819885,
    0.4689599871635437,
    0.46806401014328003,
    0.4663040041923523,
    0.47254401445388794,
    0.46851199865341187,
    0.4670720100402832,
    0.46675199270248413,
    0.4687039852142334,
    0.4687359929084778,
    0.46700799465179443,
    0.46639999747276306,
    0.4679040014743805,
    0.46835198998451233,
    0.46700799465179443,
    0.466623991727829,
    0.46835198998451233,
    0.46777600049972534,
    0.47017601132392883,
    0.466592013835907,
    0.4689280092716217,
    0.4675520062446594,
    0.46639999747276306,
    0.46614399552345276,
    0.46959999203681946,
    0.47222399711608887,
    0.4667840003967285,
    0.4671039879322052,
    0.4711360037326813
  ]
}