{
  "label": "mig72_2n_base_nid008657_g2",
  "num_cells": 8,
  "graph_mode": 1,
  "mode": "GRAPH",
  "mean_ms": 0.4714604812860489,
  "per_cell_ms": 0.05893256016075611,
  "p95_ms": 0.4765760004520416,
  "p99_ms": 0.47756833165884016,
  "miss_1ms": 0.0,
  "raw": [
    0.46835198998451233,
    0.47836801409721375,
    0.47673600912094116,
    0.4765760004520416,
    0.4694400131702423,
    0.4753279983997345,
    0.4691520035266876,
    0.4670400023460388,
    0.4657280147075653,
    0.46726399660110474,
    0.47539201378822327,
    0.4710400104522705,
    0.4750719964504242,
    0.4665279984474182,
    0.46560001373291016,
    0.46566399931907654,
    0.47391998767852783,
    0.4731200039386749,
    0.4696640074253082,
    0.4679360091686249,
    0.47247999906539917,
    0.4765760004520416,
    0.46985599398612976,
    0.46675199270248413,
    0.472351998090744,
    0.4750399887561798,
    0.47417598962783813,
    0.4660800099372864,
    0.47462400794029236,
    0.469760000705719,
    0.46774399280548096,
    0.4696640074253082,
    0.4731520116329193,
    0.4753279983997345,
    0.4748159945011139,
    0.47593599557876587,
    0.4726719856262207,
    0.4747200012207031,
    0.47436800599098206,
    0.4731520116329193,
    0.47302401065826416,
    0.4755200147628784,
    0.4747839868068695,
    0.4668479859828949,
    0.4732159972190857,
    0.4673919975757599,
    0.46880000829696655,
    0.46937599778175354,
    0.4679040014743805,
    0.4689919948577881
  ]
}