{
  "label": "m1n_baseline_nid001277_g3",
  "num_cells": 8,
  "graph_mode": 1,
  "mode": "GRAPH",
  "mean_ms": 0.5460364854335785,
  "per_cell_ms": 0.06825456067919732,
  "p95_ms": 0.5504416048526763,
  "p99_ms": 0.5621981018781662,
  "miss_1ms": 0.0,
  "raw": [
    0.5414400100708008,
    0.5447999835014343,
    0.5465919971466064,
    0.5451840162277222,
    0.5429120063781738,
    0.5445119738578796,
    0.546720027923584,
    0.5476800203323364,
    0.5445119738578796,
    0.5439040064811707,
    0.5439040064811707,
    0.5457280278205872,
    0.5429760217666626,
    0.5459200143814087,
    0.5436480045318604,
    0.5458239912986755,
    0.5451520085334778,
    0.5470719933509827,
    0.5470719933509827,
    0.5453119874000549,
    0.5436480045318604,
    0.5687680244445801,
    0.5466560125350952,
    0.5437440276145935,
    0.5439040064811707,
    0.5485119819641113,
    0.5513920187950134,
    0.5445759892463684,
    0.5459200143814087,
    0.5473920106887817,
    0.5553600192070007,
    0.5455039739608765,
    0.5400320291519165,
    0.5444480180740356,
    0.5492799878120422,
    0.544160008430481,
    0.5476160049438477,
    0.5469440221786499,
    0.5463680028915405,
    0.5446720123291016,
    0.5442879796028137,
    0.5454080104827881,
    0.5459520220756531,
    0.5440959930419922,
    0.5429120063781738,
    0.54339200258255,
    0.546720027923584,
    0.5442559719085693,
    0.5466560125350952,
    0.5483840107917786
  ]
}