{
  "label": "bora_gpt2",
  "num_cells": 8,
  "graph_mode": 1,
  "mode": "GRAPH",
  "mean_ms": 0.5412121617794037,
  "per_cell_ms": 0.06765152022242546,
  "p95_ms": 0.7467551946640014,
  "p99_ms": 0.7754825729131698,
  "miss_1ms": 0.0,
  "raw": [
    0.5024960041046143,
    0.4991680085659027,
    0.5171520113945007,
    0.745311975479126,
    0.5074880123138428,
    0.514847993850708,
    0.7359359860420227,
    0.5135040283203125,
    0.506496012210846,
    0.6999359726905823,
    0.5145279765129089,
    0.513375997543335,
    0.550495982170105,
    0.5028160214424133,
    0.5208640098571777,
    0.5318400263786316,
    0.4959680140018463,
    0.5112640261650085,
    0.5101119875907898,
    0.4971520006656647,
    0.5264319777488708,
    0.5000640153884888,
    0.5019199848175049,
    0.5256959795951843,
    0.4934079945087433,
    0.5059199929237366,
    0.5195199847221375,
    0.5100799798965454,
    0.7618880271911621,
    0.49830400943756104,
    0.5090240240097046,
    0.7479360103607178,
    0.5175999999046326,
    0.5141119956970215,
    0.7272639870643616,
    0.5102400183677673,
    0.5047680139541626,
    0.7885439991950989,
    0.5038400292396545,
    0.5013120174407959,
    0.49721598625183105,
    0.5007680058479309,
    0.5060160160064697,
    0.5002880096435547,
    0.4992640018463135,
    0.4965440034866333,
    0.5052480101585388,
    0.49689599871635437,
    0.5004159808158875,
    0.49932798743247986
  ]
}