{
  "label": "mn72b_diff_node",
  "stats": {
    "name": "mn72b_diff_node",
    "count": 100,
    "mean_ms": 1.979806404709816,
    "std_ms": 2.1825445621928887,
    "p50_ms": 1.0394240021705627,
    "p95_ms": 7.7703505754470825,
    "p99_ms": 8.057230834960938,
    "min_ms": 0.8133119940757751,
    "max_ms": 8.065055847167969,
    "jitter": 1.1024030213261122
  },
  "miss_1ms": 0.61,
  "raw": [
    1.0987839698791504,
    0.8239359855651855,
    1.098912000656128,
    0.8852159976959229,
    1.0803200006484985,
    0.8339840173721313,
    1.0918400287628174,
    0.8671039938926697,
    3.212671995162964,
    7.607967853546143,
    8.051648139953613,
    2.632960081100464,
    7.602015972137451,
    0.830560028553009,
    1.0333759784698486,
    0.8250560164451599,
    1.1060800552368164,
    0.8272320032119751,
    1.0328960418701172,
    0.8236479759216309,
    1.0998719930648804,
    0.9780160188674927,
    3.472543954849243,
    0.8487679958343506,
    1.0403200387954712,
    0.823360025882721,
    1.0754560232162476,
    0.8295999765396118,
    1.0725120306015015,
    3.45084810256958,
    5.8375678062438965,
    3.090816020965576,
    7.843584060668945,
    0.8611840009689331,
    1.074336051940918,
    0.822655975818634,
    1.0385279655456543,
    0.8224639892578125,
    1.0543999671936035,
    0.8430079817771912,
    1.041632056236267,
    0.8143360018730164,
    1.0669440031051636,
    0.8197759985923767,
    1.0261119604110718,
    0.8212800025939941,
    1.0883840322494507,
    0.8640959858894348,
    1.0275520086288452,
    1.782688021659851,
    7.918176174163818,
    2.596191883087158,
    8.057151794433594,
    7.766496181488037,
    1.058143973350525,
    0.8194239735603333,
    1.0307199954986572,
    0.8279039859771729,
    1.0838079452514648,
    0.814848005771637,
    1.0289920568466187,
    0.8356159925460815,
    1.050976037979126,
    0.8151360154151917,
    1.03056001663208,
    0.8256639838218689,
    1.0750080347061157,
    0.8216000199317932,
    1.0421439409255981,
    0.8235520124435425,
    3.2887680530548096,
    3.03657603263855,
    6.84819221496582,
    3.384671926498413,
    8.065055847167969,
    0.8264639973640442,
    1.0291520357131958,
    0.8689919710159302,
    1.0429439544677734,
    0.8133119940757751,
    1.036512017250061,
    0.8251199722290039,
    1.1040639877319336,
    0.8236799836158752,
    1.0475200414657593,
    0.820032000541687,
    1.0545920133590698,
    0.8629440069198608,
    1.0652159452438354,
    0.8139200210571289,
    1.034783959388733,
    2.10915207862854,
    7.757664203643799,
    3.3631680011749268,
    7.4476799964904785,
    0.8283839821815491,
    1.0432000160217285,
    0.8321599960327148,
    1.0478399991989136,
    0.8379200100898743
  ]
}