{
  "label": "q32b2n_baseline_nid001641_g1",
  "num_cells": 8,
  "graph_mode": 1,
  "mode": "GRAPH",
  "mean_ms": 0.43533439993858336,
  "per_cell_ms": 0.05441679999232292,
  "p95_ms": 0.4439087986946106,
  "p99_ms": 0.4489996787905693,
  "miss_1ms": 0.0,
  "raw": [
    0.43510401248931885,
    0.43142399191856384,
    0.43561598658561707,
    0.435232013463974,
    0.434112012386322,
    0.4365760087966919,
    0.4368000030517578,
    0.4362240135669708,
    0.4336960017681122,
    0.44860801100730896,
    0.4370560050010681,
    0.43587198853492737,
    0.4357120096683502,
    0.4346559941768646,
    0.4493759870529175,
    0.4352959990501404,
    0.4376640021800995,
    0.43516799807548523,
    0.4355520009994507,
    0.43459200859069824,
    0.4342400133609772,
    0.42847999930381775,
    0.43568000197410583,
    0.43430399894714355,
    0.4466879963874817,
    0.4405120015144348,
    0.43619200587272644,
    0.4339520037174225,
    0.43276798725128174,
    0.43401598930358887,
    0.4362559914588928,
    0.43375998735427856,
    0.43215999007225037,
    0.43433600664138794,
    0.4354560077190399,
    0.4350399971008301,
    0.43487998843193054,
    0.43296000361442566,
    0.4342080056667328,
    0.4342080056667328,
    0.4320319890975952,
    0.43375998735427856,
    0.4330559968948364,
    0.4322560131549835,
    0.4317759871482849,
    0.4354879856109619,
    0.434688001871109,
    0.4320639967918396,
    0.43081599473953247,
    0.436352014541626
  ]
}