{
  "label": "s1n_gpt2",
  "num_cells": 8,
  "graph_mode": 1,
  "mode": "GRAPH",
  "mean_ms": 0.5441632014513016,
  "per_cell_ms": 0.0680204001814127,
  "p95_ms": 0.5075407862663269,
  "p99_ms": 1.6856909507513,
  "miss_1ms": 0.02,
  "raw": [
    0.49372801184654236,
    0.5025280117988586,
    0.5174400210380554,
    0.4936319887638092,
    0.5008959770202637,
    0.4944320023059845,
    0.4949119985103607,
    0.5045760273933411,
    0.5053120255470276,
    0.49430400133132935,
    0.5017279982566833,
    0.5078719854354858,
    0.4914880096912384,
    0.5033280253410339,
    0.4952319860458374,
    0.4942399859428406,
    0.4936639964580536,
    0.4986239969730377,
    0.5029439926147461,
    0.4917120039463043,
    0.5071359872817993,
    0.5012480020523071,
    0.4925439953804016,
    0.49324798583984375,
    0.49190399050712585,
    0.5016639828681946,
    0.5006719827651978,
    0.493120014667511,
    0.5002560019493103,
    0.502016007900238,
    0.4947519898414612,
    0.5066239833831787,
    0.4954560101032257,
    2.8081281185150146,
    0.49452799558639526,
    0.4938240051269531,
    0.49270400404930115,
    0.4941439926624298,
    0.5008959770202637,
    0.5002239942550659,
    0.49964800477027893,
    0.49452799558639526,
    0.5009599924087524,
    0.49955201148986816,
    0.4942399859428406,
    0.5013120174407959,
    0.4939520061016083,
    0.49142399430274963,
    0.49276798963546753,
    0.4920960068702698
  ]
}