{
  "label": "s4n4g_neuralrx_nid001269_g2",
  "num_cells": 8,
  "graph_mode": 1,
  "mode": "GRAPH",
  "mean_ms": 0.4370534420013428,
  "per_cell_ms": 0.05463168025016785,
  "p95_ms": 0.4399072051048279,
  "p99_ms": 0.44593952119350433,
  "miss_1ms": 0.0,
  "raw": [
    0.4370880126953125,
    0.43702399730682373,
    0.4360640048980713,
    0.43532800674438477,
    0.43619200587272644,
    0.4371199905872345,
    0.4376319944858551,
    0.4336960017681122,
    0.4354560077190399,
    0.43619200587272644,
    0.4355199933052063,
    0.43398401141166687,
    0.4344319999217987,
    0.4365760087966919,
    0.43670400977134705,
    0.43481600284576416,
    0.4343999922275543,
    0.43721601366996765,
    0.4373759925365448,
    0.434143990278244,
    0.43536001443862915,
    0.43827199935913086,
    0.4378879964351654,
    0.4359680116176605,
    0.43516799807548523,
    0.43744000792503357,
    0.43830400705337524,
    0.4379200041294098,
    0.43769600987434387,
    0.4371199905872345,
    0.4371519982814789,
    0.43459200859069824,
    0.4365440011024475,
    0.4368320107460022,
    0.43987199664115906,
    0.43484801054000854,
    0.4368959963321686,
    0.43910399079322815,
    0.439520001411438,
    0.4381119906902313,
    0.4368959963321686,
    0.43718400597572327,
    0.4371199905872345,
    0.43615999817848206,
    0.45081600546836853,
    0.4408639967441559,
    0.4399360120296478,
    0.43584001064300537,
    0.43804800510406494,
    0.4382399916648865
  ]
}