{
  "label": "mig72_4n_qwen_nid008636_g1",
  "num_cells": 8,
  "graph_mode": 1,
  "mode": "GRAPH",
  "mean_ms": 0.7123308777809143,
  "per_cell_ms": 0.08904135972261429,
  "p95_ms": 1.9619023561477626,
  "p99_ms": 3.059433677196502,
  "miss_1ms": 0.1,
  "raw": [
    0.48156800866127014,
    0.5398719906806946,
    0.5232959985733032,
    0.5071039795875549,
    2.4918079376220703,
    0.51801598072052,
    0.48553600907325745,
    0.5224320292472839,
    0.4909439980983734,
    0.6791359782218933,
    1.3142399787902832,
    2.788032054901123,
    0.6917120218276978,
    3.3201920986175537,
    0.5281919836997986,
    0.5109120011329651,
    0.5107839703559875,
    0.513696014881134,
    0.4971199929714203,
    0.49190399050712585,
    0.5112640261650085,
    0.5031039714813232,
    0.6491199731826782,
    0.49801599979400635,
    0.5178239941596985,
    0.5277760028839111,
    0.5130239725112915,
    0.5128960013389587,
    0.5524160265922546,
    0.5391359925270081,
    0.5555199980735779,
    0.9587839841842651,
    0.5563200116157532,
    0.5318719744682312,
    0.5617280006408691,
    0.5185279846191406,
    0.5498239994049072,
    0.6857920289039612,
    1.1324479579925537,
    0.6987839937210083,
    0.5686399936676025,
    0.5139200091362,
    0.5159040093421936,
    0.5044800043106079,
    0.49456000328063965,
    0.5066239833831787,
    0.5081920027732849,
    0.4973439872264862,
    0.5148159861564636,
    0.5113919973373413
  ]
}