{
  "label": "real4gpu_hbm_gpu0",
  "num_cells": 4,
  "hbm_used_pct": 19.4,
  "stats": {
    "name": "real4gpu_hbm_gpu0",
    "count": 100,
    "mean_ms": 140.80818410873414,
    "std_ms": 3.4220058838592524,
    "p50_ms": 140.32049751281738,
    "p95_ms": 146.64105720520018,
    "p99_ms": 150.5971458053589,
    "min_ms": 134.9785270690918,
    "max_ms": 155.25634765625,
    "jitter": 0.02430260645373233
  },
  "miss_1ms": 1.0,
  "raw": [
    143.0220489501953,
    135.42547035217285,
    138.3859519958496,
    141.70025253295898,
    142.07177734375,
    142.94822311401367,
    137.0590057373047,
    138.38889694213867,
    143.3600959777832,
    149.37542724609375,
    143.7768325805664,
    139.6225929260254,
    139.6368637084961,
    139.465087890625,
    141.69529342651367,
    140.85376358032227,
    142.14691162109375,
    146.61155319213867,
    144.27644729614258,
    140.37539291381836,
    141.2880630493164,
    139.4478416442871,
    138.3953628540039,
    140.05299377441406,
    155.25634765625,
    143.99462509155273,
    144.69683456420898,
    138.66213989257812,
    141.01686477661133,
    138.33968353271484,
    140.3136978149414,
    141.0695037841797,
    140.2982406616211,
    137.22592163085938,
    140.08901977539062,
    140.66192245483398,
    140.70832061767578,
    138.4475860595703,
    147.20163345336914,
    138.08771514892578,
    146.5765151977539,
    141.3743667602539,
    139.36515045166016,
    138.03952026367188,
    134.9785270690918,
    140.1382064819336,
    140.36873626708984,
    139.29126739501953,
    137.69859313964844,
    136.76882934570312,
    150.5500831604004,
    143.1050567626953,
    137.72959899902344,
    144.0799674987793,
    140.32729721069336,
    140.31068420410156,
    140.32940673828125,
    141.26316452026367,
    138.80665588378906,
    138.7829475402832,
    138.68864059448242,
    138.7740478515625,
    141.67545700073242,
    138.26662826538086,
    137.76988983154297,
    136.3919334411621,
    138.73727798461914,
    136.35110473632812,
    140.25059127807617,
    138.12940979003906,
    146.5431022644043,
    142.04528045654297,
    137.0362548828125,
    137.77898025512695,
    146.248291015625,
    145.3178825378418,
    149.31411361694336,
    137.46361541748047,
    136.43967819213867,
    143.38905334472656,
    135.75625610351562,
    140.3740463256836,
    141.70697402954102,
    138.06784057617188,
    141.34931182861328,
    141.71206283569336,
    142.27417373657227,
    139.6509132385254,
    141.36793518066406,
    143.21126174926758,
    146.2271385192871,
    135.79043197631836,
    139.38937377929688,
    138.62809371948242,
    140.07443237304688,
    139.0475845336914,
    142.4186248779297,
    140.37491607666016,
    140.39807891845703,
    141.05094528198242
  ]
}