{
  "label": "bora_C_nid008353_g2",
  "config": "C",
  "mean_ms": 0.5423180854320526,
  "p99_ms": 0.6164393591880797,
  "miss_1ms": 0.0,
  "raw": [
    0.5833600163459778,
    0.5883200168609619,
    0.5592319965362549,
    0.5622079968452454,
    0.5440000295639038,
    0.5456960201263428,
    0.5392640233039856,
    0.547648012638092,
    0.5521600246429443,
    0.5841280221939087,
    0.5484480261802673,
    0.5366719961166382,
    0.543008029460907,
    0.5518720149993896,
    0.543936014175415,
    0.643455982208252,
    0.5472000241279602,
    0.5486720204353333,
    0.5274879932403564,
    0.5478079915046692,
    0.545087993144989,
    0.5473920106887817,
    0.536736011505127,
    0.5420479774475098,
    0.5406399965286255,
    0.5265600085258484,
    0.5216000080108643,
    0.5155839920043945,
    0.5323519706726074,
    0.5346239805221558,
    0.5265920162200928,
    0.5234240293502808,
    0.5296319723129272,
    0.536736011505127,
    0.5258880257606506,
    0.5246400237083435,
    0.5459200143814087,
    0.535647988319397,
    0.5302079916000366,
    0.5242559909820557,
    0.5355839729309082,
    0.525056004524231,
    0.5308160185813904,
    0.5322880148887634,
    0.5383999943733215,
    0.5179839730262756,
    0.5310720205307007,
    0.5416960120201111,
    0.536575973033905,
    0.5362880229949951
  ]
}