{
  "label": "resnet_bs8",
  "stats": {
    "name": "resnet_bs8",
    "count": 100,
    "mean_ms": 2.3835862416028974,
    "std_ms": 2.6024917963575938,
    "p50_ms": 1.2399680018424988,
    "p95_ms": 8.1118097782135,
    "p99_ms": 12.116651058197029,
    "min_ms": 0.9261760115623474,
    "max_ms": 13.441984176635742,
    "jitter": 1.0918387390118045
  },
  "miss_1ms": 0.8,
  "raw": [
    1.3696320056915283,
    0.9492480158805847,
    1.1680959463119507,
    1.1018240451812744,
    1.253983974456787,
    0.9290559887886047,
    1.1708799600601196,
    1.1077439785003662,
    1.174239993095398,
    2.005023956298828,
    8.335488319396973,
    1.7582080364227295,
    13.441984176635742,
    2.95798397064209,
    1.30022394657135,
    0.9454079866409302,
    1.129248023033142,
    0.9754559993743896,
    1.3394559621810913,
    1.0730559825897217,
    1.4142719507217407,
    0.9602879881858826,
    1.2604800462722778,
    2.253056049346924,
    8.317343711853027,
    6.707615852355957,
    2.3145599365234375,
    5.222367763519287,
    1.1865919828414917,
    0.9893760085105896,
    1.2259520292282104,
    0.9315840005874634,
    1.317728042602539,
    1.2771519422531128,
    1.9088640213012695,
    1.0290240049362183,
    1.2163840532302856,
    0.9261760115623474,
    1.882207989692688,
    1.9028799533843994,
    7.797152042388916,
    2.8966400623321533,
    7.967711925506592,
    0.9690560102462769,
    1.272063970565796,
    0.9671679735183716,
    1.2872960567474365,
    1.0915520191192627,
    1.190816044807434,
    1.0546560287475586,
    1.2902400493621826,
    1.0032639503479004,
    4.482304096221924,
    2.5556800365448,
    7.925087928771973,
    2.902656078338623,
    5.921760082244873,
    3.2579519748687744,
    1.1407999992370605,
    1.0181759595870972,
    1.3321280479431152,
    0.9801599979400635,
    1.156991958618164,
    1.0156480073928833,
    1.15939199924469,
    0.9352319836616516,
    1.2834559679031372,
    0.9816960096359253,
    1.1806720495224,
    0.9379839897155762,
    1.1977280378341675,
    2.201024055480957,
    8.100992202758789,
    1.9932160377502441,
    12.103263854980469,
    3.5793280601501465,
    5.1170878410339355,
    0.9605119824409485,
    1.1700479984283447,
    1.0512319803237915,
    1.2117120027542114,
    0.9507840275764465,
    1.3220800161361694,
    0.9334080219268799,
    1.2947839498519897,
    1.0190720558166504,
    1.1146240234375,
    0.9353280067443848,
    1.180191993713379,
    1.3157119750976562,
    1.1440000534057617,
    2.18451189994812,
    10.986432075500488,
    1.2565759420394897,
    7.4898881912231445,
    3.418879985809326,
    1.1208959817886353,
    0.9872959852218628,
    1.353600025177002,
    0.978879988193512
  ]
}