{
  "label": "multinode_diff_node",
  "mode": "diff_node",
  "hostname": "nid001669",
  "stats": {
    "name": "RX",
    "count": 100,
    "mean_ms": 1.951236479282379,
    "std_ms": 2.353206614357249,
    "p50_ms": 1.0367839932441711,
    "p95_ms": 7.6253057479858395,
    "p99_ms": 8.813484945297265,
    "min_ms": 0.8062719702720642,
    "max_ms": 13.395648002624512,
    "jitter": 1.2060079028569135
  },
  "miss_1ms": 0.62,
  "raw": [
    7.8836798667907715,
    2.012223958969116,
    7.723680019378662,
    8.767200469970703,
    1.041599988937378,
    0.8708800077438354,
    1.0682560205459595,
    0.8732479810714722,
    1.0653120279312134,
    0.8116480112075806,
    1.0292479991912842,
    0.8211519718170166,
    1.0351999998092651,
    0.8115519881248474,
    1.028607964515686,
    0.815168023109436,
    1.0319039821624756,
    0.8125439882278442,
    1.0777599811553955,
    0.8180800080299377,
    1.034175992012024,
    1.1187520027160645,
    7.620128154754639,
    2.816767930984497,
    8.21292781829834,
    0.939520001411438,
    1.037824034690857,
    0.853663980960846,
    1.0887360572814941,
    0.818943977355957,
    1.0607680082321167,
    0.861407995223999,
    1.0957759618759155,
    0.8614720106124878,
    1.041152000427246,
    0.8092799782752991,
    1.0355520248413086,
    0.8119360208511353,
    1.0368000268936157,
    0.8090879917144775,
    1.0376640558242798,
    0.8254079818725586,
    6.576543807983398,
    2.814336061477661,
    13.395648002624512,
    2.8100481033325195,
    3.1587839126586914,
    0.8094720244407654,
    1.0479999780654907,
    0.8674560189247131,
    1.063040018081665,
    0.869376003742218,
    1.0537919998168945,
    0.8109440207481384,
    1.0353280305862427,
    0.8101760149002075,
    1.0987839698791504,
    0.8094080090522766,
    1.0444480180740356,
    0.811680018901825,
    1.0378880500793457,
    0.8062719702720642,
    1.056607961654663,
    1.6823999881744385,
    7.595327854156494,
    3.036895990371704,
    7.4464640617370605,
    5.494112014770508,
    1.0981760025024414,
    0.8648959994316101,
    1.09225594997406,
    0.8097599744796753,
    1.032480001449585,
    0.8100799918174744,
    1.0367679595947266,
    0.8133440017700195,
    1.0442880392074585,
    0.8113600015640259,
    1.0280959606170654,
    0.8227199912071228,
    1.0327999591827393,
    0.8082879781723022,
    1.0315519571304321,
    0.8105279803276062,
    1.0412800312042236,
    1.732319951057434,
    7.531775951385498,
    3.177248001098633,
    6.518464088439941,
    3.371040105819702,
    1.0803519487380981,
    0.8138239979743958,
    1.0970560312271118,
    0.8601599931716919,
    1.0672320127487183,
    0.8623359799385071,
    1.079103946685791,
    0.8121280074119568,
    1.0524159669876099,
    0.8095999956130981
  ]
}