{
  "label": "mig72_4n_qwen_nid008633_g3",
  "num_cells": 8,
  "graph_mode": 1,
  "mode": "GRAPH",
  "mean_ms": 0.5992620813846589,
  "per_cell_ms": 0.07490776017308236,
  "p95_ms": 0.8849456250667571,
  "p99_ms": 1.5108893048763268,
  "miss_1ms": 0.04,
  "raw": [
    0.5080959796905518,
    0.5076479911804199,
    0.503167986869812,
    0.5120959877967834,
    0.48559999465942383,
    0.5012159943580627,
    0.521888017654419,
    0.48342400789260864,
    0.5038400292396545,
    0.544543981552124,
    0.5011839866638184,
    1.3464000225067139,
    0.5046719908714294,
    0.5350720286369324,
    0.5182080268859863,
    0.5188800096511841,
    0.4989120066165924,
    0.4986880123615265,
    0.4870080053806305,
    0.496832013130188,
    0.5274879932403564,
    0.5130559802055359,
    0.5146560072898865,
    0.525056004524231,
    0.5185279846191406,
    0.4966079890727997,
    0.5296639800071716,
    0.5079360008239746,
    0.535647988319397,
    0.5236799716949463,
    0.5364480018615723,
    0.502560019493103,
    0.5038719773292542,
    0.5207359790802002,
    0.5359039902687073,
    0.557856023311615,
    0.5248640179634094,
    0.7117120027542114,
    0.8982080221176147,
    1.6689280271530151,
    0.8687360286712646,
    0.8380799889564514,
    0.7592639923095703,
    0.7244160175323486,
    0.7910720109939575,
    0.7325440049171448,
    0.5262399911880493,
    0.5553280115127563,
    0.5221120119094849,
    0.5145279765129089
  ]
}