{
  "label": "heavy_hbm4g",
  "num_cells": 20,
  "num_tx": 4,
  "num_rx": 4,
  "mcs": 2,
  "hbm_pct": 32.7,
  "stats": {
    "name": "heavy_hbm4g",
    "count": 100,
    "mean_ms": 990.5521089935303,
    "std_ms": 14.131051922646028,
    "p50_ms": 990.9204158782959,
    "p95_ms": 1013.5458835601806,
    "p99_ms": 1018.173316116333,
    "min_ms": 954.5318374633789,
    "max_ms": 1018.2940826416016,
    "jitter": 0.014265833967083426
  },
  "miss_1ms": 1.0,
  "raw": [
    1009.1801567077637,
    995.5286026000977,
    990.9095993041992,
    981.9209289550781,
    995.443546295166,
    1004.5158767700195,
    1004.5349502563477,
    1004.4357147216797,
    1000.0537223815918,
    995.4069404602051,
    995.4646644592285,
    999.9768943786621,
    995.5571479797363,
    990.8824234008789,
    963.675594329834,
    986.3760986328125,
    1009.1374969482422,
    972.7092475891113,
    986.3173179626465,
    1004.4690818786621,
    959.1218948364258,
    963.7609252929688,
    990.8691215515137,
    995.5101165771484,
    995.468994140625,
    1004.515323638916,
    977.1557388305664,
    981.7967643737793,
    981.9516067504883,
    995.4063034057617,
    1018.1720962524414,
    972.6578826904297,
    990.9614753723145,
    972.6987762451172,
    990.962718963623,
    986.2115211486816,
    986.4930191040039,
    986.4024047851562,
    1000.0127334594727,
    999.9788856506348,
    986.3194618225098,
    990.9527359008789,
    1000.0369567871094,
    1018.2940826416016,
    986.3319778442383,
    972.7817344665527,
    1004.596866607666,
    986.2829780578613,
    995.4662551879883,
    981.7870674133301,
    981.861385345459,
    968.2981758117676,
    990.9312324523926,
    977.2073554992676,
    995.4735565185547,
    1004.3422088623047,
    1009.0107269287109,
    972.7606658935547,
    981.7594566345215,
    959.1192321777344,
    963.7781829833984,
    986.3748817443848,
    986.3995475769043,
    977.165699005127,
    954.5318374633789,
    968.3728294372559,
    963.7157135009766,
    990.9029731750488,
    1009.0823936462402,
    1000.0741386413574,
    995.5152969360352,
    999.8915824890137,
    1018.1122512817383,
    986.4025917053223,
    995.4570541381836,
    986.4762115478516,
    986.3103713989258,
    995.416805267334,
    1000.0238761901855,
    986.3550758361816,
    1013.591480255127,
    1013.6749458312988,
    981.8129615783691,
    1000.1270790100098,
    986.4979820251465,
    981.9208602905273,
    1013.5355262756348,
    1013.5434837341309,
    977.3365783691406,
    1008.9231452941895,
    986.4018249511719,
    1004.484733581543,
    972.7275543212891,
    1004.5258255004883,
    986.4468765258789,
    977.3720245361328,
    995.3601303100586,
    995.5312995910645,
    999.9858856201172,
    990.8329658508301
  ]
}