{
  "label": "mig72_2n_base_nid008660_g0",
  "num_cells": 8,
  "graph_mode": 1,
  "mode": "GRAPH",
  "mean_ms": 0.4674489599466324,
  "per_cell_ms": 0.05843111999332905,
  "p95_ms": 0.4702127918601036,
  "p99_ms": 0.4846723318099975,
  "miss_1ms": 0.0,
  "raw": [
    0.4676800072193146,
    0.4681279957294464,
    0.47068798542022705,
    0.46963199973106384,
    0.46876800060272217,
    0.4665600061416626,
    0.46540799736976624,
    0.4660159945487976,
    0.4660800099372864,
    0.46668800711631775,
    0.46799999475479126,
    0.4691520035266876,
    0.466048002243042,
    0.4684799909591675,
    0.4668160080909729,
    0.4652160108089447,
    0.4673280119895935,
    0.4675520062446594,
    0.46723198890686035,
    0.465472012758255,
    0.4652160108089447,
    0.46799999475479126,
    0.46665599942207336,
    0.46486398577690125,
    0.46460801362991333,
    0.46726399660110474,
    0.4659520089626312,
    0.46537598967552185,
    0.46492800116539,
    0.4677119851112366,
    0.46620801091194153,
    0.46563199162483215,
    0.4647360146045685,
    0.4672960042953491,
    0.4675520062446594,
    0.4641279876232147,
    0.469215989112854,
    0.46697598695755005,
    0.4673919975757599,
    0.4657599925994873,
    0.4724160134792328,
    0.46774399280548096,
    0.4673599898815155,
    0.46508800983428955,
    0.4631679952144623,
    0.46726399660110474,
    0.4663040041923523,
    0.46515199542045593,
    0.49644801020622253,
    0.46908798813819885
  ]
}