{
  "label": "s4n4g_gpt2_nid003953_g0",
  "num_cells": 8,
  "graph_mode": 1,
  "mode": "GRAPH",
  "mean_ms": 0.44880063891410826,
  "per_cell_ms": 0.05610007986426353,
  "p95_ms": 0.5623008042573928,
  "p99_ms": 0.6155628544092178,
  "miss_1ms": 0.0,
  "raw": [
    0.4343680143356323,
    0.6411839723587036,
    0.43724799156188965,
    0.43487998843193054,
    0.4357120096683502,
    0.43484801054000854,
    0.43539199233055115,
    0.5663040280342102,
    0.4341759979724884,
    0.43673598766326904,
    0.4360640048980713,
    0.43401598930358887,
    0.4357439875602722,
    0.43561598658561707,
    0.43487998843193054,
    0.43433600664138794,
    0.4349760115146637,
    0.4357759952545166,
    0.44227200746536255,
    0.43404799699783325,
    0.43430399894714355,
    0.4365760087966919,
    0.4349760115146637,
    0.43539199233055115,
    0.43727999925613403,
    0.44703999161720276,
    0.43641600012779236,
    0.43398401141166687,
    0.44176000356674194,
    0.43568000197410583,
    0.4373120069503784,
    0.4415999948978424,
    0.4341759979724884,
    0.43769600987434387,
    0.440064013004303,
    0.4402559995651245,
    0.43430399894714355,
    0.4365119934082031,
    0.5888959765434265,
    0.43299201130867004,
    0.4331839978694916,
    0.4376319944858551,
    0.43561598658561707,
    0.4396800100803375,
    0.4344319999217987,
    0.43615999817848206,
    0.5574079751968384,
    0.4331839978694916,
    0.44383999705314636,
    0.44310399889945984
  ]
}