{
  "label": "sm60_1cell_with72b",
  "sm_pct": 60,
  "stats": {
    "name": "sm60_1cell_with72b",
    "count": 100,
    "mean_ms": 2.6310377818346025,
    "std_ms": 3.5980075757876735,
    "p50_ms": 1.65203195810318,
    "p95_ms": 8.470385599136343,
    "p99_ms": 17.64052900314336,
    "min_ms": 0.9144960045814514,
    "max_ms": 27.025760650634766,
    "jitter": 1.367524100425046
  },
  "miss_1ms": 0.98,
  "raw": [
    1.1799360513687134,
    0.9195200204849243,
    1.1653120517730713,
    0.9144960045814514,
    1.7220159769058228,
    1.381600022315979,
    3.4602880477905273,
    2.0003840923309326,
    1.5039680004119873,
    1.0900160074234009,
    1.4642879962921143,
    1.4413119554519653,
    1.8221759796142578,
    1.4878400564193726,
    1.6001280546188354,
    1.6064640283584595,
    3.951616048812866,
    3.0202560424804688,
    1.8516160249710083,
    1.6146880388259888,
    1.963104009628296,
    1.4811840057373047,
    1.7508480548858643,
    2.1661438941955566,
    6.278687953948975,
    1.2625279426574707,
    1.5734080076217651,
    1.8238400220870972,
    1.547327995300293,
    2.054624080657959,
    2.0135040283203125,
    1.1871039867401123,
    2.41158390045166,
    1.0837440490722656,
    1.3408960103988647,
    1.3697600364685059,
    1.9112000465393066,
    1.3741439580917358,
    1.421247959136963,
    1.9512640237808228,
    2.0642240047454834,
    1.2610880136489868,
    2.2330238819122314,
    1.5290240049362183,
    2.197824001312256,
    1.1030080318450928,
    3.117759943008423,
    1.2420799732208252,
    1.9159040451049805,
    1.973855972290039,
    1.7065600156784058,
    1.2716799974441528,
    8.281023979187012,
    1.324895977973938,
    12.068256378173828,
    1.113152027130127,
    1.763200044631958,
    1.150496006011963,
    3.9622719287872314,
    2.8130879402160645,
    17.54572868347168,
    1.3408960103988647,
    1.6733759641647339,
    1.0444799661636353,
    1.4058239459991455,
    1.9290560483932495,
    12.609855651855469,
    2.0864319801330566,
    1.630687952041626,
    1.3424960374832153,
    1.4111679792404175,
    1.673632025718689,
    1.6890560388565063,
    1.3921600580215454,
    1.7047679424285889,
    4.19974422454834,
    1.761023998260498,
    1.2570240497589111,
    1.8353279829025269,
    1.5779520273208618,
    1.735584020614624,
    1.2204480171203613,
    2.099008083343506,
    13.896672248840332,
    1.8184640407562256,
    1.1404160261154175,
    2.685215950012207,
    1.1200319528579712,
    3.710815906524658,
    1.3825600147247314,
    1.5497920513153076,
    27.025760650634766,
    1.7952320575714111,
    1.0560640096664429,
    1.6020480394363403,
    1.1299840211868286,
    2.5405759811401367,
    1.4408639669418335,
    4.485055923461914,
    1.302016019821167
  ]
}