{
  "label": "conc_sm40",
  "num_cells": 20,
  "num_tx": 4,
  "num_rx": 4,
  "mcs": 2,
  "concurrent": true,
  "hbm_pct": 43.5,
  "stats": {
    "mean_ms": 16.114992017745973,
    "p50_ms": 14.572944164276123,
    "p95_ms": 19.153566551208495,
    "p99_ms": 47.30078327178961,
    "jitter": 0.3893044223514114
  },
  "miss_1ms": 1.0,
  "raw": [
    14.629504203796387,
    16.129600524902344,
    19.151264190673828,
    14.577343940734863,
    14.727071762084961,
    14.665632247924805,
    14.578207969665527,
    14.5863037109375,
    14.613183975219727,
    14.635711669921875,
    14.586624145507812,
    14.753727912902832,
    14.543871879577637,
    47.18739318847656,
    15.026816368103027,
    14.56060791015625,
    14.55078411102295,
    14.516703605651855,
    14.553343772888184,
    14.546496391296387,
    14.657376289367676,
    14.52790355682373,
    14.624704360961914,
    14.689023971557617,
    15.639039993286133,
    16.46233558654785,
    14.494400024414062,
    14.565279960632324,
    14.519968032836914,
    14.549471855163574,
    17.702016830444336,
    14.512895584106445,
    14.492639541625977,
    15.318047523498535,
    14.649503707885742,
    14.536640167236328,
    58.52640151977539,
    26.76038360595703,
    14.662752151489258,
    14.568544387817383,
    14.518431663513184,
    14.52064037322998,
    14.55129623413086,
    14.521504402160645,
    14.489631652832031,
    14.684703826904297,
    14.564352035522461,
    15.41055965423584,
    16.7807674407959,
    14.52342414855957,
    14.590592384338379,
    14.561280250549316,
    14.554847717285156,
    14.48572826385498,
    14.505375862121582,
    14.5217924118042,
    14.533184051513672,
    17.4715518951416,
    14.564736366271973,
    16.661056518554688,
    15.530879974365234,
    14.504416465759277,
    14.564831733703613,
    14.645279884338379,
    14.541919708251953,
    14.463711738586426,
    14.484607696533203,
    14.559840202331543,
    14.648736000061035,
    14.490015983581543,
    15.035903930664062,
    17.001087188720703,
    14.584704399108887,
    14.55833625793457,
    14.557120323181152,
    14.643391609191895,
    14.527839660644531,
    14.502016067504883,
    14.60153579711914,
    14.550175666809082,
    14.472288131713867,
    14.51750373840332,
    16.23868751525879,
    15.722335815429688,
    14.553791999816895,
    14.552191734313965,
    17.26790428161621,
    14.710528373718262,
    14.578080177307129,
    14.455039978027344,
    14.479040145874023,
    14.460927963256836,
    14.56287956237793,
    19.197311401367188,
    45.108097076416016,
    14.677023887634277,
    14.706591606140137,
    14.581472396850586,
    14.596384048461914,
    14.469792366027832
  ]
}