{
  "label": "s4n4g_neuralrx_nid003953_g3",
  "num_cells": 8,
  "graph_mode": 1,
  "mode": "GRAPH",
  "mean_ms": 0.4358412802219391,
  "per_cell_ms": 0.054480160027742384,
  "p95_ms": 0.4441471979022026,
  "p99_ms": 0.4463116735219955,
  "miss_1ms": 0.0,
  "raw": [
    0.43539199233055115,
    0.4312959909439087,
    0.4278720021247864,
    0.43587198853492737,
    0.4349760115146637,
    0.4466879963874817,
    0.4362240135669708,
    0.4349119961261749,
    0.4349760115146637,
    0.43753600120544434,
    0.4362559914588928,
    0.4381439983844757,
    0.43539199233055115,
    0.4368959963321686,
    0.4323520064353943,
    0.435808002948761,
    0.43382400274276733,
    0.4365119934082031,
    0.43593600392341614,
    0.43568000197410583,
    0.43539199233055115,
    0.437824010848999,
    0.43747198581695557,
    0.43513599038124084,
    0.4350399971008301,
    0.43539199233055115,
    0.43744000792503357,
    0.43516799807548523,
    0.435232013463974,
    0.4343999922275543,
    0.4347200095653534,
    0.4350399971008301,
    0.43299201130867004,
    0.4350079894065857,
    0.43536001443862915,
    0.43408000469207764,
    0.4459199905395508,
    0.43727999925613403,
    0.434688001871109,
    0.44518399238586426,
    0.43427199125289917,
    0.43721601366996765,
    0.4338560104370117,
    0.4428800046443939,
    0.4334079921245575,
    0.43670400977134705,
    0.4365119934082031,
    0.4330880045890808,
    0.43299201130867004,
    0.42982399463653564
  ]
}