{
  "label": "nv_resnet",
  "num_cells": 8,
  "graph_mode": 1,
  "mode": "GRAPH",
  "mean_ms": 0.6215763175487519,
  "per_cell_ms": 0.07769703969359398,
  "p95_ms": 0.7613248139619826,
  "p99_ms": 1.1909084820747373,
  "miss_1ms": 0.04,
  "raw": [
    0.63372802734375,
    0.6952959895133972,
    0.6006399989128113,
    0.6766719818115234,
    0.606656014919281,
    0.6993920207023621,
    0.5715199708938599,
    0.6692799925804138,
    0.5903679728507996,
    0.5580160021781921,
    0.6205120086669922,
    0.5280320048332214,
    0.7735360264778137,
    0.652351975440979,
    0.519648015499115,
    0.746399998664856,
    0.5608000159263611,
    0.5172479748725891,
    0.6086080074310303,
    0.5667200088500977,
    0.5383039712905884,
    0.5291839838027954,
    0.5516480207443237,
    0.5334720015525818,
    0.506879985332489,
    0.5134400129318237,
    0.5137280225753784,
    0.6490240097045898,
    0.5549759864807129,
    0.541920006275177,
    0.5682240128517151,
    0.6032959818840027,
    1.258944034576416,
    0.5498239994049072,
    0.5770559906959534,
    1.12009596824646,
    0.5341439843177795,
    0.5777599811553955,
    0.6048319935798645,
    0.5575039982795715,
    0.5969600081443787,
    0.6836159825325012,
    0.6218879818916321,
    0.6913279891014099,
    0.6102399826049805,
    0.6939520239830017,
    0.5841599702835083,
    0.680351972579956,
    0.586080014705658,
    0.5505599975585938
  ]
}