{
  "label": "mig32_2n_base_nid001461_g0",
  "num_cells": 8,
  "graph_mode": 1,
  "mode": "GRAPH",
  "mean_ms": 0.46916736006736753,
  "per_cell_ms": 0.05864592000842094,
  "p95_ms": 0.4749727949500084,
  "p99_ms": 0.4846883249282837,
  "miss_1ms": 0.0,
  "raw": [
    0.4676800072193146,
    0.46934399008750916,
    0.4684160053730011,
    0.46825599670410156,
    0.4691520035266876,
    0.4681920111179352,
    0.47014400362968445,
    0.47177600860595703,
    0.47651201486587524,
    0.4671359956264496,
    0.46959999203681946,
    0.4681920111179352,
    0.4670400023460388,
    0.4684160053730011,
    0.46883198618888855,
    0.4687039852142334,
    0.46617600321769714,
    0.46902400255203247,
    0.4671359956264496,
    0.46668800711631775,
    0.4676800072193146,
    0.47046399116516113,
    0.4712960124015808,
    0.4660159945487976,
    0.4689919948577881,
    0.4689280092716217,
    0.46908798813819885,
    0.4676159918308258,
    0.46700799465179443,
    0.4758079946041107,
    0.46886399388313293,
    0.47065600752830505,
    0.4673599898815155,
    0.46585598587989807,
    0.4679040014743805,
    0.4672960042953491,
    0.4683839976787567,
    0.46614399552345276,
    0.4670720100402832,
    0.46649599075317383,
    0.466592013835907,
    0.4668799936771393,
    0.4712960124015808,
    0.4739519953727722,
    0.47020798921585083,
    0.46748799085617065,
    0.46694400906562805,
    0.46534401178359985,
    0.47177600860595703,
    0.4925439953804016
  ]
}