{
  "label": "s4n4g_neuralrx_nid003956_g1",
  "num_cells": 8,
  "graph_mode": 1,
  "mode": "GRAPH",
  "mean_ms": 0.43444031953811646,
  "per_cell_ms": 0.05430503994226456,
  "p95_ms": 0.43848800510168073,
  "p99_ms": 0.4391216096282005,
  "miss_1ms": 0.0,
  "raw": [
    0.43462398648262024,
    0.43673598766326904,
    0.42976000905036926,
    0.43619200587272644,
    0.43487998843193054,
    0.43692800402641296,
    0.4392000138759613,
    0.43619200587272644,
    0.43532800674438477,
    0.4360640048980713,
    0.4362879991531372,
    0.43516799807548523,
    0.4350079894065857,
    0.43904000520706177,
    0.4282880127429962,
    0.43430399894714355,
    0.4350399971008301,
    0.43727999925613403,
    0.4357120096683502,
    0.4342400133609772,
    0.4336960017681122,
    0.43673598766326904,
    0.438400000333786,
    0.4286080002784729,
    0.4354879856109619,
    0.43673598766326904,
    0.4347839951515198,
    0.43619200587272644,
    0.43408000469207764,
    0.43615999817848206,
    0.43353599309921265,
    0.42767998576164246,
    0.43404799699783325,
    0.43856000900268555,
    0.42847999930381775,
    0.4344959855079651,
    0.4338879883289337,
    0.43644800782203674,
    0.43241599202156067,
    0.430976003408432,
    0.43033599853515625,
    0.43542400002479553,
    0.4281280040740967,
    0.4350079894065857,
    0.43222400546073914,
    0.4343680143356323,
    0.43327999114990234,
    0.43536001443862915,
    0.4360640048980713,
    0.434143990278244
  ]
}