{
  "label": "s4n4g_gpt2_nid003953_g2",
  "num_cells": 8,
  "graph_mode": 1,
  "mode": "GRAPH",
  "mean_ms": 0.4354214400053024,
  "per_cell_ms": 0.0544276800006628,
  "p95_ms": 0.4381584092974663,
  "p99_ms": 0.4398111960291862,
  "miss_1ms": 0.0,
  "raw": [
    0.43379199504852295,
    0.4366399943828583,
    0.4366399943828583,
    0.4359999895095825,
    0.4336000084877014,
    0.4367679953575134,
    0.4366079866886139,
    0.43456000089645386,
    0.4347200095653534,
    0.4357439875602722,
    0.437824010848999,
    0.4354560077190399,
    0.43430399894714355,
    0.4360960125923157,
    0.43510401248931885,
    0.43532800674438477,
    0.4344319999217987,
    0.4367679953575134,
    0.4357759952545166,
    0.4349760115146637,
    0.4352000057697296,
    0.4323199987411499,
    0.4359680116176605,
    0.435808002948761,
    0.43408000469207764,
    0.4360319972038269,
    0.4360640048980713,
    0.4354879856109619,
    0.4344959855079651,
    0.43964800238609314,
    0.43513599038124084,
    0.43481600284576416,
    0.4354560077190399,
    0.436383992433548,
    0.4370880126953125,
    0.43427199125289917,
    0.43321600556373596,
    0.4347839951515198,
    0.43353599309921265,
    0.4350079894065857,
    0.4336960017681122,
    0.4362240135669708,
    0.43612799048423767,
    0.434112012386322,
    0.4384320080280304,
    0.4399679899215698,
    0.435263991355896,
    0.43302398920059204,
    0.43270400166511536,
    0.43558400869369507
  ]
}