{
  "label": "real_matmul_mid",
  "num_cells": 8,
  "num_tx": 4,
  "num_rx": 4,
  "mcs": 2,
  "hbm_pct": 23.0,
  "stats": {
    "name": "real_matmul_mid",
    "count": 100,
    "mean_ms": 71.19717061042786,
    "std_ms": 1.1953398881519217,
    "p50_ms": 70.91444826126099,
    "p95_ms": 73.16008567810059,
    "p99_ms": 74.7323595237732,
    "min_ms": 69.23852825164795,
    "max_ms": 75.95913600921631,
    "jitter": 0.016789148752729324
  },
  "miss_1ms": 1.0,
  "raw": [
    70.2457594871521,
    72.41145610809326,
    69.35856056213379,
    71.67584037780762,
    73.14998435974121,
    71.68995189666748,
    71.0860481262207,
    70.02976036071777,
    75.95913600921631,
    71.61331081390381,
    70.11596775054932,
    72.12518405914307,
    70.78332901000977,
    69.2605128288269,
    70.79184055328369,
    71.57257556915283,
    70.05136013031006,
    73.95523262023926,
    70.8704309463501,
    70.89366436004639,
    71.66300821304321,
    70.94428825378418,
    69.25385570526123,
    70.11859130859375,
    71.75068759918213,
    72.001953125,
    70.97273683547974,
    69.2584638595581,
    72.03574275970459,
    73.15891456604004,
    69.65497589111328,
    72.2739839553833,
    72.01980972290039,
    70.26508665084839,
    72.84521579742432,
    71.64988803863525,
    70.62214469909668,
    70.92441511154175,
    74.71996784210205,
    72.15737628936768,
    70.78902387619019,
    70.75830411911011,
    70.86355113983154,
    72.35152053833008,
    70.91801643371582,
    71.67875289916992,
    70.85670471191406,
    70.09635162353516,
    70.89846324920654,
    70.3964786529541,
    70.47472047805786,
    70.75980806350708,
    71.5320634841919,
    70.01132726669312,
    70.03500699996948,
    70.00188732147217,
    71.1754560470581,
    71.65135955810547,
    71.62563037872314,
    71.67433643341064,
    70.86175918579102,
    72.44038391113281,
    71.63280010223389,
    73.18233680725098,
    70.88601636886597,
    69.23852825164795,
    71.56508827209473,
    71.53936100006104,
    70.81196784973145,
    74.29929637908936,
    71.18979358673096,
    72.01657676696777,
    71.63132858276367,
    70.04380893707275,
    70.09145545959473,
    72.41657638549805,
    72.38672065734863,
    70.84035110473633,
    70.89094352722168,
    70.91088008880615,
    70.3322229385376,
    70.10051155090332,
    70.03497505187988,
    73.0667200088501,
    70.86604881286621,
    70.35827207565308,
    70.85484886169434,
    71.67529487609863,
    70.89472103118896,
    71.6311674118042,
    69.37043285369873,
    70.03923320770264,
    71.94719982147217,
    71.56355142593384,
    71.64326477050781,
    71.83382368087769,
    69.27932929992676,
    70.03343915939331,
    70.00819206237793,
    70.82806348800659
  ]
}