{
  "label": "q32b2n_qwen32b_nid001641_g1",
  "num_cells": 8,
  "graph_mode": 1,
  "mode": "GRAPH",
  "mean_ms": 0.43618368089199067,
  "per_cell_ms": 0.05452296011149883,
  "p95_ms": 0.44037599563598634,
  "p99_ms": 0.44706079542636873,
  "miss_1ms": 0.0,
  "raw": [
    0.43798398971557617,
    0.43590399622917175,
    0.4381119906902313,
    0.44044798612594604,
    0.43619200587272644,
    0.4297280013561249,
    0.44681599736213684,
    0.4342400133609772,
    0.43481600284576416,
    0.43779200315475464,
    0.4352000057697296,
    0.43721601366996765,
    0.434143990278244,
    0.43699198961257935,
    0.43542400002479553,
    0.4342080056667328,
    0.4397760033607483,
    0.4347839951515198,
    0.4349440038204193,
    0.43331199884414673,
    0.4347200095653534,
    0.43696001172065735,
    0.4365119934082031,
    0.4343680143356323,
    0.4349760115146637,
    0.43615999817848206,
    0.43558400869369507,
    0.4402880072593689,
    0.43462398648262024,
    0.43564799427986145,
    0.43587198853492737,
    0.43536001443862915,
    0.43375998735427856,
    0.44729599356651306,
    0.4389120042324066,
    0.43561598658561707,
    0.4352959990501404,
    0.4285440146923065,
    0.43532800674438477,
    0.4362559914588928,
    0.43459200859069824,
    0.4357759952545166,
    0.4373120069503784,
    0.43459200859069824,
    0.43561598658561707,
    0.4357120096683502,
    0.4374080002307892,
    0.43615999817848206,
    0.43536001443862915,
    0.4365440011024475
  ]
}