{
  "label": "q32b1n_qwen32b_nid001461_g2",
  "num_cells": 8,
  "graph_mode": 1,
  "mode": "GRAPH",
  "mean_ms": 0.45830399870872496,
  "per_cell_ms": 0.05728799983859062,
  "p95_ms": 0.47008640319108963,
  "p99_ms": 0.4736835244297981,
  "miss_1ms": 0.0,
  "raw": [
    0.46508800983428955,
    0.46963199973106384,
    0.4700160026550293,
    0.466623991727829,
    0.4692479968070984,
    0.4668799936771393,
    0.47385600209236145,
    0.46720001101493835,
    0.46592000126838684,
    0.4681279957294464,
    0.46883198618888855,
    0.4675520062446594,
    0.4676479995250702,
    0.4673280119895935,
    0.4651840031147003,
    0.45471999049186707,
    0.47014400362968445,
    0.4735040068626404,
    0.4535999894142151,
    0.4522559940814972,
    0.45081600546836853,
    0.45263999700546265,
    0.45340800285339355,
    0.45289599895477295,
    0.4509119987487793,
    0.4538559913635254,
    0.45372799038887024,
    0.45187199115753174,
    0.45097601413726807,
    0.45392000675201416,
    0.4540799856185913,
    0.45078399777412415,
    0.4500479996204376,
    0.455487996339798,
    0.4520319998264313,
    0.4508480131626129,
    0.45097601413726807,
    0.45241600275039673,
    0.45177599787712097,
    0.45209598541259766,
    0.45020800828933716,
    0.4564799964427948,
    0.45241600275039673,
    0.4509119987487793,
    0.4530879855155945,
    0.45497599244117737,
    0.45558398962020874,
    0.4585919976234436,
    0.45110398530960083,
    0.462911993265152
  ]
}