{
  "label": "sm80_1cell",
  "sm_pct": 80,
  "stats": {
    "name": "sm80_1cell",
    "count": 100,
    "mean_ms": 2.067415983080864,
    "std_ms": 2.2115498648911314,
    "p50_ms": 1.08297598361969,
    "p95_ms": 7.86257107257843,
    "p99_ms": 8.374846706390388,
    "min_ms": 0.8471999764442444,
    "max_ms": 9.816191673278809,
    "jitter": 1.0697169234396067
  },
  "miss_1ms": 0.62,
  "raw": [
    1.0940159559249878,
    0.8622080087661743,
    8.3602876663208,
    1.859071969985962,
    7.858687877655029,
    3.134495973587036,
    1.3821760416030884,
    0.8711680173873901,
    1.163807988166809,
    0.9088640213012695,
    1.1456639766693115,
    0.903328001499176,
    1.1213120222091675,
    0.9012799859046936,
    1.0887360572814941,
    0.8875200152397156,
    1.080191969871521,
    0.8525440096855164,
    1.137887954711914,
    0.8537279963493347,
    1.1423360109329224,
    0.8489279747009277,
    5.04915189743042,
    3.0940160751342773,
    7.857024192810059,
    3.466048002243042,
    5.019455909729004,
    0.8647680282592773,
    1.0783679485321045,
    0.8492159843444824,
    1.1030399799346924,
    0.8698559999465942,
    1.1351679563522339,
    0.9157119989395142,
    1.0773119926452637,
    0.900767982006073,
    1.1279360055923462,
    0.8584640026092529,
    6.212255954742432,
    1.2710399627685547,
    1.094655990600586,
    0.8651520013809204,
    7.0878400802612305,
    3.350368022918701,
    7.936351776123047,
    3.711872100830078,
    8.159839630126953,
    0.8572160005569458,
    1.081503987312317,
    0.8532159924507141,
    1.0856640338897705,
    0.8820160031318665,
    1.1308480501174927,
    0.9011200070381165,
    1.1370240449905396,
    0.8471999764442444,
    1.082751989364624,
    0.8636159896850586,
    1.086303949356079,
    0.9011520147323608,
    1.14137601852417,
    0.8962560296058655,
    1.0763520002365112,
    1.7103999853134155,
    7.741119861602783,
    2.997663974761963,
    9.816191673278809,
    3.184191942214966,
    1.088479995727539,
    0.8490239977836609,
    1.0845119953155518,
    0.9014719724655151,
    1.1440000534057617,
    0.8517119884490967,
    1.0776959657669067,
    0.8649600148200989,
    1.0752320289611816,
    0.8813120126724243,
    1.0813119411468506,
    0.8513919711112976,
    1.0784000158309937,
    0.8480640053749084,
    1.0807360410690308,
    0.8496000170707703,
    5.895904064178467,
    3.054176092147827,
    8.165727615356445,
    2.87827205657959,
    4.639967918395996,
    0.903328001499176,
    1.1374399662017822,
    0.8515200018882751,
    1.0869120359420776,
    0.9024320244789124,
    1.142016053199768,
    0.8617600202560425,
    1.0831999778747559,
    0.8582720160484314,
    1.080191969871521,
    0.9054719805717468
  ]
}