{
  "label": "mig32_4n_base_nid001541_g1",
  "num_cells": 8,
  "graph_mode": 1,
  "mode": "GRAPH",
  "mean_ms": 0.4677510416507721,
  "per_cell_ms": 0.05846888020634651,
  "p95_ms": 0.47195039838552477,
  "p99_ms": 0.4759590357542038,
  "miss_1ms": 0.0,
  "raw": [
    0.4681920111179352,
    0.46777600049972534,
    0.47222399711608887,
    0.4665279984474182,
    0.4670400023460388,
    0.469184011220932,
    0.46851199865341187,
    0.4696959853172302,
    0.4675840139389038,
    0.4747839868068695,
    0.4691520035266876,
    0.4689919948577881,
    0.46505600214004517,
    0.4650239944458008,
    0.466623991727829,
    0.4647679924964905,
    0.4657599925994873,
    0.4663360118865967,
    0.46854400634765625,
    0.46931201219558716,
    0.46672001481056213,
    0.4663679897785187,
    0.4652479887008667,
    0.46563199162483215,
    0.4647679924964905,
    0.4663360118865967,
    0.46531200408935547,
    0.46489599347114563,
    0.46432000398635864,
    0.4659839868545532,
    0.46806401014328003,
    0.4659520089626312,
    0.4651840031147003,
    0.46697598695755005,
    0.4675840139389038,
    0.46694400906562805,
    0.466592013835907,
    0.46694400906562805,
    0.46851199865341187,
    0.46646401286125183,
    0.4670400023460388,
    0.46716800332069397,
    0.4673599898815155,
    0.4704959988594055,
    0.46806401014328003,
    0.47708800435066223,
    0.4705600142478943,
    0.4716159999370575,
    0.47097599506378174,
    0.4712960124015808
  ]
}