{
  "label": "mig32_4n_base_nid001537_g0",
  "num_cells": 8,
  "graph_mode": 1,
  "mode": "GRAPH",
  "mean_ms": 0.47108927845954895,
  "per_cell_ms": 0.05888615980744362,
  "p95_ms": 0.4764431953430176,
  "p99_ms": 0.47784448266029356,
  "miss_1ms": 0.0,
  "raw": [
    0.47065600752830505,
    0.4734399914741516,
    0.4721600115299225,
    0.4689280092716217,
    0.47884801030158997,
    0.4721280038356781,
    0.4729920029640198,
    0.4675520062446594,
    0.46751999855041504,
    0.47123199701309204,
    0.47196799516677856,
    0.4681279957294464,
    0.46614399552345276,
    0.4716799855232239,
    0.4697920083999634,
    0.4684799909591675,
    0.4763199985027313,
    0.4735040068626404,
    0.4697920083999634,
    0.46691200137138367,
    0.46985599398612976,
    0.47337600588798523,
    0.47382399439811707,
    0.46911999583244324,
    0.4713279902935028,
    0.4737600088119507,
    0.4718399941921234,
    0.4668799936771393,
    0.46806401014328003,
    0.47279998660087585,
    0.4705919921398163,
    0.4673280119895935,
    0.46860799193382263,
    0.47171199321746826,
    0.47088000178337097,
    0.46585598587989807,
    0.46585598587989807,
    0.4716159999370575,
    0.47119998931884766,
    0.4719040095806122,
    0.47654399275779724,
    0.4751040041446686,
    0.476063996553421,
    0.47305598855018616,
    0.46883198618888855,
    0.4755840003490448,
    0.47679999470710754,
    0.47228801250457764,
    0.4697279930114746,
    0.46588799357414246
  ]
}