{
  "label": "mig72_4n_qwen_nid008632_g1",
  "num_cells": 8,
  "graph_mode": 1,
  "mode": "GRAPH",
  "mean_ms": 0.5172960031032562,
  "per_cell_ms": 0.06466200038790702,
  "p95_ms": 0.5519808053970336,
  "p99_ms": 0.5583999818563461,
  "miss_1ms": 0.0,
  "raw": [
    0.4864960014820099,
    0.49878400564193726,
    0.4973759949207306,
    0.48211199045181274,
    0.4922879934310913,
    0.488864004611969,
    0.4952639937400818,
    0.4958080053329468,
    0.4756160080432892,
    0.4966079890727997,
    0.5025280117988586,
    0.563103973865509,
    0.5535039901733398,
    0.5133439898490906,
    0.5208640098571777,
    0.5226240158081055,
    0.5304639935493469,
    0.5308480262756348,
    0.513152003288269,
    0.5150399804115295,
    0.5224000215530396,
    0.5278720259666443,
    0.5212479829788208,
    0.5158720016479492,
    0.5153279900550842,
    0.5214080214500427,
    0.5101119875907898,
    0.5308799743652344,
    0.5032640099525452,
    0.5380480289459229,
    0.5532479882240295,
    0.5265600085258484,
    0.550432026386261,
    0.5178880095481873,
    0.517632007598877,
    0.5384320020675659,
    0.5484480261802673,
    0.540224015712738,
    0.5185920000076294,
    0.5225600004196167,
    0.5143679976463318,
    0.5204480290412903,
    0.5066879987716675,
    0.513375997543335,
    0.5055680274963379,
    0.5120319724082947,
    0.5492799878120422,
    0.5144640207290649,
    0.5028160214424133,
    0.5106239914894104
  ]
}