{
  "label": "s1n4g_neuralrx_nid001285_g0",
  "num_cells": 8,
  "graph_mode": 1,
  "mode": "GRAPH",
  "mean_ms": 0.925168639421463,
  "per_cell_ms": 0.11564607992768287,
  "p95_ms": 1.068284821510315,
  "p99_ms": 1.1193251013755798,
  "miss_1ms": 0.3,
  "raw": [
    0.7003200054168701,
    0.8738240003585815,
    1.0128639936447144,
    0.9528319835662842,
    1.042207956314087,
    0.8312000036239624,
    0.9970239996910095,
    0.9567999839782715,
    1.0529919862747192,
    0.8796799778938293,
    1.013983964920044,
    0.8898879885673523,
    0.8488960266113281,
    0.8815680146217346,
    0.891103982925415,
    1.0322240591049194,
    0.963424026966095,
    0.8579840064048767,
    0.8717759847640991,
    1.0351999998092651,
    0.6967999935150146,
    1.1170239448547363,
    0.8759999871253967,
    1.0249919891357422,
    0.9585599899291992,
    0.8693439960479736,
    0.8934720158576965,
    1.0189119577407837,
    0.8765119910240173,
    1.1215360164642334,
    0.8501440286636353,
    1.0542399883270264,
    0.6988160014152527,
    0.9001920223236084,
    1.0335040092468262,
    0.874176025390625,
    0.884768009185791,
    0.8750399947166443,
    0.8807680010795593,
    1.0312960147857666,
    0.921887993812561,
    0.9309120178222656,
    0.8740159869194031,
    1.0382720232009888,
    0.9642239809036255,
    0.8693439960479736,
    0.8799999952316284,
    1.0797760486602783,
    0.6963199973106384,
    0.8817920088768005
  ]
}