{
  "label": "s2n4g_resnet_nid002689_g3",
  "num_cells": 8,
  "graph_mode": 1,
  "mode": "GRAPH",
  "mean_ms": 0.4334892791509628,
  "per_cell_ms": 0.05418615989387035,
  "p95_ms": 0.4364111959934235,
  "p99_ms": 0.437527357339859,
  "miss_1ms": 0.0,
  "raw": [
    0.43193599581718445,
    0.43427199125289917,
    0.4338560104370117,
    0.4323520064353943,
    0.43139201402664185,
    0.4342400133609772,
    0.4273279905319214,
    0.43190398812294006,
    0.4314880073070526,
    0.4336000084877014,
    0.4343999922275543,
    0.43590399622917175,
    0.43302398920059204,
    0.4362879991531372,
    0.43324801325798035,
    0.4315840005874634,
    0.4327999949455261,
    0.43532800674438477,
    0.4349440038204193,
    0.4267520010471344,
    0.43353599309921265,
    0.4288319945335388,
    0.4291839897632599,
    0.4378879964351654,
    0.4347519874572754,
    0.43584001064300537,
    0.43564799427986145,
    0.43408000469207764,
    0.4371519982814789,
    0.43536001443862915,
    0.4347839951515198,
    0.42604801058769226,
    0.4331200122833252,
    0.4349440038204193,
    0.43510401248931885,
    0.4365119934082031,
    0.43302398920059204,
    0.4344959855079651,
    0.4350079894065857,
    0.4349440038204193,
    0.4336319863796234,
    0.4278720021247864,
    0.43244799971580505,
    0.43401598930358887,
    0.434143990278244,
    0.43427199125289917,
    0.43584001064300537,
    0.43539199233055115,
    0.43430399894714355,
    0.43564799427986145
  ]
}