{
  "label": "mig72_4n_base_nid008633_g2",
  "num_cells": 8,
  "graph_mode": 1,
  "mode": "GRAPH",
  "mean_ms": 0.4682464003562927,
  "per_cell_ms": 0.05853080004453659,
  "p95_ms": 0.47795359045267105,
  "p99_ms": 0.48359967797994613,
  "miss_1ms": 0.0,
  "raw": [
    0.46723198890686035,
    0.4736959934234619,
    0.4684160053730011,
    0.468095988035202,
    0.4656960070133209,
    0.46851199865341187,
    0.46886399388313293,
    0.47094398736953735,
    0.46492800116539,
    0.46860799193382263,
    0.4819839894771576,
    0.4689280092716217,
    0.485152006149292,
    0.4681600034236908,
    0.4673919975757599,
    0.466048002243042,
    0.46694400906562805,
    0.4801279902458191,
    0.46751999855041504,
    0.4688960015773773,
    0.4663679897785187,
    0.46854400634765625,
    0.4689280092716217,
    0.46720001101493835,
    0.4657280147075653,
    0.4686720073223114,
    0.4684799909591675,
    0.46720001101493835,
    0.4716159999370575,
    0.4662719964981079,
    0.4668479859828949,
    0.46716800332069397,
    0.46665599942207336,
    0.46592000126838684,
    0.466592013835907,
    0.4752959907054901,
    0.46592000126838684,
    0.4660800099372864,
    0.46508800983428955,
    0.46480000019073486,
    0.46480000019073486,
    0.465503990650177,
    0.46675199270248413,
    0.4656960070133209,
    0.4655359983444214,
    0.4657920002937317,
    0.46643200516700745,
    0.4663679897785187,
    0.46460801362991333,
    0.46531200408935547
  ]
}