{
  "label": "m2n_full_nid001373_g3",
  "num_cells": 8,
  "graph_mode": 1,
  "mode": "GRAPH",
  "mean_ms": 0.9372569632530212,
  "per_cell_ms": 0.11715712040662765,
  "p95_ms": 1.0607408106327056,
  "p99_ms": 1.0791241919994354,
  "miss_1ms": 0.36,
  "raw": [
    1.0293439626693726,
    0.6895679831504822,
    0.9530879855155945,
    1.0322240591049194,
    0.8788800239562988,
    0.8159360289573669,
    1.0103039741516113,
    0.9474560022354126,
    1.0344959497451782,
    0.9254720211029053,
    0.9596480131149292,
    1.0615040063858032,
    0.8695999979972839,
    1.077280044555664,
    0.8616960048675537,
    0.9592000246047974,
    1.0304960012435913,
    1.080896019935608,
    0.8694400191307068,
    1.0223040580749512,
    0.951744019985199,
    0.8818240165710449,
    1.0598080158233643,
    0.6944000124931335,
    0.8818879723548889,
    1.045024037361145,
    0.8678079843521118,
    1.031167984008789,
    0.8797439932823181,
    0.8812479972839355,
    0.8718720078468323,
    0.875648021697998,
    1.0276800394058228,
    0.8581119775772095,
    1.0055999755859375,
    0.8707839846611023,
    0.8891839981079102,
    0.8632000088691711,
    0.8663679957389832,
    1.0394560098648071,
    1.0285120010375977,
    0.861407995223999,
    0.8856959939002991,
    1.0155839920043945,
    0.9584959745407104,
    0.9571200013160706,
    0.8675199747085571,
    0.9611520171165466,
    1.0426239967346191,
    0.8333439826965332
  ]
}