{
  "label": "sm10_1cell",
  "sm_pct": 10,
  "stats": {
    "name": "sm10_1cell",
    "count": 100,
    "mean_ms": 1.9453616118431092,
    "std_ms": 2.3891555519979635,
    "p50_ms": 1.0966399908065796,
    "p95_ms": 6.857656145095823,
    "p99_ms": 11.125638055801423,
    "min_ms": 0.8604159951210022,
    "max_ms": 17.07257652282715,
    "jitter": 1.2281292781008397
  },
  "miss_1ms": 0.62,
  "raw": [
    1.1479040384292603,
    0.910431981086731,
    1.089792013168335,
    0.8694720268249512,
    1.1604479551315308,
    0.910207986831665,
    1.1616640090942383,
    0.9083840250968933,
    1.1478400230407715,
    0.9140160083770752,
    1.1049280166625977,
    0.875935971736908,
    1.124832034111023,
    0.8831679821014404,
    1.1235519647598267,
    1.9142719507217407,
    17.07257652282715,
    2.9827840328216553,
    6.822368144989014,
    3.32259202003479,
    1.1523200273513794,
    0.9042239785194397,
    1.1274880170822144,
    0.869055986404419,
    1.1606719493865967,
    0.9148799777030945,
    1.0887999534606934,
    0.8910080194473267,
    1.1171519756317139,
    0.8729599714279175,
    1.1008319854736328,
    0.8643519878387451,
    1.0899840593338013,
    0.8776320219039917,
    4.038815975189209,
    1.791167974472046,
    8.063360214233398,
    3.3336000442504883,
    6.507999897003174,
    3.4145920276641846,
    1.1709120273590088,
    0.8945599794387817,
    1.146623969078064,
    0.9051200151443481,
    1.113919973373413,
    0.8643199801445007,
    1.089311957359314,
    0.9050559997558594,
    1.0955519676208496,
    0.8609600067138672,
    1.086624026298523,
    0.8604159951210022,
    1.090175986289978,
    0.8656319975852966,
    1.102112054824829,
    0.8668799996376038,
    4.426239967346191,
    3.0913920402526855,
    7.528128147125244,
    2.9970879554748535,
    2.7641279697418213,
    0.910431981086731,
    1.1518399715423584,
    0.8801599740982056,
    1.0868480205535889,
    0.8617600202560425,
    1.0861760377883911,
    0.8649920225143433,
    1.114848017692566,
    0.8641279935836792,
    1.093440055847168,
    0.8770880103111267,
    1.0977280139923096,
    0.8742079734802246,
    1.106335997581482,
    0.8786879777908325,
    4.137440204620361,
    3.0428481101989746,
    4.982207775115967,
    2.4720640182495117,
    11.065567970275879,
    0.9120960235595703,
    1.1535680294036865,
    0.9330880045890808,
    1.1387519836425781,
    0.9035199880599976,
    1.160640001296997,
    0.8744320273399353,
    1.0906239748001099,
    0.8650559782981873,
    1.0922880172729492,
    0.8787840008735657,
    1.1205120086669922,
    0.906719982624054,
    1.1459519863128662,
    0.8623039722442627,
    1.135807991027832,
    1.2396479845046997,
    8.174976348876953,
    3.145375967025757
  ]
}