{
  "label": "gintf_stream_gpt2",
  "num_cells": 8,
  "graph_mode": 0,
  "mode": "STREAM",
  "mean_ms": 1.36559424161911,
  "per_cell_ms": 0.17069928020238875,
  "p95_ms": 1.5095647990703582,
  "p99_ms": 2.322786540985107,
  "miss_1ms": 1.0,
  "raw": [
    1.3199679851531982,
    1.3324480056762695,
    1.3220800161361694,
    1.3264000415802002,
    1.3359999656677246,
    1.3221440315246582,
    1.3214080333709717,
    1.3214399814605713,
    1.3270399570465088,
    2.2541120052337646,
    2.388767957687378,
    1.3164160251617432,
    1.3201919794082642,
    1.3247359991073608,
    1.3231359720230103,
    1.333791971206665,
    1.3307520151138306,
    1.33024001121521,
    1.3373440504074097,
    1.3311680555343628,
    1.3325120210647583,
    1.3217920064926147,
    1.3226879835128784,
    1.324512004852295,
    1.319648027420044,
    1.4234240055084229,
    1.3344320058822632,
    1.3201919794082642,
    1.319167971611023,
    1.3216960430145264,
    1.3167359828948975,
    1.4944640398025513,
    1.3426560163497925,
    1.3293119668960571,
    1.3258240222930908,
    1.318336009979248,
    1.3200960159301758,
    1.3184319734573364,
    1.3277759552001953,
    1.3203200101852417,
    1.3183679580688477,
    1.322816014289856,
    1.316640019416809,
    1.3210560083389282,
    1.3179839849472046,
    1.2449920177459717,
    1.5219199657440186,
    1.2108800411224365,
    1.2171839475631714,
    1.2142720222473145
  ]
}