{
  "label": "s2n4g_resnet_nid002688_g1",
  "num_cells": 8,
  "graph_mode": 1,
  "mode": "GRAPH",
  "mean_ms": 0.4350924813747406,
  "per_cell_ms": 0.054386560171842575,
  "p95_ms": 0.4440080001950264,
  "p99_ms": 0.44517344325780867,
  "miss_1ms": 0.0,
  "raw": [
    0.44489601254463196,
    0.4397439956665039,
    0.44304001331329346,
    0.4362879991531372,
    0.4349440038204193,
    0.4359680116176605,
    0.43532800674438477,
    0.4406079947948456,
    0.43408000469207764,
    0.43516799807548523,
    0.4362559914588928,
    0.4341759979724884,
    0.4355199933052063,
    0.4291520118713379,
    0.4359680116176605,
    0.4267520010471344,
    0.43244799971580505,
    0.4368320107460022,
    0.4283519983291626,
    0.4322879910469055,
    0.4345279932022095,
    0.4397119879722595,
    0.43692800402641296,
    0.43516799807548523,
    0.4362879991531372,
    0.4365760087966919,
    0.4274879992008209,
    0.4268159866333008,
    0.43327999114990234,
    0.43612799048423767,
    0.44543999433517456,
    0.43536001443862915,
    0.4349760115146637,
    0.4342080056667328,
    0.4447999894618988,
    0.4410560131072998,
    0.4312959909439087,
    0.4336000084877014,
    0.43222400546073914,
    0.432096004486084,
    0.4334399998188019,
    0.4338560104370117,
    0.43296000361442566,
    0.43702399730682373,
    0.4311999976634979,
    0.4344640076160431,
    0.43536001443862915,
    0.4336960017681122,
    0.4318400025367737,
    0.4350079894065857
  ]
}