{
  "label": "conc_sm20",
  "num_cells": 20,
  "num_tx": 4,
  "num_rx": 4,
  "mcs": 2,
  "concurrent": true,
  "hbm_pct": 43.2,
  "stats": {
    "mean_ms": 16.335979804992675,
    "p50_ms": 14.71729564666748,
    "p95_ms": 20.61092424392699,
    "p99_ms": 44.01508438110354,
    "jitter": 0.3349424773225105
  },
  "miss_1ms": 1.0,
  "raw": [
    16.244800567626953,
    35.150848388671875,
    17.990367889404297,
    16.35817527770996,
    16.28825569152832,
    16.211584091186523,
    16.49078369140625,
    14.717215538024902,
    14.662303924560547,
    18.29929542541504,
    14.9334716796875,
    14.778047561645508,
    14.77228832244873,
    17.360607147216797,
    15.066911697387695,
    14.781791687011719,
    14.620479583740234,
    14.645952224731445,
    14.711039543151855,
    14.666624069213867,
    14.787520408630371,
    14.601856231689453,
    14.571488380432129,
    14.652383804321289,
    37.9672966003418,
    49.49043273925781,
    14.699999809265137,
    14.737919807434082,
    14.666144371032715,
    14.723039627075195,
    14.673279762268066,
    14.73526382446289,
    14.7227201461792,
    14.713055610656738,
    14.625663757324219,
    18.12566375732422,
    17.183456420898438,
    15.422016143798828,
    14.68182373046875,
    14.739263534545898,
    14.66211223602295,
    14.655072212219238,
    14.660096168518066,
    14.680000305175781,
    14.742207527160645,
    14.704319953918457,
    14.621631622314453,
    24.70604705810547,
    43.95977783203125,
    14.696864128112793,
    14.676159858703613,
    14.614784240722656,
    14.640607833862305,
    14.599424362182617,
    14.7325439453125,
    14.793279647827148,
    14.717375755310059,
    14.624640464782715,
    14.586848258972168,
    16.67100715637207,
    15.599743843078613,
    14.637056350708008,
    14.697248458862305,
    17.668703079223633,
    14.906847953796387,
    14.775391578674316,
    14.799615859985352,
    14.602815628051758,
    14.566720008850098,
    14.619168281555176,
    15.145600318908691,
    17.856096267700195,
    14.789376258850098,
    14.699040412902832,
    14.6429443359375,
    14.68518352508545,
    14.765088081359863,
    14.752127647399902,
    14.696928024291992,
    14.617119789123535,
    14.6428804397583,
    14.849760055541992,
    20.3953914642334,
    15.848544120788574,
    14.561535835266113,
    14.602239608764648,
    14.679167747497559,
    14.705183982849121,
    14.700096130371094,
    14.668767929077148,
    14.673888206481934,
    14.755680084228516,
    17.540512084960938,
    14.885824203491211,
    17.298303604125977,
    14.653056144714355,
    14.768832206726074,
    14.67903995513916,
    14.56332778930664,
    14.587200164794922
  ]
}