{
  "label": "mig72_4n_base_nid008636_g3",
  "num_cells": 8,
  "graph_mode": 1,
  "mode": "GRAPH",
  "mean_ms": 0.468827520608902,
  "per_cell_ms": 0.05860344007611275,
  "p95_ms": 0.4836399987339973,
  "p99_ms": 0.4880575981736183,
  "miss_1ms": 0.0,
  "raw": [
    0.46886399388313293,
    0.4697279930114746,
    0.4684480130672455,
    0.466048002243042,
    0.470304012298584,
    0.4705919921398163,
    0.4671039879322052,
    0.46716800332069397,
    0.4671359956264496,
    0.46825599670410156,
    0.46617600321769714,
    0.46460801362991333,
    0.465503990650177,
    0.46534401178359985,
    0.46643200516700745,
    0.4670400023460388,
    0.46854400634765625,
    0.46531200408935547,
    0.46508800983428955,
    0.46646401286125183,
    0.4645119905471802,
    0.4673919975757599,
    0.4679040014743805,
    0.4675520062446594,
    0.46668800711631775,
    0.46777600049972534,
    0.46639999747276306,
    0.4651840031147003,
    0.469215989112854,
    0.47062399983406067,
    0.46799999475479126,
    0.464352011680603,
    0.47200000286102295,
    0.4657599925994873,
    0.46835198998451233,
    0.4663040041923523,
    0.46489599347114563,
    0.4647679924964905,
    0.4663679897785187,
    0.466592013835907,
    0.4647360146045685,
    0.4689280092716217,
    0.4678719937801361,
    0.4694400131702423,
    0.4689599871635437,
    0.4734399914741516,
    0.4842880070209503,
    0.48284798860549927,
    0.4867520034313202,
    0.48931199312210083
  ]
}