{
  "label": "mig72_1n_qwen_nid008649_g3",
  "num_cells": 8,
  "graph_mode": 1,
  "mode": "GRAPH",
  "mean_ms": 0.5774899172782898,
  "per_cell_ms": 0.07218623965978622,
  "p95_ms": 0.7068015784025192,
  "p99_ms": 0.7253507018089294,
  "miss_1ms": 0.0,
  "raw": [
    0.5734400153160095,
    0.7143999934196472,
    0.597055971622467,
    0.5714240074157715,
    0.5583680272102356,
    0.5497919917106628,
    0.5481280088424683,
    0.5655999779701233,
    0.563264012336731,
    0.5889279842376709,
    0.5652160048484802,
    0.5815039873123169,
    0.5606399774551392,
    0.5564479827880859,
    0.5304639935493469,
    0.5418559908866882,
    0.5380160212516785,
    0.580672025680542,
    0.6275839805603027,
    0.5609599947929382,
    0.5407040119171143,
    0.5592319965362549,
    0.552191972732544,
    0.5268800258636475,
    0.5442559719085693,
    0.5511360168457031,
    0.5553280115127563,
    0.5346239805221558,
    0.5588160157203674,
    0.5579519867897034,
    0.5431360006332397,
    0.5691840052604675,
    0.6181439757347107,
    0.5721920132637024,
    0.5372480154037476,
    0.5356159806251526,
    0.5524160265922546,
    0.5411520004272461,
    0.551967978477478,
    0.7358719706535339,
    0.6608319878578186,
    0.6148800253868103,
    0.7125759720802307,
    0.5925760269165039,
    0.6389120221138,
    0.6997439861297607,
    0.5750399827957153,
    0.5715199708938599,
    0.5544959902763367,
    0.5421119928359985
  ]
}