{
  "label": "conc_sm100",
  "num_cells": 20,
  "num_tx": 4,
  "num_rx": 4,
  "mcs": 2,
  "concurrent": true,
  "hbm_pct": 44.2,
  "stats": {
    "mean_ms": 16.813885746002196,
    "p50_ms": 14.595792293548584,
    "p95_ms": 22.350736522674556,
    "p99_ms": 70.45338432312012,
    "jitter": 0.5114716591720699
  },
  "miss_1ms": 1.0,
  "raw": [
    15.495552062988281,
    16.978784561157227,
    17.142879486083984,
    15.58176040649414,
    15.420384407043457,
    15.523679733276367,
    15.522272109985352,
    15.461376190185547,
    15.506848335266113,
    15.535712242126465,
    15.407360076904297,
    14.899423599243164,
    14.597311973571777,
    71.75628662109375,
    21.375904083251953,
    14.59603214263916,
    17.469375610351562,
    14.667360305786133,
    14.527680397033691,
    14.498047828674316,
    14.61023998260498,
    14.65225601196289,
    14.572223663330078,
    14.568767547607422,
    15.763520240783691,
    16.393823623657227,
    14.550111770629883,
    14.496319770812988,
    14.492480278015137,
    14.504447937011719,
    14.569055557250977,
    14.479424476623535,
    14.533663749694824,
    14.52460765838623,
    14.546879768371582,
    14.72003173828125,
    30.017568588256836,
    22.276832580566406,
    14.485440254211426,
    15.242719650268555,
    14.86787223815918,
    14.47209644317627,
    17.085952758789062,
    14.464768409729004,
    14.529664039611816,
    14.572704315185547,
    14.500991821289062,
    15.430272102355957,
    16.681760787963867,
    14.613920211791992,
    14.473695755004883,
    14.574655532836914,
    14.433183670043945,
    14.64684772491455,
    14.62508773803711,
    14.735103607177734,
    14.560192108154297,
    14.461759567260742,
    14.423232078552246,
    16.47270393371582,
    15.508671760559082,
    14.479680061340332,
    14.544992446899414,
    14.466303825378418,
    14.45257568359375,
    14.41049575805664,
    14.616031646728516,
    14.579456329345703,
    14.537599563598633,
    14.614432334899902,
    23.754911422729492,
    45.657310485839844,
    14.459456443786621,
    14.478912353515625,
    14.458720207214355,
    14.508031845092773,
    14.423808097839355,
    14.595552444458008,
    14.505184173583984,
    14.561599731445312,
    14.687999725341797,
    14.691679954528809,
    20.078784942626953,
    17.757408142089844,
    14.57913589477539,
    14.705344200134277,
    14.576383590698242,
    14.59763240814209,
    14.542816162109375,
    14.572863578796387,
    14.448896408081055,
    14.607392311096191,
    14.4169282913208,
    19.11199951171875,
    70.44022369384766,
    15.425600051879883,
    14.540831565856934,
    14.43068790435791,
    14.553215980529785,
    14.418111801147461
  ]
}