{
  "label": "72b_qwen72b_b1_s2048",
  "stats": {
    "name": "72b_qwen72b_b1_s2048",
    "count": 100,
    "mean_ms": 1.9199235248565674,
    "std_ms": 2.2717826345138614,
    "p50_ms": 1.0723519921302795,
    "p95_ms": 7.969035315513611,
    "p99_ms": 9.851702814102184,
    "min_ms": 0.8347839713096619,
    "max_ms": 12.112735748291016,
    "jitter": 1.1832672526285029
  },
  "miss_1ms": 0.62,
  "raw": [
    1.1146559715270996,
    0.9023039937019348,
    1.1070400476455688,
    0.8377599716186523,
    1.148576021194458,
    0.8979520201683044,
    1.0755200386047363,
    0.8383039832115173,
    7.916255950927734,
    1.6565439701080322,
    12.112735748291016,
    2.8185598850250244,
    1.1042239665985107,
    0.8907840251922607,
    1.0796799659729004,
    0.8515200018882751,
    1.085536003112793,
    0.8708159923553467,
    1.0895040035247803,
    0.9126399755477905,
    1.1223039627075195,
    0.8738240003585815,
    1.0905280113220215,
    0.8374080061912537,
    1.0777599811553955,
    0.9015359878540039,
    1.09443199634552,
    0.861024022102356,
    7.631648063659668,
    1.8443520069122314,
    8.182368278503418,
    2.8121280670166016,
    1.766495943069458,
    0.8626559972763062,
    1.0653760433197021,
    0.8467519879341125,
    1.0677440166473389,
    0.8409280180931091,
    1.07750403881073,
    0.8438400030136108,
    1.0678080320358276,
    0.8444160223007202,
    1.0714880228042603,
    0.8784639835357666,
    1.0676480531692505,
    0.8458240032196045,
    1.0687999725341797,
    0.8347839713096619,
    1.0714880228042603,
    3.3059520721435547,
    4.55452823638916,
    3.2810559272766113,
    7.4945597648620605,
    2.5425920486450195,
    1.119104027748108,
    0.8389120101928711,
    1.0818560123443604,
    0.8476799726486206,
    1.0751359462738037,
    0.8466240167617798,
    1.1119359731674194,
    0.8555840253829956,
    1.073248028755188,
    0.8432959914207458,
    1.0671679973602295,
    0.8480960130691528,
    1.0710400342941284,
    0.841376006603241,
    1.0621119737625122,
    0.8918079733848572,
    8.139328002929688,
    2.6915199756622314,
    9.828864097595215,
    2.661087989807129,
    1.1192959547042847,
    0.8423680067062378,
    1.1308159828186035,
    0.8799999952316284,
    1.1199359893798828,
    0.8426880240440369,
    1.0987839698791504,
    0.9077439904212952,
    1.093951940536499,
    0.8355200290679932,
    1.0732159614562988,
    0.8724799752235413,
    1.104159951210022,
    0.8581759929656982,
    1.0627520084381104,
    1.2896640300750732,
    7.960544109344482,
    2.6863040924072266,
    8.13036823272705,
    5.466432094573975,
    1.110975980758667,
    0.8508480191230774,
    1.06387197971344,
    0.8525760173797607,
    1.1155840158462524,
    0.8865919709205627
  ]
}