{
  "label": "bora_D_nid008353_g1",
  "config": "D",
  "mean_ms": 0.47035200119018555,
  "p99_ms": 0.4842956793308258,
  "miss_1ms": 0.0,
  "raw": [
    0.4800640046596527,
    0.47040000557899475,
    0.46886399388313293,
    0.4687359929084778,
    0.4684160053730011,
    0.47062399983406067,
    0.46937599778175354,
    0.4675520062446594,
    0.46716800332069397,
    0.4684160053730011,
    0.4694719910621643,
    0.4688960015773773,
    0.4675840139389038,
    0.4818879961967468,
    0.46937599778175354,
    0.4697279930114746,
    0.4668160080909729,
    0.4691520035266876,
    0.46886399388313293,
    0.4698239862918854,
    0.4663360118865967,
    0.46880000829696655,
    0.4687039852142334,
    0.470335990190506,
    0.469760000705719,
    0.4657280147075653,
    0.4687359929084778,
    0.46876800060272217,
    0.4673280119895935,
    0.4822719991207123,
    0.4699839949607849,
    0.469215989112854,
    0.468639999628067,
    0.4716480076313019,
    0.46825599670410156,
    0.46697598695755005,
    0.469184011220932,
    0.4691520035266876,
    0.4678080081939697,
    0.4675840139389038,
    0.4810880124568939,
    0.4688960015773773,
    0.4694080054759979,
    0.4670400023460388,
    0.46803200244903564,
    0.46963199973106384,
    0.47910401225090027,
    0.4678080081939697,
    0.47391998767852783,
    0.4862399995326996
  ]
}