{
  "label": "m1n_full_nid001277_g0",
  "num_cells": 8,
  "graph_mode": 1,
  "mode": "GRAPH",
  "mean_ms": 0.9368025612831116,
  "per_cell_ms": 0.11710032016038895,
  "p95_ms": 1.0428672134876251,
  "p99_ms": 1.0876326704025268,
  "miss_1ms": 0.26,
  "raw": [
    0.924992024898529,
    0.9866560101509094,
    0.8893759846687317,
    1.0152959823608398,
    0.9571200013160706,
    0.8703680038452148,
    0.9077119827270508,
    1.0197440385818481,
    1.0178560018539429,
    0.8724480271339417,
    0.8621439933776855,
    1.0136959552764893,
    0.956384003162384,
    0.8883839845657349,
    0.8667200207710266,
    1.018847942352295,
    0.8690239787101746,
    1.0623040199279785,
    0.9721919894218445,
    1.0244159698486328,
    0.9572479724884033,
    0.8999999761581421,
    0.8376320004463196,
    0.8686400055885315,
    1.0270719528198242,
    0.8728640079498291,
    0.9664000272750854,
    0.8747519850730896,
    0.8799359798431396,
    0.8616639971733093,
    0.8766720294952393,
    1.0236480236053467,
    0.8979520201683044,
    1.1119680404663086,
    0.8781120181083679,
    1.048799991607666,
    0.8726080060005188,
    0.9383360147476196,
    0.9944639801979065,
    0.9621120095252991,
    1.0356160402297974,
    0.8607680201530457,
    0.9464960098266602,
    0.8671039938926697,
    0.8654720187187195,
    0.8669760227203369,
    0.8829759955406189,
    1.0249279737472534,
    0.9576640129089355,
    0.8855680227279663
  ]
}