{
  "label": "mig32_4n_base_nid001537_g1",
  "num_cells": 8,
  "graph_mode": 1,
  "mode": "GRAPH",
  "mean_ms": 0.4674732780456543,
  "per_cell_ms": 0.05843415975570679,
  "p95_ms": 0.47122239619493483,
  "p99_ms": 0.4722825536131859,
  "miss_1ms": 0.0,
  "raw": [
    0.46723198890686035,
    0.4689280092716217,
    0.4695039987564087,
    0.466623991727829,
    0.4667840003967285,
    0.47174400091171265,
    0.4687039852142334,
    0.4667840003967285,
    0.4674240052700043,
    0.4671359956264496,
    0.4651840031147003,
    0.4652160108089447,
    0.469760000705719,
    0.46777600049972534,
    0.46723198890686035,
    0.46428799629211426,
    0.46480000019073486,
    0.4663360118865967,
    0.4684799909591675,
    0.4646719992160797,
    0.4649600088596344,
    0.468095988035202,
    0.4687359929084778,
    0.46511998772621155,
    0.46563199162483215,
    0.46911999583244324,
    0.4676479995250702,
    0.46649599075317383,
    0.46560001373291016,
    0.46963199973106384,
    0.4670720100402832,
    0.46620801091194153,
    0.46643200516700745,
    0.4682239890098572,
    0.4678399860858917,
    0.46643200516700745,
    0.4668799936771393,
    0.4658240079879761,
    0.46537598967552185,
    0.4675840139389038,
    0.4671039879322052,
    0.4682239890098572,
    0.4678719937801361,
    0.46748799085617065,
    0.47171199321746826,
    0.46959999203681946,
    0.4684480130672455,
    0.4662719964981079,
    0.47279998660087585,
    0.47062399983406067
  ]
}