{
  "label": "m2n_baseline_nid003040_g1",
  "num_cells": 8,
  "graph_mode": 1,
  "mode": "GRAPH",
  "mean_ms": 0.4342227202653885,
  "per_cell_ms": 0.05427784003317356,
  "p95_ms": 0.43813440650701524,
  "p99_ms": 0.4437139156460762,
  "miss_1ms": 0.0,
  "raw": [
    0.43372800946235657,
    0.43561598658561707,
    0.4403519928455353,
    0.43542400002479553,
    0.4352959990501404,
    0.43222400546073914,
    0.4378879964351654,
    0.43456000089645386,
    0.43487998843193054,
    0.43299201130867004,
    0.43833601474761963,
    0.4350079894065857,
    0.4339520037174225,
    0.4349760115146637,
    0.43510401248931885,
    0.43299201130867004,
    0.43398401141166687,
    0.4350079894065857,
    0.4343680143356323,
    0.43408000469207764,
    0.43462398648262024,
    0.43590399622917175,
    0.4354560077190399,
    0.4320319890975952,
    0.4323520064353943,
    0.43347200751304626,
    0.43375998735427856,
    0.4325760006904602,
    0.4322879910469055,
    0.43241599202156067,
    0.43353599309921265,
    0.4325760006904602,
    0.4325439929962158,
    0.4330559968948364,
    0.43542400002479553,
    0.43171200156211853,
    0.43196800351142883,
    0.43324801325798035,
    0.4334399998188019,
    0.43196800351142883,
    0.4326399862766266,
    0.4349440038204193,
    0.43372800946235657,
    0.4315840005874634,
    0.43196800351142883,
    0.4344319999217987,
    0.43507200479507446,
    0.4334079921245575,
    0.4312959909439087,
    0.446943998336792
  ]
}