{
  "label": "m4n_baseline_nid001764_g3",
  "num_cells": 8,
  "graph_mode": 1,
  "mode": "GRAPH",
  "mean_ms": 0.4349017608165741,
  "per_cell_ms": 0.054362720102071764,
  "p95_ms": 0.4377568021416664,
  "p99_ms": 0.44056128919124604,
  "miss_1ms": 0.0,
  "raw": [
    0.43513599038124084,
    0.4291839897632599,
    0.4365119934082031,
    0.4355520009994507,
    0.43459200859069824,
    0.43724799156188965,
    0.43536001443862915,
    0.43382400274276733,
    0.4345279932022095,
    0.4355199933052063,
    0.43590399622917175,
    0.43801599740982056,
    0.43699198961257935,
    0.4355520009994507,
    0.4366079866886139,
    0.4396800100803375,
    0.4347839951515198,
    0.43718400597572327,
    0.43744000792503357,
    0.43484801054000854,
    0.43398401141166687,
    0.4354560077190399,
    0.43584001064300537,
    0.43398401141166687,
    0.4347200095653534,
    0.43507200479507446,
    0.4354879856109619,
    0.4333440065383911,
    0.4325439929962158,
    0.435263991355896,
    0.4357759952545166,
    0.4349440038204193,
    0.43433600664138794,
    0.4362879991531372,
    0.43510401248931885,
    0.43561598658561707,
    0.4302400052547455,
    0.435808002948761,
    0.4339199960231781,
    0.4414080083370209,
    0.4322560131549835,
    0.43327999114990234,
    0.4334399998188019,
    0.4322879910469055,
    0.4323520064353943,
    0.4339199960231781,
    0.43433600664138794,
    0.4328640103340149,
    0.4328959882259369,
    0.4338560104370117
  ]
}