{
  "label": "mig72_4n_base_nid008632_g1",
  "num_cells": 8,
  "graph_mode": 1,
  "mode": "GRAPH",
  "mean_ms": 0.4673017597198486,
  "per_cell_ms": 0.058412719964981076,
  "p95_ms": 0.47056320011615754,
  "p99_ms": 0.4731401598453522,
  "miss_1ms": 0.0,
  "raw": [
    0.4662399888038635,
    0.46832001209259033,
    0.4694080054759979,
    0.46883198618888855,
    0.46723198890686035,
    0.4692479968070984,
    0.46825599670410156,
    0.4646719992160797,
    0.46876800060272217,
    0.46694400906562805,
    0.46854400634765625,
    0.4683839976787567,
    0.4668479859828949,
    0.4660800099372864,
    0.46515199542045593,
    0.4654400050640106,
    0.4660800099372864,
    0.4670720100402832,
    0.4667840003967285,
    0.46454399824142456,
    0.465503990650177,
    0.4668160080909729,
    0.46876800060272217,
    0.4712960124015808,
    0.46403199434280396,
    0.46531200408935547,
    0.466048002243042,
    0.46531200408935547,
    0.46534401178359985,
    0.47491198778152466,
    0.4698239862918854,
    0.4652160108089447,
    0.46268799901008606,
    0.4641920030117035,
    0.4689919948577881,
    0.4677119851112366,
    0.46799999475479126,
    0.4656960070133209,
    0.469215989112854,
    0.46639999747276306,
    0.46480000019073486,
    0.47116801142692566,
    0.4684160053730011,
    0.4696959853172302,
    0.4673599898815155,
    0.4684160053730011,
    0.46880000829696655,
    0.4681920111179352,
    0.4673599898815155,
    0.46675199270248413
  ]
}