{
  "label": "mig72_4n_qwen_nid008633_g2",
  "num_cells": 8,
  "graph_mode": 1,
  "mode": "GRAPH",
  "mean_ms": 0.8995571172237397,
  "per_cell_ms": 0.11244463965296746,
  "p95_ms": 1.213756841421127,
  "p99_ms": 7.430295903682685,
  "miss_1ms": 0.1,
  "raw": [
    0.5726720094680786,
    0.5623360276222229,
    0.9663360118865967,
    0.9937599897384644,
    0.7898560166358948,
    1.1493760347366333,
    0.7743679881095886,
    0.7343999743461609,
    0.9175999760627747,
    1.3376319408416748,
    0.6834239959716797,
    0.6605119705200195,
    0.7002879977226257,
    0.5725759863853455,
    0.5406399965286255,
    0.5207359790802002,
    0.5406720042228699,
    0.5072000026702881,
    0.48976001143455505,
    0.5687999725341797,
    0.5209919810295105,
    0.49296000599861145,
    0.4866560101509094,
    13.284031867980957,
    0.4898880124092102,
    0.48636800050735474,
    0.49212801456451416,
    1.2664320468902588,
    0.4840959906578064,
    0.5440639853477478,
    0.6660159826278687,
    0.7475519776344299,
    0.5630080103874207,
    0.5273280143737793,
    0.6235520243644714,
    1.073632001876831,
    0.6805440187454224,
    0.5592640042304993,
    0.5883520245552063,
    0.5425599813461304,
    0.535647988319397,
    0.5146239995956421,
    0.5268800258636475,
    0.5146239995956421,
    0.5184959769248962,
    0.5243520140647888,
    0.5356799960136414,
    0.5260159969329834,
    0.5560960173606873,
    0.5230720043182373
  ]
}