{
  "label": "snrx_xlarge",
  "num_cells": 8,
  "num_tx": 4,
  "num_rx": 4,
  "mcs": 2,
  "hbm_pct": 23.0,
  "stats": {
    "name": "snrx_xlarge",
    "count": 100,
    "mean_ms": 14.47048830151558,
    "std_ms": 0.2639699716916959,
    "p50_ms": 14.460960030555725,
    "p95_ms": 14.493958324193954,
    "p99_ms": 16.28445872426033,
    "min_ms": 14.348895907402039,
    "max_ms": 16.28870415687561,
    "jitter": 0.01824195329082632
  },
  "miss_1ms": 1.0,
  "raw": [
    14.483968019485474,
    14.492767930030823,
    14.478400111198425,
    14.44486403465271,
    14.393151879310608,
    14.386943817138672,
    14.392351984977722,
    14.38044810295105,
    14.395839810371399,
    14.365344047546387,
    14.364895820617676,
    14.367231845855713,
    14.355839848518372,
    14.379072070121765,
    14.359679937362671,
    14.366623997688293,
    14.427519917488098,
    14.476703763008118,
    14.448095917701721,
    14.463295936584473,
    14.474655985832214,
    14.48032033443451,
    14.47273600101471,
    14.461888074874878,
    14.466527938842773,
    14.459391832351685,
    14.485184073448181,
    14.45417594909668,
    14.469087958335876,
    14.480767965316772,
    14.458720088005066,
    14.462815999984741,
    14.47545599937439,
    14.46070408821106,
    14.469728112220764,
    16.2844158411026,
    14.461472034454346,
    14.468735933303833,
    14.386655926704407,
    14.364448070526123,
    14.369472026824951,
    14.452191948890686,
    14.466975927352905,
    14.467648029327393,
    14.471519947052002,
    14.476383924484253,
    14.449952125549316,
    14.413887858390808,
    14.376159906387329,
    14.379839897155762,
    14.375231862068176,
    14.40115201473236,
    14.361376166343689,
    14.40006399154663,
    14.472255945205688,
    14.473856091499329,
    14.462656140327454,
    14.453632116317749,
    14.474111914634705,
    14.495839953422546,
    14.482911944389343,
    14.48579204082489,
    14.493951916694641,
    14.483200073242188,
    14.46121597290039,
    14.369279980659485,
    14.371616125106812,
    14.36076807975769,
    14.356320023536682,
    14.363680005073547,
    14.360128045082092,
    14.364128112792969,
    14.359519958496094,
    14.371039867401123,
    14.353983998298645,
    14.362720131874084,
    14.370943784713745,
    14.439871907234192,
    14.458880066871643,
    14.463775992393494,
    16.28870415687561,
    14.494080066680908,
    14.490335822105408,
    14.486559987068176,
    14.484960079193115,
    14.494271993637085,
    14.477471947669983,
    14.464159965515137,
    14.473920106887817,
    14.465855956077576,
    14.460000038146973,
    14.38102388381958,
    14.348895907402039,
    14.369823813438416,
    14.48476791381836,
    14.465567946434021,
    14.463679909706116,
    14.463200092315674,
    14.47107195854187,
    14.4716157913208
  ]
}