{
  "label": "v2_hbm_2GB",
  "stats": {
    "name": "v2_hbm_2GB",
    "count": 100,
    "mean_ms": 31.399098339080812,
    "std_ms": 3.921608006594589,
    "p50_ms": 31.338799476623535,
    "p95_ms": 37.70218276977539,
    "p99_ms": 45.94844684600834,
    "min_ms": 26.144128799438477,
    "max_ms": 53.06371307373047,
    "jitter": 0.12489556114780433
  },
  "miss_1ms": 1.0,
  "raw": [
    45.8765754699707,
    31.964096069335938,
    29.14031982421875,
    26.146944046020508,
    31.110591888427734,
    26.15817642211914,
    29.185760498046875,
    31.919584274291992,
    27.323328018188477,
    31.951391220092773,
    33.86326217651367,
    31.93721580505371,
    29.162752151489258,
    31.961408615112305,
    29.129215240478516,
    31.92518424987793,
    32.04665756225586,
    29.03865623474121,
    31.70569610595703,
    31.9322566986084,
    29.15171241760254,
    31.973440170288086,
    34.96006393432617,
    31.951391220092773,
    32.0563850402832,
    29.038816452026367,
    29.1549129486084,
    29.04732894897461,
    34.57699203491211,
    29.04300880432129,
    29.218719482421875,
    31.919008255004883,
    29.179168701171875,
    29.057024002075195,
    34.59823989868164,
    31.937952041625977,
    29.175872802734375,
    29.039615631103516,
    34.29244613647461,
    29.021791458129883,
    32.02479934692383,
    31.955520629882812,
    29.141759872436523,
    29.068096160888672,
    29.35193634033203,
    29.073823928833008,
    32.05974578857422,
    31.93926429748535,
    29.164159774780273,
    29.031455993652344,
    34.13836669921875,
    29.041887283325195,
    32.048545837402344,
    31.92505645751953,
    29.154752731323242,
    29.03321647644043,
    37.38489532470703,
    29.04368019104004,
    32.032798767089844,
    31.94540786743164,
    29.172544479370117,
    29.044288635253906,
    53.06371307373047,
    26.144128799438477,
    32.089759826660156,
    31.91119956970215,
    32.076961517333984,
    31.92144012451172,
    32.03059387207031,
    31.929279327392578,
    26.24060821533203,
    29.041824340820312,
    39.8460807800293,
    26.15020751953125,
    29.14566421508789,
    37.70012664794922,
    29.157567977905273,
    34.823265075683594,
    31.130783081054688,
    29.01433563232422,
    29.151968002319336,
    37.741249084472656,
    29.174400329589844,
    29.031648635864258,
    29.16156768798828,
    26.165664672851562,
    42.717918395996094,
    29.041568756103516,
    32.05891036987305,
    34.80723190307617,
    32.06083297729492,
    29.0515193939209,
    37.190975189208984,
    29.02355194091797,
    29.173824310302734,
    29.01215934753418,
    34.95417785644531,
    31.94316864013672,
    31.546815872192383,
    34.83417510986328
  ]
}