{
  "label": "mig32_4n_base_nid001541_g0",
  "num_cells": 8,
  "graph_mode": 1,
  "mode": "GRAPH",
  "mean_ms": 0.46823680102825166,
  "per_cell_ms": 0.05852960012853146,
  "p95_ms": 0.4727551996707916,
  "p99_ms": 0.47746943950653076,
  "miss_1ms": 0.0,
  "raw": [
    0.46803200244903564,
    0.4700799882411957,
    0.472927987575531,
    0.4665600061416626,
    0.46748799085617065,
    0.4700480103492737,
    0.46828800439834595,
    0.46614399552345276,
    0.4681279957294464,
    0.46880000829696655,
    0.4689280092716217,
    0.47891199588775635,
    0.4671359956264496,
    0.46806401014328003,
    0.4661119878292084,
    0.46556800603866577,
    0.4652160108089447,
    0.46665599942207336,
    0.4657599925994873,
    0.4647040069103241,
    0.46537598967552185,
    0.46806401014328003,
    0.46828800439834595,
    0.4663679897785187,
    0.46531200408935547,
    0.46694400906562805,
    0.4673919975757599,
    0.46835198998451233,
    0.46639999747276306,
    0.4663679897785187,
    0.4678399860858917,
    0.46540799736976624,
    0.47011199593544006,
    0.4683839976787567,
    0.46556800603866577,
    0.46508800983428955,
    0.4657280147075653,
    0.469184011220932,
    0.46720001101493835,
    0.4679360091686249,
    0.46588799357414246,
    0.47254401445388794,
    0.47116801142692566,
    0.47596800327301025,
    0.4700799882411957,
    0.47203201055526733,
    0.47171199321746826,
    0.4683839976787567,
    0.4673280119895935,
    0.4718720018863678
  ]
}