{
  "label": "72b_baseline",
  "stats": {
    "name": "72b_baseline",
    "count": 100,
    "mean_ms": 2.0000915145874023,
    "std_ms": 2.1046803193408965,
    "p50_ms": 1.077135980129242,
    "p95_ms": 7.650822448730469,
    "p99_ms": 8.93597895622254,
    "min_ms": 0.837440013885498,
    "max_ms": 9.877951622009277,
    "jitter": 1.0522920096359039
  },
  "miss_1ms": 0.62,
  "raw": [
    1.0897279977798462,
    0.8902400135993958,
    1.1155200004577637,
    0.8790079951286316,
    1.1090240478515625,
    0.8745920062065125,
    1.1026240587234497,
    0.8430399894714355,
    1.0661120414733887,
    0.8554559946060181,
    1.0758399963378906,
    0.886847972869873,
    4.123871803283691,
    4.467775821685791,
    7.6487040519714355,
    1.9777599573135376,
    8.07414436340332,
    0.8822399973869324,
    1.128640055656433,
    0.8401280045509338,
    1.0851839780807495,
    0.8669440150260925,
    1.1376960277557373,
    0.8584960103034973,
    1.0621440410614014,
    0.8879039883613586,
    1.0863679647445679,
    0.8479040265083313,
    1.0604159832000732,
    0.837440013885498,
    1.0592639446258545,
    0.8475520014762878,
    1.0584640502929688,
    1.5510720014572144,
    7.7487359046936035,
    3.0116159915924072,
    4.743423938751221,
    3.159168004989624,
    1.121664047241211,
    0.8600000143051147,
    1.096511960029602,
    0.8835520148277283,
    1.0860799551010132,
    0.8799039721488953,
    1.1270079612731934,
    0.8808000087738037,
    1.1265599727630615,
    0.8633599877357483,
    1.1013120412826538,
    0.8716800212860107,
    1.1108160018920898,
    0.8546879887580872,
    1.0694719552993774,
    0.8519359827041626,
    6.201600074768066,
    3.2564480304718018,
    7.614175796508789,
    2.921504020690918,
    4.154848098754883,
    0.8783360123634338,
    1.0862079858779907,
    0.8685759902000427,
    1.0784319639205933,
    0.8426240086555481,
    2.117759943008423,
    0.8770239949226379,
    1.1264959573745728,
    0.8698239922523499,
    1.1138880252838135,
    0.8740159869194031,
    1.0981119871139526,
    0.8560960292816162,
    1.1208000183105469,
    0.8407359719276428,
    3.979167938232422,
    6.407839775085449,
    5.436831951141357,
    3.075040102005005,
    9.877951622009277,
    0.8933759927749634,
    1.0753920078277588,
    0.8909119963645935,
    1.1346559524536133,
    0.8715199828147888,
    1.0616960525512695,
    0.8389120101928711,
    1.0583679676055908,
    0.8394240140914917,
    1.0735679864883423,
    0.8407999873161316,
    1.2159680128097534,
    0.8894400000572205,
    1.1287360191345215,
    0.8860480189323425,
    1.0620479583740234,
    1.779647946357727,
    7.6910719871521,
    8.926464080810547,
    4.304992198944092,
    3.345344066619873
  ]
}