{
  "label": "real_neuralrx_mid",
  "num_cells": 8,
  "num_tx": 4,
  "num_rx": 4,
  "mcs": 2,
  "hbm_pct": 23.0,
  "stats": {
    "name": "real_neuralrx_mid",
    "count": 100,
    "mean_ms": 6.850494717359543,
    "std_ms": 0.3887055791741926,
    "p50_ms": 6.840912044048309,
    "p95_ms": 6.881774380803108,
    "p99_ms": 9.390791415572167,
    "min_ms": 6.448767960071564,
    "max_ms": 9.575264036655426,
    "jitter": 0.056741242087113876
  },
  "miss_1ms": 1.0,
  "raw": [
    6.835231959819794,
    6.861984014511108,
    6.842815935611725,
    6.842847943305969,
    6.845311999320984,
    6.845439970493317,
    6.852191984653473,
    6.881663978099823,
    6.704223990440369,
    6.858688056468964,
    6.860704004764557,
    6.601951956748962,
    6.566208004951477,
    6.762943923473358,
    6.694559991359711,
    9.575264036655426,
    6.685151934623718,
    6.790175914764404,
    6.541823923587799,
    6.69350403547287,
    6.583007872104645,
    6.7568319439888,
    6.8506240248680115,
    6.806079924106598,
    6.83459198474884,
    6.846752047538757,
    6.838047981262207,
    6.842464029788971,
    6.8639039397239685,
    6.883872032165527,
    6.842176020145416,
    6.582239985466003,
    6.872544050216675,
    6.85535991191864,
    6.61929589509964,
    6.90175998210907,
    6.542208015918732,
    6.859488070011139,
    6.8644479513168335,
    6.8515520095825195,
    6.842720091342926,
    6.603040039539337,
    6.856064081192017,
    6.862943947315216,
    6.851840019226074,
    6.836927950382233,
    6.834976017475128,
    6.847679972648621,
    6.84716796875,
    6.824415981769562,
    6.871583938598633,
    6.82886403799057,
    6.889856040477753,
    6.828576028347015,
    6.839840054512024,
    6.827296137809753,
    6.828768014907837,
    6.835488021373749,
    6.823039948940277,
    6.815744042396545,
    6.833760023117065,
    6.875199973583221,
    6.866335988044739,
    6.845856070518494,
    6.881151974201202,
    6.843711972236633,
    6.858240008354187,
    6.847808003425598,
    6.793120086193085,
    6.503519952297211,
    6.862687945365906,
    6.859167993068695,
    6.85369598865509,
    6.829728126525879,
    6.847648024559021,
    6.852703928947449,
    6.709984064102173,
    6.775264024734497,
    9.388928055763245,
    6.571647942066193,
    6.755616009235382,
    6.84662401676178,
    6.8375038504600525,
    6.837728023529053,
    6.853151977062225,
    6.8330559730529785,
    6.863903880119324,
    6.841984033584595,
    6.835424065589905,
    6.844832062721252,
    6.864640057086945,
    6.669344067573547,
    6.778975963592529,
    6.448767960071564,
    6.638528048992157,
    6.732032001018524,
    6.723456025123596,
    6.818080008029938,
    6.852256000041962,
    6.836640000343323
  ]
}