{
  "label": "nv_matmul",
  "num_cells": 8,
  "graph_mode": 1,
  "mode": "GRAPH",
  "mean_ms": 0.5426214396953583,
  "per_cell_ms": 0.06782767996191978,
  "p95_ms": 0.5554879993200302,
  "p99_ms": 0.557994874715805,
  "miss_1ms": 0.0,
  "raw": [
    0.5389119982719421,
    0.5389440059661865,
    0.5390719771385193,
    0.5340800285339355,
    0.5439040064811707,
    0.5446400046348572,
    0.5563520193099976,
    0.5361599922180176,
    0.5361279845237732,
    0.5465279817581177,
    0.541375994682312,
    0.5376960039138794,
    0.5535359978675842,
    0.5450239777565002,
    0.5544319748878479,
    0.5585280060768127,
    0.5466560125350952,
    0.5425919890403748,
    0.5390719771385193,
    0.5336639881134033,
    0.5351999998092651,
    0.5461440086364746,
    0.5352320075035095,
    0.5357120037078857,
    0.533951997756958,
    0.5382400155067444,
    0.5454080104827881,
    0.5510079860687256,
    0.5378879904747009,
    0.5375679731369019,
    0.5432000160217285,
    0.5400639772415161,
    0.543615996837616,
    0.5417919754981995,
    0.5426880121231079,
    0.5429760217666626,
    0.5364800095558167,
    0.5414400100708008,
    0.5462080240249634,
    0.543008029460907,
    0.5424320101737976,
    0.5416640043258667,
    0.5477759838104248,
    0.53302401304245,
    0.5464320182800293,
    0.5458559989929199,
    0.5455679893493652,
    0.5392959713935852,
    0.5464640259742737,
    0.5574399828910828
  ]
}