{
  "label": "s2n_gpt2_n0",
  "num_cells": 8,
  "graph_mode": 1,
  "mode": "GRAPH",
  "mean_ms": 0.43340992033481596,
  "per_cell_ms": 0.054176240041851995,
  "p95_ms": 0.4360960125923157,
  "p99_ms": 0.439275526702404,
  "miss_1ms": 0.0,
  "raw": [
    0.43248000741004944,
    0.4325439929962158,
    0.4329279959201813,
    0.43459200859069824,
    0.4331200122833252,
    0.43296000361442566,
    0.4330559968948364,
    0.4331519901752472,
    0.43248000741004944,
    0.43302398920059204,
    0.43353599309921265,
    0.43136000633239746,
    0.4323520064353943,
    0.43273600935935974,
    0.4370560050010681,
    0.43347200751304626,
    0.43510401248931885,
    0.43510401248931885,
    0.4326080083847046,
    0.43276798725128174,
    0.43456000089645386,
    0.434688001871109,
    0.4344959855079651,
    0.43171200156211853,
    0.4334079921245575,
    0.43568000197410583,
    0.4333440065383911,
    0.4311999976634979,
    0.4312959909439087,
    0.4339520037174225,
    0.4360960125923157,
    0.43276798725128174,
    0.43110400438308716,
    0.43302398920059204,
    0.4338879883289337,
    0.43459200859069824,
    0.4326399862766266,
    0.4328640103340149,
    0.43215999007225037,
    0.43356800079345703,
    0.43353599309921265,
    0.4414080083370209,
    0.43276798725128174,
    0.43193599581718445,
    0.43139201402664185,
    0.4331200122833252,
    0.4360960125923157,
    0.43190398812294006,
    0.43084800243377686,
    0.43401598930358887
  ]
}