{
  "label": "conc_thresh_0.5GB",
  "num_cells": 20,
  "num_tx": 4,
  "num_rx": 4,
  "mcs": 2,
  "concurrent": true,
  "hbm_pct": 49.2,
  "stats": {
    "mean_ms": 188.00066360473633,
    "p50_ms": 187.68592071533203,
    "p95_ms": 195.87030410766602,
    "p99_ms": 201.70030090332034,
    "jitter": 0.021198012657574154
  },
  "miss_1ms": 1.0,
  "raw": [
    186.3474578857422,
    181.94869995117188,
    200.1266632080078,
    182.66668701171875,
    184.2090301513672,
    186.26223754882812,
    187.75970458984375,
    187.68255615234375,
    189.2553253173828,
    187.72195434570312,
    185.52426147460938,
    186.31954956054688,
    186.3155517578125,
    187.7523193359375,
    195.7237091064453,
    188.54722595214844,
    189.88418579101562,
    187.02886962890625,
    186.26832580566406,
    186.29855346679688,
    187.791015625,
    189.19056701660156,
    184.8164520263672,
    189.9187469482422,
    201.62185668945312,
    198.65560913085938,
    187.03065490722656,
    189.92112731933594,
    187.7980194091797,
    185.49935913085938,
    186.3455352783203,
    189.90444946289062,
    186.30458068847656,
    184.8705291748047,
    185.58213806152344,
    189.27513122558594,
    184.83865356445312,
    184.81680297851562,
    187.7791748046875,
    184.88992309570312,
    186.99574279785156,
    187.03945922851562,
    188.4503631591797,
    192.05270385742188,
    187.08738708496094,
    188.51510620117188,
    183.41807556152344,
    186.3520050048828,
    190.00563049316406,
    187.0082244873047,
    185.62002563476562,
    189.1510467529297,
    185.59420776367188,
    183.37930297851562,
    185.57215881347656,
    189.93011474609375,
    186.99920654296875,
    184.85171508789062,
    189.9870147705078,
    189.9498291015625,
    201.63516235351562,
    191.361083984375,
    187.82815551757812,
    186.24490356445312,
    185.5768280029297,
    187.7604217529297,
    187.08364868164062,
    187.76156616210938,
    188.51968383789062,
    184.8573760986328,
    186.31336975097656,
    190.62918090820312,
    187.0199737548828,
    189.2232666015625,
    185.636962890625,
    187.6892852783203,
    184.14854431152344,
    184.11322021484375,
    188.4205780029297,
    189.19747924804688,
    187.74969482421875,
    188.45001220703125,
    208.14901733398438,
    188.4610595703125,
    184.15481567382812,
    187.0268096923828,
    184.21192932128906,
    187.72218322753906,
    189.21405029296875,
    192.85279846191406,
    183.4718017578125,
    189.11680603027344,
    188.4970245361328,
    186.3356475830078,
    187.72055053710938,
    188.50160217285156,
    188.51219177246094,
    187.0482940673828,
    189.97654724121094,
    183.42031860351562
  ]
}