{
  "label": "s1n4g_neuralrx_nid001285_g1",
  "num_cells": 8,
  "graph_mode": 1,
  "mode": "GRAPH",
  "mean_ms": 0.5463033652305603,
  "per_cell_ms": 0.06828792065382004,
  "p95_ms": 0.5530384123325348,
  "p99_ms": 0.5557798397541046,
  "miss_1ms": 0.0,
  "raw": [
    0.545087993144989,
    0.5465279817581177,
    0.5460799932479858,
    0.5429440140724182,
    0.5440959930419922,
    0.5484799742698669,
    0.5442240238189697,
    0.5440000295639038,
    0.5440000295639038,
    0.5458559989929199,
    0.5436480045318604,
    0.5429760217666626,
    0.5511680245399475,
    0.5523520112037659,
    0.5454400181770325,
    0.5427520275115967,
    0.5433599948883057,
    0.5442559719085693,
    0.5518400073051453,
    0.5443840026855469,
    0.5437440276145935,
    0.5471680164337158,
    0.5508480072021484,
    0.5426880121231079,
    0.544160008430481,
    0.546176016330719,
    0.5447360277175903,
    0.5433279871940613,
    0.5505599975585938,
    0.5451520085334778,
    0.5440639853477478,
    0.5427200198173523,
    0.5502079725265503,
    0.5438719987869263,
    0.5451200008392334,
    0.54339200258255,
    0.5426560044288635,
    0.5434880256652832,
    0.548192024230957,
    0.5421760082244873,
    0.5435519814491272,
    0.550495982170105,
    0.551584005355835,
    0.5511680245399475,
    0.5441280007362366,
    0.5438079833984375,
    0.5559679865837097,
    0.5555840134620667,
    0.553600013256073,
    0.5473600029945374
  ]
}