{
  "label": "mig32_2n_qwen_nid001461_g1",
  "num_cells": 8,
  "graph_mode": 1,
  "mode": "GRAPH",
  "mean_ms": 0.5417843222618103,
  "per_cell_ms": 0.06772304028272629,
  "p95_ms": 0.6113455981016159,
  "p99_ms": 0.622674223780632,
  "miss_1ms": 0.0,
  "raw": [
    0.5860159993171692,
    0.5297600030899048,
    0.5652480125427246,
    0.5296000242233276,
    0.5224000215530396,
    0.5229439735412598,
    0.5201600193977356,
    0.6139519810676575,
    0.5231040120124817,
    0.598143994808197,
    0.5118719935417175,
    0.5182719826698303,
    0.5140479803085327,
    0.5261440277099609,
    0.6209279894828796,
    0.5278400182723999,
    0.5311359763145447,
    0.5382400155067444,
    0.5194879770278931,
    0.5242559909820557,
    0.5271040201187134,
    0.5221760272979736,
    0.5299519896507263,
    0.598143994808197,
    0.547104001045227,
    0.5234240293502808,
    0.5269119739532471,
    0.5280960202217102,
    0.5578240156173706,
    0.5231360197067261,
    0.5217599868774414,
    0.53302401304245,
    0.5252479910850525,
    0.6081600189208984,
    0.5298879742622375,
    0.53711998462677,
    0.5351999998092651,
    0.5240319967269897,
    0.5856959819793701,
    0.5268160104751587,
    0.624351978302002,
    0.5362560153007507,
    0.5218560099601746,
    0.5508800148963928,
    0.5207039713859558,
    0.5244160294532776,
    0.5332480072975159,
    0.5603520274162292,
    0.5333120226860046,
    0.5294719934463501
  ]
}