{
  "label": "sameGPU_hbm_4GB",
  "stats": {
    "name": "sameGPU_hbm_4GB",
    "count": 100,
    "mean_ms": 61.53528923034668,
    "std_ms": 3.73104548114267,
    "p50_ms": 63.74344062805176,
    "p95_ms": 66.7713191986084,
    "p99_ms": 69.73314964294434,
    "min_ms": 52.165279388427734,
    "max_ms": 69.901123046875,
    "jitter": 0.06063261468027149
  },
  "miss_1ms": 1.0,
  "raw": [
    58.08224105834961,
    57.97836685180664,
    58.107425689697266,
    63.80144119262695,
    63.885982513427734,
    58.93519973754883,
    63.85862350463867,
    63.78947067260742,
    66.30655670166016,
    57.95094299316406,
    65.65670776367188,
    63.770782470703125,
    58.087425231933594,
    63.758399963378906,
    58.09449768066406,
    58.01935958862305,
    63.89206314086914,
    57.975006103515625,
    60.01804733276367,
    58.11958312988281,
    58.05100631713867,
    63.735233306884766,
    63.86908721923828,
    63.741024017333984,
    58.81769561767578,
    63.757022857666016,
    63.89756774902344,
    63.74979019165039,
    63.8623046875,
    69.53247833251953,
    63.86467361450195,
    63.73494338989258,
    63.92256164550781,
    63.7327995300293,
    66.62761688232422,
    58.02272033691406,
    52.32387161254883,
    63.7806396484375,
    58.07612609863281,
    57.9697265625,
    58.06246566772461,
    52.165279388427734,
    58.22288131713867,
    57.97273635864258,
    64.17680358886719,
    63.76838302612305,
    58.102622985839844,
    63.77632141113281,
    63.880577087402344,
    57.93571090698242,
    65.25933074951172,
    57.95094299316406,
    58.11759948730469,
    57.95548629760742,
    58.10620880126953,
    63.78617477416992,
    63.870880126953125,
    57.98316955566406,
    63.858943939208984,
    57.93404769897461,
    60.03571319580078,
    63.75151824951172,
    63.943424224853516,
    63.734718322753906,
    58.018592834472656,
    63.77753448486328,
    59.08099365234375,
    57.9508171081543,
    63.89692687988281,
    57.985694885253906,
    58.05497741699219,
    63.74585723876953,
    58.09151840209961,
    63.74726486206055,
    69.63263702392578,
    57.99273681640625,
    60.381343841552734,
    63.7949104309082,
    58.116607666015625,
    69.50166320800781,
    63.872127532958984,
    63.780479431152344,
    64.3535385131836,
    63.81455993652344,
    63.88438415527344,
    63.757057189941406,
    69.901123046875,
    63.768959045410156,
    58.111873626708984,
    63.77920150756836,
    58.05539321899414,
    63.7677116394043,
    65.76806640625,
    63.75116729736328,
    58.09600067138672,
    57.99641418457031,
    63.91798400878906,
    52.20127868652344,
    69.73145294189453,
    57.94112014770508
  ]
}