{
  "label": "nrx_with_neuralrx",
  "num_cells": 8,
  "num_tx": 4,
  "num_rx": 4,
  "mcs": 2,
  "hbm_pct": 19.4,
  "stats": {
    "name": "nrx_with_neuralrx",
    "count": 100,
    "mean_ms": 6.094016645550727,
    "std_ms": 0.4587373463312043,
    "p50_ms": 5.9647999703884125,
    "p95_ms": 6.69272480905056,
    "p99_ms": 6.7586342036724245,
    "min_ms": 5.761728048324585,
    "max_ms": 9.775583922863007,
    "jitter": 0.0752766808843771
  },
  "miss_1ms": 1.0,
  "raw": [
    6.728159964084625,
    6.65504002571106,
    6.6649280190467834,
    6.663999974727631,
    6.720192015171051,
    6.693727910518646,
    6.657248079776764,
    6.656575977802277,
    6.682880103588104,
    6.7120320200920105,
    6.4206401109695435,
    5.983680069446564,
    6.038879990577698,
    6.118720054626465,
    5.96454393863678,
    5.900768041610718,
    5.983487963676453,
    6.101024091243744,
    6.003199994564056,
    5.934271991252899,
    5.917600035667419,
    5.899136006832123,
    5.8999680280685425,
    5.865408003330231,
    5.926687955856323,
    5.889376103878021,
    5.882464051246643,
    5.880128085613251,
    5.903936088085175,
    5.891392111778259,
    5.889663994312286,
    5.8712639808654785,
    5.898368000984192,
    5.919264018535614,
    5.966399967670441,
    5.923135995864868,
    5.950751960277557,
    5.965056002140045,
    5.904831945896149,
    5.877312004566193,
    5.877664029598236,
    5.874400019645691,
    9.775583922863007,
    5.908127963542938,
    5.764864027500153,
    5.761728048324585,
    5.783200025558472,
    5.792447984218597,
    5.940544068813324,
    5.887903988361359,
    5.840192019939423,
    6.69267201423645,
    5.803072035312653,
    5.814527988433838,
    5.8309120535850525,
    5.788096010684967,
    5.768959939479828,
    5.7820159792900085,
    5.821311950683594,
    5.860192000865936,
    5.825760006904602,
    5.821088075637817,
    5.915455937385559,
    5.778528034687042,
    6.5449599623680115,
    6.087231934070587,
    5.818783938884735,
    5.808864057064056,
    5.946655988693237,
    6.67139208316803,
    6.160000026226044,
    6.04915189743042,
    6.115647971630096,
    6.075519919395447,
    6.062815964221954,
    6.424031972885132,
    6.300352036952972,
    6.081664085388184,
    6.054528057575226,
    6.061535954475403,
    6.088127970695496,
    6.400032043457031,
    6.0832639336586,
    6.025023996829987,
    6.047455966472626,
    6.070752024650574,
    6.008608102798462,
    5.930335998535156,
    5.931264042854309,
    6.075167953968048,
    6.050879955291748,
    5.9845439195632935,
    6.083775997161865,
    6.092992007732391,
    6.0568960309028625,
    5.945567965507507,
    5.9487040638923645,
    6.051359951496124,
    6.043295979499817,
    6.105087995529175
  ]
}