{
  "label": "mig72_4n_qwen_nid008637_g1",
  "num_cells": 8,
  "graph_mode": 1,
  "mode": "GRAPH",
  "mean_ms": 0.5177132791280746,
  "per_cell_ms": 0.06471415989100933,
  "p95_ms": 0.5245968043804169,
  "p99_ms": 1.0591052639484384,
  "miss_1ms": 0.02,
  "raw": [
    0.4906879961490631,
    0.48688000440597534,
    0.479775995016098,
    0.5062080025672913,
    0.5005120038986206,
    0.49267199635505676,
    0.484607994556427,
    0.47939199209213257,
    0.5031039714813232,
    0.4959680140018463,
    0.5260800123214722,
    0.48976001143455505,
    0.48550400137901306,
    0.4882879853248596,
    0.4981119930744171,
    0.4928640127182007,
    0.48742398619651794,
    0.4861760139465332,
    0.488319993019104,
    0.5060160160064697,
    0.4854080080986023,
    0.5070400238037109,
    0.5192000269889832,
    1.5656319856643677,
    0.502560019493103,
    0.5056639909744263,
    0.4906879961490631,
    0.49564799666404724,
    0.5319039821624756,
    0.4965760111808777,
    0.5036479830741882,
    0.4887999892234802,
    0.48816001415252686,
    0.4963519871234894,
    0.48633599281311035,
    0.4708159863948822,
    0.4697920083999634,
    0.5227839946746826,
    0.48262399435043335,
    0.49564799666404724,
    0.5146880149841309,
    0.5219519734382629,
    0.4832319915294647,
    0.4873279929161072,
    0.49158400297164917,
    0.4952000081539154,
    0.4887999892234802,
    0.50518399477005,
    0.5137919783592224,
    0.5102720260620117
  ]
}