{
  "label": "conc_thresh_0.1GB",
  "num_cells": 20,
  "num_tx": 4,
  "num_rx": 4,
  "mcs": 2,
  "concurrent": true,
  "hbm_pct": 47.3,
  "stats": {
    "mean_ms": 71.19422538757324,
    "p50_ms": 68.34841537475586,
    "p95_ms": 95.63701553344725,
    "p99_ms": 102.10887428283695,
    "jitter": 0.11762672021059156
  },
  "miss_1ms": 1.0,
  "raw": [
    67.94467163085938,
    70.38076782226562,
    70.40704345703125,
    67.797119140625,
    69.03756713867188,
    69.30204772949219,
    69.1902084350586,
    67.3578872680664,
    67.99775695800781,
    67.61516571044922,
    68.13581085205078,
    67.95487976074219,
    67.79122924804688,
    79.75615692138672,
    68.24681854248047,
    67.69570922851562,
    68.11833953857422,
    68.72691345214844,
    67.22201538085938,
    67.82825469970703,
    68.41808319091797,
    67.83625793457031,
    70.38662719726562,
    67.66226959228516,
    87.1398696899414,
    76.25730895996094,
    67.21974182128906,
    68.30416107177734,
    68.54348754882812,
    68.67759704589844,
    71.47583770751953,
    67.81868743896484,
    68.26464080810547,
    67.18742370605469,
    68.72640228271484,
    68.38912200927734,
    109.01948547363281,
    74.27500915527344,
    70.99222564697266,
    68.09734344482422,
    68.31001281738281,
    69.01516723632812,
    69.16678619384766,
    67.83670043945312,
    67.05043029785156,
    67.53107452392578,
    72.63565063476562,
    87.54617309570312,
    95.43360137939453,
    67.48796844482422,
    68.68841552734375,
    67.6918716430664,
    69.50643157958984,
    68.71222686767578,
    68.43315124511719,
    67.64444732666016,
    67.8025894165039,
    68.8638687133789,
    68.38079833984375,
    99.79484558105469,
    83.67619323730469,
    67.65145874023438,
    68.69888305664062,
    67.36729431152344,
    67.6809310913086,
    68.1107177734375,
    67.9876480102539,
    68.00348663330078,
    68.57667541503906,
    67.94710540771484,
    69.60198211669922,
    102.03907012939453,
    69.89673614501953,
    68.42829132080078,
    68.30745697021484,
    68.09884643554688,
    67.0956802368164,
    69.62156677246094,
    68.71430206298828,
    68.58924865722656,
    68.1376953125,
    67.80419158935547,
    99.50188446044922,
    70.5323486328125,
    68.14118194580078,
    67.08118438720703,
    68.40889739990234,
    67.52130889892578,
    68.27059173583984,
    67.38089752197266,
    68.11113739013672,
    68.31603240966797,
    68.41776275634766,
    72.8043212890625,
    100.75017547607422,
    68.99443054199219,
    68.85775756835938,
    68.440673828125,
    67.61846160888672,
    67.50787353515625
  ]
}