{
  "label": "bora40_A_baseline",
  "num_cells": 8,
  "graph_mode": 1,
  "mode": "GRAPH",
  "mean_ms": 0.5443820834159852,
  "per_cell_ms": 0.06804776042699814,
  "p95_ms": 0.5471487790346146,
  "p99_ms": 0.5490252882242203,
  "miss_1ms": 0.0,
  "raw": [
    0.5421760082244873,
    0.5436800122261047,
    0.5433279871940613,
    0.5447679758071899,
    0.5429760217666626,
    0.5434560179710388,
    0.5435839891433716,
    0.5506560206413269,
    0.5426560044288635,
    0.544160008430481,
    0.544704020023346,
    0.547327995300293,
    0.542464017868042,
    0.5438399910926819,
    0.5429760217666626,
    0.5439680218696594,
    0.5448319911956787,
    0.5448319911956787,
    0.545087993144989,
    0.542527973651886,
    0.5459520220756531,
    0.5440319776535034,
    0.5424320101737976,
    0.5472639799118042,
    0.5436480045318604,
    0.5458880066871643,
    0.5448960065841675,
    0.5421760082244873,
    0.5470079779624939,
    0.5449920296669006,
    0.5457599759101868,
    0.5441920161247253,
    0.5437440276145935,
    0.5466880202293396,
    0.5435839891433716,
    0.5439040064811707,
    0.5427200198173523,
    0.545632004737854,
    0.5446720123291016,
    0.5458239912986755,
    0.5421440005302429,
    0.5459200143814087,
    0.5463680028915405,
    0.5440959930419922,
    0.543615996837616,
    0.5438399910926819,
    0.5426880121231079,
    0.5464320182800293,
    0.5413119792938232,
    0.5436800122261047
  ]
}