{
  "label": "g40_sm10",
  "num_cells": 20,
  "num_tx": 4,
  "num_rx": 4,
  "mcs": 2,
  "hbm_pct": 43.1,
  "stats": {
    "name": "g40_sm10",
    "count": 100,
    "mean_ms": 17.009559991955758,
    "std_ms": 6.926717035680486,
    "p50_ms": 15.121631920337677,
    "p95_ms": 22.793087911605827,
    "p99_ms": 52.53581869065768,
    "min_ms": 14.96284794807434,
    "max_ms": 64.88262385129929,
    "jitter": 0.40722493932566756
  },
  "miss_1ms": 1.0,
  "raw": [
    15.53328001499176,
    17.124320089817047,
    17.168800055980682,
    15.585055947303772,
    15.592352151870728,
    15.598176002502441,
    15.541824102401733,
    15.550304055213928,
    15.61027193069458,
    15.33568000793457,
    15.1113600730896,
    17.82451194524765,
    15.044640123844147,
    64.88262385129929,
    29.518239974975586,
    17.896448075771332,
    15.128191947937012,
    15.17878407239914,
    15.0900160074234,
    15.185759961605072,
    15.118847966194153,
    17.482463836669922,
    15.074752032756805,
    15.09283196926117,
    16.21561586856842,
    17.13046407699585,
    15.128095984458923,
    15.047583997249603,
    17.750399947166443,
    15.240736067295074,
    15.03737598657608,
    15.086143970489502,
    15.082879781723022,
    15.008383989334106,
    15.084063947200775,
    17.847584009170532,
    43.63609594106674,
    25.453087866306305,
    14.999391973018646,
    15.033088028430939,
    19.769023954868317,
    15.714272022247314,
    15.140544056892395,
    15.066431999206543,
    15.027487993240356,
    14.983840107917786,
    14.991584062576294,
    16.00047993659973,
    17.268095910549164,
    15.089632093906403,
    15.02403211593628,
    15.153312027454376,
    15.077183842658997,
    15.826879978179932,
    15.242719948291779,
    15.081567823886871,
    15.131327986717224,
    15.012672007083893,
    15.124415874481201,
    17.354207932949066,
    16.04281586408615,
    14.993695855140686,
    14.992287874221802,
    15.006656050682068,
    15.007008016109467,
    14.974143922328949,
    15.009632050991058,
    15.656512081623077,
    15.158976078033447,
    15.053664028644562,
    15.899168074131012,
    18.922208070755005,
    15.08163207769394,
    15.089696049690247,
    15.053888082504272,
    15.054879903793335,
    15.22156810760498,
    15.02457594871521,
    15.100256025791168,
    15.033696055412292,
    15.03983998298645,
    15.071872055530548,
    16.895520091056824,
    16.2153280377388,
    14.985087871551514,
    15.131392061710358,
    15.040800094604492,
    15.129696130752563,
    14.989279985427856,
    14.96284794807434,
    14.972735941410065,
    14.987647950649261,
    15.655968010425568,
    22.65308791399002,
    52.41110348701477,
    15.081791996955872,
    15.062080085277557,
    15.042688012123108,
    15.107295989990234,
    15.012736022472382
  ]
}