{
  "label": "thresh_hbm_1.0GB",
  "stats": {
    "name": "thresh_hbm_1.0GB",
    "count": 100,
    "mean_ms": 13.901535005569459,
    "std_ms": 3.2169783951684288,
    "p50_ms": 12.749023914337158,
    "p95_ms": 20.04843244552612,
    "p99_ms": 27.278021373748796,
    "min_ms": 10.355008125305176,
    "max_ms": 30.227935791015625,
    "jitter": 0.23141173934242446
  },
  "miss_1ms": 1.0,
  "raw": [
    27.24822425842285,
    12.663488388061523,
    13.882207870483398,
    12.62883186340332,
    12.754495620727539,
    12.636799812316895,
    19.774816513061523,
    13.765119552612305,
    12.749055862426758,
    10.355008125305176,
    24.776447296142578,
    14.890815734863281,
    11.592991828918457,
    12.62492847442627,
    12.778656005859375,
    12.624959945678711,
    20.67737579345703,
    14.915231704711914,
    13.928095817565918,
    12.645855903625488,
    13.881216049194336,
    12.62889575958252,
    17.334623336791992,
    14.919743537902832,
    12.770463943481445,
    12.639167785644531,
    12.752415657043457,
    12.659456253051758,
    14.955583572387695,
    13.78377628326416,
    12.730688095092773,
    12.655839920043945,
    12.778207778930664,
    12.64367961883545,
    10.473600387573242,
    14.91766357421875,
    12.778752326965332,
    11.487744331359863,
    12.751999855041504,
    11.495072364807129,
    12.744064331054688,
    13.776063919067383,
    16.18492889404297,
    12.707551956176758,
    11.615232467651367,
    12.640288352966309,
    12.761247634887695,
    15.92198371887207,
    18.46678352355957,
    12.633184432983398,
    12.73583984375,
    12.65503978729248,
    11.621343612670898,
    16.060224533081055,
    20.43846321105957,
    13.789983749389648,
    12.723615646362305,
    11.479328155517578,
    12.773152351379395,
    12.6277437210083,
    17.471935272216797,
    12.643775939941406,
    12.769503593444824,
    11.486144065856934,
    12.748991966247559,
    12.657312393188477,
    20.027904510498047,
    13.764320373535156,
    11.597984313964844,
    12.62112045288086,
    11.61740779876709,
    13.753024101257324,
    19.491615295410156,
    12.625760078430176,
    12.74499225616455,
    12.630528450012207,
    11.634400367736816,
    11.49084758758545,
    30.227935791015625,
    17.210752487182617,
    12.762975692749023,
    11.496224403381348,
    12.76956844329834,
    12.627903938293457,
    11.573247909545898,
    12.643136024475098,
    12.768863677978516,
    11.510496139526367,
    11.598464012145996,
    12.625568389892578,
    11.613439559936523,
    13.777183532714844,
    15.019392013549805,
    13.778335571289062,
    12.773920059204102,
    12.635071754455566,
    12.750687599182129,
    13.790080070495605,
    18.457664489746094,
    12.656959533691406
  ]
}