{
  "label": "s2n4g_neuralrx_nid002688_g0",
  "num_cells": 8,
  "graph_mode": 1,
  "mode": "GRAPH",
  "mean_ms": 0.9554803311824799,
  "per_cell_ms": 0.11943504139780999,
  "p95_ms": 1.0639040052890778,
  "p99_ms": 1.1056809985637663,
  "miss_1ms": 0.38,
  "raw": [
    0.8808000087738037,
    1.1198400259017944,
    0.8658879995346069,
    1.0257600545883179,
    0.926144003868103,
    0.9117439985275269,
    0.929311990737915,
    1.0050560235977173,
    0.7060800194740295,
    0.8877120018005371,
    0.9891840219497681,
    0.9648640155792236,
    0.9726719856262207,
    1.0909440517425537,
    0.9035519957542419,
    1.021888017654419,
    0.9641600251197815,
    0.8812800049781799,
    0.8878080248832703,
    1.0344640016555786,
    0.9658880233764648,
    0.8635519742965698,
    0.8737919926643372,
    1.0332159996032715,
    0.8754559755325317,
    1.0621440410614014,
    1.0150400400161743,
    0.7048320174217224,
    0.9514240026473999,
    0.9048640131950378,
    0.9466559886932373,
    1.0262080430984497,
    0.6958079934120178,
    0.9233919978141785,
    1.0521600246429443,
    0.9616640210151672,
    1.0506880283355713,
    0.9376320242881775,
    1.0234559774398804,
    0.9566720128059387,
    1.0344640016555786,
    0.885312020778656,
    1.0338560342788696,
    0.9555839896202087,
    1.0428800582885742,
    1.065343976020813,
    0.9272639751434326,
    0.951807975769043,
    1.025920033454895,
    1.0578880310058594
  ]
}