{
  "label": "s2v4_gpt2_nid001457",
  "num_cells": 8,
  "graph_mode": 1,
  "mode": "GRAPH",
  "mean_ms": 0.4813817584514618,
  "per_cell_ms": 0.060172719806432726,
  "p95_ms": 0.49851360321044896,
  "p99_ms": 1.4971785616874693,
  "miss_1ms": 0.04,
  "raw": [
    0.4357120096683502,
    0.43481600284576416,
    0.43510401248931885,
    0.43958398699760437,
    0.43171200156211853,
    0.44470399618148804,
    0.44678398966789246,
    0.44815999269485474,
    0.4419519901275635,
    0.4368000030517578,
    0.44073599576950073,
    0.43196800351142883,
    0.43356800079345703,
    0.4440320134162903,
    0.43561598658561707,
    0.4331519901752472,
    0.4455359876155853,
    0.43779200315475464,
    1.5102399587631226,
    1.4835840463638306,
    0.4363200068473816,
    0.43404799699783325,
    0.44198399782180786,
    0.447519987821579,
    0.43375998735427856,
    0.43507200479507446,
    0.4424319863319397,
    0.43251198530197144,
    0.4354560077190399,
    0.43433600664138794,
    0.43331199884414673,
    0.43296000361442566,
    0.4413119852542877,
    0.43484801054000854,
    0.4333760142326355,
    0.4327999949455261,
    0.4325439929962158,
    0.43404799699783325,
    0.4334079921245575,
    0.43347200751304626,
    0.4450879991054535,
    0.43375998735427856,
    0.43484801054000854,
    0.43164798617362976,
    0.4325760006904602,
    0.43404799699783325,
    0.43484801054000854,
    0.5397120118141174,
    0.43401598930358887,
    0.44147199392318726
  ]
}