{
  "label": "s4n4g_neuralrx_nid001269_g3",
  "num_cells": 8,
  "graph_mode": 1,
  "mode": "GRAPH",
  "mean_ms": 0.43495807886123655,
  "per_cell_ms": 0.05436975985765457,
  "p95_ms": 0.4370527982711792,
  "p99_ms": 0.43934560388326643,
  "miss_1ms": 0.0,
  "raw": [
    0.43382400274276733,
    0.4360640048980713,
    0.43536001443862915,
    0.4344959855079651,
    0.43404799699783325,
    0.4347839951515198,
    0.4394240081310272,
    0.43379199504852295,
    0.43398401141166687,
    0.4357759952545166,
    0.4362240135669708,
    0.4352959990501404,
    0.4328320026397705,
    0.43372800946235657,
    0.43427199125289917,
    0.43404799699783325,
    0.4349440038204193,
    0.4314880073070526,
    0.43456000089645386,
    0.43484801054000854,
    0.43267199397087097,
    0.43539199233055115,
    0.43516799807548523,
    0.4359680116176605,
    0.4338879883289337,
    0.43487998843193054,
    0.4349760115146637,
    0.43430399894714355,
    0.4343999922275543,
    0.43587198853492737,
    0.43516799807548523,
    0.43398401141166687,
    0.43353599309921265,
    0.43558400869369507,
    0.4346559941768646,
    0.4344959855079651,
    0.43532800674438477,
    0.4354879856109619,
    0.43587198853492737,
    0.43430399894714355,
    0.4336319863796234,
    0.4392639994621277,
    0.4347519874572754,
    0.43590399622917175,
    0.4352000057697296,
    0.435808002948761,
    0.4354879856109619,
    0.43408000469207764,
    0.4373120069503784,
    0.43673598766326904
  ]
}