{
  "label": "bora_neuralrx",
  "num_cells": 8,
  "graph_mode": 1,
  "mode": "GRAPH",
  "mean_ms": 0.594547837972641,
  "per_cell_ms": 0.07431847974658012,
  "p95_ms": 0.6572448164224625,
  "p99_ms": 0.6752857679128647,
  "miss_1ms": 0.0,
  "raw": [
    0.648576021194458,
    0.681056022644043,
    0.6692799925804138,
    0.648639976978302,
    0.549344003200531,
    0.5672320127487183,
    0.5958399772644043,
    0.6365119814872742,
    0.5665599703788757,
    0.5847679972648621,
    0.5757439732551575,
    0.6266880035400391,
    0.5589119791984558,
    0.5715199708938599,
    0.6099839806556702,
    0.640608012676239,
    0.5676159858703613,
    0.5562559962272644,
    0.5790719985961914,
    0.6369919776916504,
    0.5539839863777161,
    0.5759040117263794,
    0.5979520082473755,
    0.6363840103149414,
    0.5688639879226685,
    0.5575360059738159,
    0.5934720039367676,
    0.6464319825172424,
    0.5734720230102539,
    0.5658559799194336,
    0.5735039710998535,
    0.6629760265350342,
    0.567903995513916,
    0.5569919943809509,
    0.5603200197219849,
    0.6404479742050171,
    0.575872004032135,
    0.5707200169563293,
    0.5734400153160095,
    0.6495040059089661,
    0.551904022693634,
    0.5711359977722168,
    0.5952960252761841,
    0.6502400040626526,
    0.550815999507904,
    0.5634239912033081,
    0.5919359922409058,
    0.6223679780960083,
    0.5657600164413452,
    0.5917760133743286
  ]
}