{
  "label": "s2n4g_gpt2_nid002689_g0",
  "num_cells": 8,
  "graph_mode": 1,
  "mode": "GRAPH",
  "mean_ms": 0.4427404797077179,
  "per_cell_ms": 0.05534255996346474,
  "p95_ms": 0.45856640487909317,
  "p99_ms": 0.4888550403714179,
  "miss_1ms": 0.0,
  "raw": [
    0.5166400074958801,
    0.4433920085430145,
    0.45500800013542175,
    0.43462398648262024,
    0.4449920058250427,
    0.43935999274253845,
    0.43516799807548523,
    0.43699198961257935,
    0.4375999867916107,
    0.439520001411438,
    0.4368000030517578,
    0.43667200207710266,
    0.4343680143356323,
    0.4434239864349365,
    0.44176000356674194,
    0.43116798996925354,
    0.450080007314682,
    0.4419200122356415,
    0.442656010389328,
    0.43539199233055115,
    0.4343680143356323,
    0.4371199905872345,
    0.4403519928455353,
    0.4418880045413971,
    0.43852800130844116,
    0.44521600008010864,
    0.44703999161720276,
    0.4398399889469147,
    0.4362240135669708,
    0.43612799048423767,
    0.4467200040817261,
    0.438975989818573,
    0.45977601408958435,
    0.441567987203598,
    0.4398080110549927,
    0.43798398971557617,
    0.4599359929561615,
    0.45708799362182617,
    0.4365440011024475,
    0.4487999975681305,
    0.44921600818634033,
    0.43887999653816223,
    0.43887999653816223,
    0.4381119906902313,
    0.4357120096683502,
    0.44067201018333435,
    0.4435200095176697,
    0.4382080137729645,
    0.4325439929962158,
    0.4398399889469147
  ]
}