{
  "label": "q32b4n_baseline_nid001533_g2",
  "num_cells": 8,
  "graph_mode": 1,
  "mode": "GRAPH",
  "mean_ms": 0.43666688084602356,
  "per_cell_ms": 0.054583360105752946,
  "p95_ms": 0.43941760063171387,
  "p99_ms": 0.48807232707738857,
  "miss_1ms": 0.0,
  "raw": [
    0.435232013463974,
    0.4357439875602722,
    0.43702399730682373,
    0.43564799427986145,
    0.4357120096683502,
    0.4360960125923157,
    0.43721601366996765,
    0.4323520064353943,
    0.5308160185813904,
    0.43913599848747253,
    0.43241599202156067,
    0.4328640103340149,
    0.43215999007225037,
    0.43699198961257935,
    0.4357759952545166,
    0.43212801218032837,
    0.4333440065383911,
    0.4333760142326355,
    0.4354879856109619,
    0.43779200315475464,
    0.43331199884414673,
    0.43398401141166687,
    0.43456000089645386,
    0.4347519874572754,
    0.4342400133609772,
    0.436352014541626,
    0.43212801218032837,
    0.4329279959201813,
    0.43398401141166687,
    0.434688001871109,
    0.4325760006904602,
    0.4349760115146637,
    0.4307839870452881,
    0.44358399510383606,
    0.43964800238609314,
    0.4317759871482849,
    0.4322560131549835,
    0.4344319999217987,
    0.43727999925613403,
    0.43382400274276733,
    0.43241599202156067,
    0.4325439929962158,
    0.434143990278244,
    0.4347519874572754,
    0.43347200751304626,
    0.4343999922275543,
    0.43590399622917175,
    0.4352959990501404,
    0.435263991355896,
    0.4357759952545166
  ]
}