{
  "label": "s2n_resnet_n1",
  "num_cells": 8,
  "graph_mode": 1,
  "mode": "GRAPH",
  "mean_ms": 0.43286271929740905,
  "per_cell_ms": 0.05410783991217613,
  "p95_ms": 0.43471199125051496,
  "p99_ms": 0.43735135585069657,
  "miss_1ms": 0.0,
  "raw": [
    0.43241599202156067,
    0.4347839951515198,
    0.43215999007225037,
    0.4326399862766266,
    0.4326399862766266,
    0.4331839978694916,
    0.4326399862766266,
    0.43270400166511536,
    0.4317440092563629,
    0.43408000469207764,
    0.43248000741004944,
    0.43110400438308716,
    0.4328959882259369,
    0.4338560104370117,
    0.4322560131549835,
    0.4320639967918396,
    0.43116798996925354,
    0.4331200122833252,
    0.4384959936141968,
    0.4323199987411499,
    0.43161600828170776,
    0.43273600935935974,
    0.43296000361442566,
    0.4331200122833252,
    0.43427199125289917,
    0.43615999817848206,
    0.43350398540496826,
    0.43212801218032837,
    0.4306879937648773,
    0.4336319863796234,
    0.43251198530197144,
    0.43353599309921265,
    0.43372800946235657,
    0.43462398648262024,
    0.43187201023101807,
    0.43433600664138794,
    0.4330559968948364,
    0.43350398540496826,
    0.4318400025367737,
    0.4339199960231781,
    0.43215999007225037,
    0.43347200751304626,
    0.43187201023101807,
    0.4314880073070526,
    0.4315199851989746,
    0.43324801325798035,
    0.43187201023101807,
    0.43161600828170776,
    0.4310719966888428,
    0.4323199987411499
  ]
}