{
  "label": "conc_thresh_baseline_final",
  "num_cells": 20,
  "num_tx": 4,
  "num_rx": 4,
  "mcs": 2,
  "concurrent": true,
  "hbm_pct": 44.2,
  "stats": {
    "mean_ms": 16.033898916244507,
    "p50_ms": 14.598080158233643,
    "p95_ms": 17.708134746551494,
    "p99_ms": 46.038279800415076,
    "jitter": 0.3636022345586941
  },
  "miss_1ms": 1.0,
  "raw": [
    14.70406436920166,
    15.949536323547363,
    16.27168083190918,
    14.509568214416504,
    14.542688369750977,
    14.59552001953125,
    14.621024131774902,
    14.692671775817871,
    14.605567932128906,
    14.639424324035645,
    14.568896293640137,
    14.57040023803711,
    14.511967658996582,
    17.12326431274414,
    14.947232246398926,
    17.314624786376953,
    14.616512298583984,
    14.671551704406738,
    14.53651237487793,
    14.668416023254395,
    14.663071632385254,
    14.632767677307129,
    14.606016159057617,
    14.654047966003418,
    15.681471824645996,
    16.545503616333008,
    14.682208061218262,
    14.582752227783203,
    14.562591552734375,
    14.615743637084961,
    14.546560287475586,
    14.568191528320312,
    14.739583969116211,
    14.549280166625977,
    14.586591720581055,
    14.617055892944336,
    16.84796714782715,
    15.232959747314453,
    14.621088027954102,
    14.555935859680176,
    14.524895668029785,
    14.626399993896484,
    14.504096031188965,
    14.61734390258789,
    17.07187271118164,
    14.578432083129883,
    14.628095626831055,
    45.96876907348633,
    44.840415954589844,
    14.535743713378906,
    14.521599769592285,
    14.536128044128418,
    14.546655654907227,
    14.56163215637207,
    14.523327827453613,
    14.692031860351562,
    14.594335556030273,
    14.603167533874512,
    14.540543556213379,
    17.323776245117188,
    15.576607704162598,
    14.52342414855957,
    14.600640296936035,
    14.574080467224121,
    14.505696296691895,
    14.520992279052734,
    14.565312385559082,
    14.516127586364746,
    14.4868803024292,
    14.514687538146973,
    24.189056396484375,
    52.91984176635742,
    14.494560241699219,
    14.49561595916748,
    14.474944114685059,
    14.512224197387695,
    14.50607967376709,
    14.644512176513672,
    14.501343727111816,
    14.50271987915039,
    14.569727897644043,
    14.621376037597656,
    16.261920928955078,
    15.743680000305176,
    14.560159683227539,
    14.47606372833252,
    14.542719841003418,
    14.489952087402344,
    14.665151596069336,
    14.51529598236084,
    14.617024421691895,
    14.54531192779541,
    14.497695922851562,
    14.820192337036133,
    24.091039657592773,
    14.625280380249023,
    14.65071964263916,
    14.503456115722656,
    14.50380802154541,
    17.3721923828125
  ]
}