{
  "label": "bench_1c_GRAPH",
  "num_cells": 1,
  "graph_mode": 1,
  "mode": "GRAPH",
  "mean_ms": 0.44072704076766966,
  "per_cell_ms": 0.44072704076766966,
  "p95_ms": 0.4446207955479622,
  "p99_ms": 0.447469442486763,
  "miss_1ms": 0.0,
  "raw": [
    0.44099199771881104,
    0.44099199771881104,
    0.44124799966812134,
    0.4402239918708801,
    0.43961599469184875,
    0.44016000628471375,
    0.44038400053977966,
    0.4421440064907074,
    0.43987199664115906,
    0.43935999274253845,
    0.4395520091056824,
    0.44073599576950073,
    0.44012799859046936,
    0.43929600715637207,
    0.4398080110549927,
    0.44067201018333435,
    0.44678398966789246,
    0.4410879909992218,
    0.4403519928455353,
    0.43932801485061646,
    0.43929600715637207,
    0.4397760033607483,
    0.4402559995651245,
    0.4410560131072998,
    0.44275200366973877,
    0.4398080110549927,
    0.4394240081310272,
    0.44012799859046936,
    0.43932801485061646,
    0.4403519928455353,
    0.44812801480293274,
    0.4456000030040741,
    0.439520001411438,
    0.4410240054130554,
    0.4408319890499115,
    0.44019201397895813,
    0.4406079947948456,
    0.4398399889469147,
    0.4400320053100586,
    0.4392000138759613,
    0.4434239864349365,
    0.4394879937171936,
    0.43913599848747253,
    0.44070398807525635,
    0.4384320080280304,
    0.44016000628471375,
    0.44143998622894287,
    0.44207999110221863,
    0.44115200638771057,
    0.44044798612594604
  ]
}