{
  "label": "mig72_4n_base_nid008633_g1",
  "num_cells": 8,
  "graph_mode": 1,
  "mode": "GRAPH",
  "mean_ms": 0.5043244796991349,
  "per_cell_ms": 0.06304055996239186,
  "p95_ms": 0.4743455961346626,
  "p99_ms": 1.3943215629458392,
  "miss_1ms": 0.02,
  "raw": [
    0.46726399660110474,
    0.4699839949607849,
    0.47017601132392883,
    0.46876800060272217,
    0.46806401014328003,
    0.4688960015773773,
    0.4711360037326813,
    0.4681920111179352,
    0.4671359956264496,
    0.4686720073223114,
    0.4721280038356781,
    0.46934399008750916,
    0.4673919975757599,
    0.47116801142692566,
    0.4687039852142334,
    0.46694400906562805,
    0.46646401286125183,
    0.46956801414489746,
    0.46988800168037415,
    0.466623991727829,
    0.46723198890686035,
    0.46908798813819885,
    0.46835198998451233,
    0.4761599898338318,
    0.46691200137138367,
    0.4702399969100952,
    0.4684160053730011,
    0.46592000126838684,
    0.4650239944458008,
    0.4660800099372864,
    0.46992000937461853,
    0.46931201219558716,
    0.46566399931907654,
    0.4665600061416626,
    0.46649599075317383,
    0.47046399116516113,
    0.46716800332069397,
    0.46675199270248413,
    0.46694400906562805,
    0.47705599665641785,
    0.46460801362991333,
    0.4659520089626312,
    0.46672001481056213,
    0.4649600088596344,
    0.465503990650177,
    0.4659839868545532,
    0.4699519872665405,
    0.4660800099372864,
    0.46457600593566895,
    2.275615930557251
  ]
}