{
  "label": "s1n4g_baseline_nid001285_g3",
  "num_cells": 8,
  "graph_mode": 1,
  "mode": "GRAPH",
  "mean_ms": 0.5428825569152832,
  "per_cell_ms": 0.0678603196144104,
  "p95_ms": 0.5488368034362793,
  "p99_ms": 0.5512256020307541,
  "miss_1ms": 0.0,
  "raw": [
    0.5441280007362366,
    0.5447360277175903,
    0.5456640124320984,
    0.543936014175415,
    0.5431039929389954,
    0.5475519895553589,
    0.5438719987869263,
    0.5407999753952026,
    0.5408639907836914,
    0.5423679947853088,
    0.5420160293579102,
    0.5411199927330017,
    0.5400959849357605,
    0.5411520004272461,
    0.5423679947853088,
    0.5414080023765564,
    0.5433279871940613,
    0.5421119928359985,
    0.5421760082244873,
    0.5421119928359985,
    0.5408959984779358,
    0.540287971496582,
    0.5435519814491272,
    0.5407040119171143,
    0.5414400100708008,
    0.5425599813461304,
    0.549888014793396,
    0.5417280197143555,
    0.5438399910926819,
    0.5416319966316223,
    0.5426239967346191,
    0.5395519733428955,
    0.5401279926300049,
    0.5416640043258667,
    0.5431680083274841,
    0.5448639988899231,
    0.5413439869880676,
    0.5431039929389954,
    0.544704020023346,
    0.5416960120201111,
    0.5425919890403748,
    0.5452799797058105,
    0.5425599813461304,
    0.5421119928359985,
    0.5406079888343811,
    0.5524799823760986,
    0.5423359870910645,
    0.5499200224876404,
    0.5401279926300049,
    0.5418239831924438
  ]
}