{
  "label": "s4n_resnet_n3",
  "num_cells": 8,
  "graph_mode": 1,
  "mode": "GRAPH",
  "mean_ms": 0.4334156829118729,
  "per_cell_ms": 0.05417696036398411,
  "p95_ms": 0.4362592056393623,
  "p99_ms": 0.43991904765367507,
  "miss_1ms": 0.0,
  "raw": [
    0.4315840005874634,
    0.4333440065383911,
    0.4328640103340149,
    0.43219199776649475,
    0.4430080056190491,
    0.43350398540496826,
    0.43356800079345703,
    0.4322560131549835,
    0.4320000112056732,
    0.43587198853492737,
    0.4362879991531372,
    0.43456000089645386,
    0.4328640103340149,
    0.43196800351142883,
    0.4338560104370117,
    0.4331839978694916,
    0.4333440065383911,
    0.434112012386322,
    0.43321600556373596,
    0.4323520064353943,
    0.43164798617362976,
    0.43382400274276733,
    0.43456000089645386,
    0.43532800674438477,
    0.43484801054000854,
    0.43273600935935974,
    0.4328959882259369,
    0.4323520064353943,
    0.4320639967918396,
    0.4344640076160431,
    0.43241599202156067,
    0.4310719966888428,
    0.4312640130519867,
    0.4336000084877014,
    0.43670400977134705,
    0.43212801218032837,
    0.43196800351142883,
    0.4329279959201813,
    0.43350398540496826,
    0.4328959882259369,
    0.43212801218032837,
    0.43222400546073914,
    0.4360319972038269,
    0.4315840005874634,
    0.43142399191856384,
    0.43398401141166687,
    0.4362240135669708,
    0.4328640103340149,
    0.4326080083847046,
    0.4325760006904602
  ]
}