{
  "label": "baseline",
  "stats": {
    "name": "baseline",
    "count": 100,
    "mean_ms": 2.052265593409538,
    "std_ms": 2.1032989255903174,
    "p50_ms": 1.0657280087471008,
    "p95_ms": 7.761220693588257,
    "p99_ms": 8.231768655776978,
    "min_ms": 0.8380799889564514,
    "max_ms": 8.284928321838379,
    "jitter": 1.0248668263721143
  },
  "miss_1ms": 0.63,
  "raw": [
    1.0697280168533325,
    0.8481280207633972,
    1.0741440057754517,
    0.8380799889564514,
    1.0717439651489258,
    0.8852159976959229,
    1.0566400289535522,
    0.8401920199394226,
    3.95251202583313,
    2.94268798828125,
    4.711391925811768,
    7.512671947479248,
    8.284928321838379,
    0.8541120290756226,
    1.0693440437316895,
    0.8543040156364441,
    1.0687999725341797,
    0.8507840037345886,
    1.0808000564575195,
    0.8397759795188904,
    1.1304320096969604,
    0.8877760171890259,
    1.0684159994125366,
    0.8437119722366333,
    1.0768320560455322,
    0.8464639782905579,
    1.0679680109024048,
    0.8952959775924683,
    1.1317440271377563,
    1.6796159744262695,
    7.9937920570373535,
    2.0507519245147705,
    7.892032146453857,
    5.096159934997559,
    4.771903991699219,
    0.8406720161437988,
    1.0615999698638916,
    0.84169602394104,
    1.0624959468841553,
    0.8447039723396301,
    1.0721919536590576,
    0.8507199883460999,
    1.0619839429855347,
    0.9102399945259094,
    1.064736008644104,
    0.847648024559021,
    1.0665919780731201,
    0.8844159841537476,
    1.1089919805526733,
    0.8469120264053345,
    3.847935914993286,
    3.1234560012817383,
    4.780640125274658,
    3.1806399822235107,
    8.10979175567627,
    0.890175998210907,
    1.061184048652649,
    0.8473280072212219,
    1.1047359704971313,
    0.8782079815864563,
    1.0650240182876587,
    0.8386880159378052,
    1.0614399909973145,
    0.8387519717216492,
    1.117408037185669,
    0.8441280126571655,
    1.1086399555206299,
    0.8491520285606384,
    1.0615359544754028,
    0.8444799780845642,
    1.0620800256729126,
    1.885599970817566,
    7.754335880279541,
    5.2948479652404785,
    8.231231689453125,
    2.772063970565796,
    1.0919359922409058,
    0.8399999737739563,
    1.1002559661865234,
    0.8462079763412476,
    1.0722559690475464,
    0.8511679768562317,
    1.061568021774292,
    0.8447359800338745,
    1.0767040252685547,
    0.852512001991272,
    1.0612800121307373,
    0.842464029788971,
    1.0619200468063354,
    0.8491520285606384,
    1.066431999206543,
    0.8434879779815674,
    4.178815841674805,
    6.185152053833008,
    6.253407955169678,
    3.2500479221343994,
    6.0035200119018555,
    3.04038405418396,
    1.1137280464172363,
    0.8814399838447571
  ]
}