{
  "label": "q32b4n_baseline_nid001533_g0",
  "num_cells": 8,
  "graph_mode": 1,
  "mode": "GRAPH",
  "mean_ms": 0.4341574394702911,
  "per_cell_ms": 0.05426967993378639,
  "p95_ms": 0.4366880029439926,
  "p99_ms": 0.4374841609597206,
  "miss_1ms": 0.0,
  "raw": [
    0.4336000084877014,
    0.431551992893219,
    0.4365119934082031,
    0.4357759952545166,
    0.4342080056667328,
    0.4368320107460022,
    0.43532800674438477,
    0.4322560131549835,
    0.4336000084877014,
    0.43427199125289917,
    0.4344640076160431,
    0.4330880045890808,
    0.43167999386787415,
    0.4339199960231781,
    0.4380800127983093,
    0.4359680116176605,
    0.43331199884414673,
    0.4342400133609772,
    0.4339520037174225,
    0.434688001871109,
    0.43487998843193054,
    0.4331839978694916,
    0.43558400869369507,
    0.4347200095653534,
    0.43401598930358887,
    0.4347519874572754,
    0.43408000469207764,
    0.43270400166511536,
    0.4326399862766266,
    0.4344959855079651,
    0.43536001443862915,
    0.4333440065383911,
    0.43164798617362976,
    0.4368639886379242,
    0.43564799427986145,
    0.4326399862766266,
    0.4325439929962158,
    0.4333760142326355,
    0.43487998843193054,
    0.42899200320243835,
    0.43270400166511536,
    0.4326080083847046,
    0.43193599581718445,
    0.4341759979724884,
    0.4349119961261749,
    0.4359999895095825,
    0.43587198853492737,
    0.43427199125289917,
    0.43542400002479553,
    0.4362879991531372
  ]
}