{
  "label": "real_baseline",
  "num_cells": 8,
  "num_tx": 4,
  "num_rx": 4,
  "mcs": 2,
  "hbm_pct": 19.4,
  "stats": {
    "name": "real_baseline",
    "count": 100,
    "mean_ms": 6.067088974714279,
    "std_ms": 0.3855544506775535,
    "p50_ms": 5.8268000185489655,
    "p95_ms": 6.711614400148392,
    "p99_ms": 6.7432076251506805,
    "min_ms": 5.796064078807831,
    "max_ms": 6.7439680099487305,
    "jitter": 0.06354850774142647
  },
  "miss_1ms": 1.0,
  "raw": [
    6.699967980384827,
    6.692064046859741,
    6.7057600021362305,
    6.67766410112381,
    6.702207922935486,
    6.7439680099487305,
    6.671328008174896,
    6.698720037937164,
    6.7194560170173645,
    6.693888068199158,
    6.714623987674713,
    6.695071995258331,
    6.692223966121674,
    6.711456000804901,
    6.709504067897797,
    6.743199944496155,
    6.721728026866913,
    6.681727945804596,
    6.693343997001648,
    6.679423987865448,
    6.693823993206024,
    6.679839909076691,
    6.671679973602295,
    6.690336108207703,
    6.672895967960358,
    6.700448036193848,
    6.682272017002106,
    5.913920104503632,
    5.815040051937103,
    5.811360061168671,
    5.814720034599304,
    5.823360025882721,
    5.812864065170288,
    5.821888029575348,
    5.815904021263123,
    5.811711966991425,
    5.832736074924469,
    5.802976071834564,
    5.821504056453705,
    5.811999976634979,
    5.830591976642609,
    5.811071991920471,
    5.806176006793976,
    5.819967985153198,
    5.828032076358795,
    5.828671991825104,
    5.839680016040802,
    5.818304061889648,
    5.841055989265442,
    5.811199963092804,
    5.817055940628052,
    5.953696012496948,
    6.017599999904633,
    5.825471997261047,
    5.833855986595154,
    5.881087958812714,
    5.8160320520401,
    5.823455989360809,
    5.811519980430603,
    5.80838406085968,
    5.818015992641449,
    5.817311882972717,
    5.81276798248291,
    5.800415992736816,
    5.833184003829956,
    5.815424025058746,
    5.825567960739136,
    5.817792057991028,
    5.8212480545043945,
    5.798047959804535,
    5.796064078807831,
    5.823264002799988,
    5.810208022594452,
    5.828256070613861,
    5.884479999542236,
    5.83872002363205,
    5.805568099021912,
    5.831743955612183,
    5.814784049987793,
    5.881056010723114,
    5.804992139339447,
    6.057471990585327,
    5.878463983535767,
    5.8994879722595215,
    5.894848048686981,
    5.820512056350708,
    5.87526398897171,
    5.852256119251251,
    5.8140480518341064,
    5.820320010185242,
    5.824896037578583,
    5.807776093482971,
    5.818304002285004,
    5.822176039218903,
    5.802495956420898,
    5.8064000606536865,
    5.823456048965454,
    5.824991941452026,
    5.799552023410797,
    5.815743982791901
  ]
}