{
  "label": "real_video_mid",
  "num_cells": 8,
  "num_tx": 4,
  "num_rx": 4,
  "mcs": 2,
  "hbm_pct": 23.4,
  "stats": {
    "name": "real_video_mid",
    "count": 100,
    "mean_ms": 7.005412160158158,
    "std_ms": 0.8780889325220304,
    "p50_ms": 6.8373119831085205,
    "p95_ms": 8.956438386440277,
    "p99_ms": 9.012059203982357,
    "min_ms": 6.070720016956329,
    "max_ms": 9.762399971485138,
    "jitter": 0.1253443641069373
  },
  "miss_1ms": 1.0,
  "raw": [
    7.066208064556122,
    6.960096001625061,
    7.523616015911102,
    7.295679986476898,
    7.134368002414703,
    6.952927947044373,
    7.568224012851715,
    7.642239928245544,
    7.3060160875320435,
    7.2413440346717834,
    7.219327986240387,
    7.102464020252228,
    7.318624019622803,
    6.839903950691223,
    6.921696066856384,
    7.130527973175049,
    7.198559939861298,
    6.9756800532341,
    7.188512086868286,
    7.178911983966827,
    7.2678080797195435,
    7.013535976409912,
    7.007487952709198,
    7.120383977890015,
    7.228223979473114,
    7.136672019958496,
    6.909024000167847,
    7.125887930393219,
    7.0295679569244385,
    7.017247974872589,
    6.834720015525818,
    7.057344019412994,
    7.291103959083557,
    6.915583968162537,
    6.591423988342285,
    6.315583944320679,
    6.31116795539856,
    6.343392014503479,
    6.396160006523132,
    6.34060800075531,
    6.150975942611694,
    6.441120088100433,
    6.302176058292389,
    6.361023962497711,
    6.584096014499664,
    6.354623973369598,
    6.274528086185455,
    6.232544004917145,
    6.187199950218201,
    6.458975970745087,
    6.365056037902832,
    6.1828800439834595,
    6.328096091747284,
    6.27648001909256,
    6.543456017971039,
    6.483839988708496,
    6.070720016956329,
    6.166591942310333,
    6.380255997180939,
    6.274655997753143,
    6.393631994724274,
    6.253087937831879,
    6.4327680468559265,
    6.263840079307556,
    6.5682560205459595,
    6.516832113265991,
    6.131168007850647,
    6.2189120054244995,
    6.332863926887512,
    6.272895932197571,
    6.1324480175971985,
    6.2750720381736755,
    6.145792126655579,
    9.762399971485138,
    6.3038400411605835,
    6.366815984249115,
    6.5759360790252686,
    6.398335933685303,
    6.0985599756240845,
    6.141664028167725,
    6.401152014732361,
    6.648767948150635,
    6.3960320353508,
    6.228319942951202,
    7.831744015216827,
    8.543359994888306,
    8.090304136276245,
    8.844895839691162,
    8.655935823917389,
    8.766528069972992,
    9.004480004310608,
    8.695071995258331,
    8.956319987773895,
    8.97318410873413,
    8.958687961101532,
    7.52783989906311,
    8.842879831790924,
    8.811680018901825,
    8.963328003883362,
    8.378432035446167
  ]
}