{
  "label": "conc_sm80",
  "num_cells": 20,
  "num_tx": 4,
  "num_rx": 4,
  "mcs": 2,
  "concurrent": true,
  "hbm_pct": 43.9,
  "stats": {
    "mean_ms": 16.503101139068605,
    "p50_ms": 14.598351955413818,
    "p95_ms": 19.271461105346628,
    "p99_ms": 43.55288566589371,
    "jitter": 0.47343722994488463
  },
  "miss_1ms": 1.0,
  "raw": [
    15.20083236694336,
    37.138240814208984,
    16.852863311767578,
    15.00649642944336,
    14.997599601745605,
    15.088128089904785,
    15.074496269226074,
    14.98521614074707,
    15.080544471740723,
    14.612992286682129,
    14.550944328308105,
    14.594976425170898,
    14.664863586425781,
    17.195648193359375,
    15.024352073669434,
    14.697440147399902,
    14.591744422912598,
    14.569727897644043,
    14.550592422485352,
    14.6876802444458,
    14.519455909729004,
    14.612064361572266,
    14.584192276000977,
    14.581855773925781,
    43.240318298339844,
    41.50569534301758,
    14.72976016998291,
    14.695615768432617,
    14.569055557250977,
    14.565279960632324,
    14.557855606079102,
    14.658720016479492,
    14.578271865844727,
    14.59011173248291,
    14.59984016418457,
    14.58687973022461,
    16.97475242614746,
    15.268256187438965,
    14.546688079833984,
    14.623040199279785,
    14.647680282592773,
    14.6244478225708,
    14.5829439163208,
    14.579808235168457,
    14.584159851074219,
    14.569087982177734,
    14.544095993041992,
    15.511679649353027,
    16.708192825317383,
    14.644512176513672,
    14.511775970458984,
    14.594752311706543,
    14.619359970092773,
    14.615039825439453,
    14.507807731628418,
    14.615424156188965,
    14.642047882080078,
    14.541184425354004,
    14.550047874450684,
    16.638015747070312,
    15.740287780761719,
    14.561792373657227,
    14.516287803649902,
    14.644384384155273,
    14.504799842834473,
    14.511648178100586,
    14.515104293823242,
    14.60035228729248,
    14.530400276184082,
    14.591327667236328,
    15.099807739257812,
    42.480224609375,
    14.537504196166992,
    14.596863746643066,
    14.541343688964844,
    14.546784400939941,
    15.184864044189453,
    14.884608268737793,
    14.64851188659668,
    14.552800178527832,
    14.52451229095459,
    14.580479621887207,
    16.315616607666016,
    15.842399597167969,
    14.547264099121094,
    14.554335594177246,
    14.620223999023438,
    14.657919883728027,
    14.641535758972168,
    14.591391563415527,
    14.554464340209961,
    14.514656066894531,
    14.496992111206055,
    18.331104278564453,
    74.49705505371094,
    14.533472061157227,
    14.502464294433594,
    14.531519889831543,
    14.509407997131348,
    14.588447570800781
  ]
}