{
  "label": "conc_sm60",
  "num_cells": 20,
  "num_tx": 4,
  "num_rx": 4,
  "mcs": 2,
  "concurrent": true,
  "hbm_pct": 43.7,
  "stats": {
    "mean_ms": 16.37083962440491,
    "p50_ms": 14.630751609802246,
    "p95_ms": 18.45831174850463,
    "p99_ms": 57.971533393859886,
    "jitter": 0.4304785317727693
  },
  "miss_1ms": 1.0,
  "raw": [
    16.747711181640625,
    18.309951782226562,
    18.02720069885254,
    14.663776397705078,
    14.604767799377441,
    14.620512008666992,
    14.561311721801758,
    14.575008392333984,
    14.600704193115234,
    14.729887962341309,
    14.620256423950195,
    14.611359596252441,
    14.547231674194336,
    43.476287841796875,
    15.001983642578125,
    17.578847885131836,
    14.63491153717041,
    14.63161563873291,
    14.598015785217285,
    14.672672271728516,
    14.790304183959961,
    14.584768295288086,
    14.629887580871582,
    14.808832168579102,
    15.65180778503418,
    16.51375961303711,
    14.61961555480957,
    14.62822437286377,
    14.716608047485352,
    14.603360176086426,
    14.606399536132812,
    14.644543647766113,
    14.60313606262207,
    14.56339168548584,
    14.561504364013672,
    14.5513916015625,
    62.52214431762695,
    26.370975494384766,
    14.571488380432129,
    14.617440223693848,
    14.57436752319336,
    14.728480339050293,
    17.399808883666992,
    14.610272407531738,
    14.55241584777832,
    14.683199882507324,
    14.663776397705078,
    15.508576393127441,
    16.843616485595703,
    14.616800308227539,
    14.549344062805176,
    14.633631706237793,
    14.549663543701172,
    14.607935905456543,
    14.588031768798828,
    14.589407920837402,
    14.643263816833496,
    14.654623985290527,
    14.648544311523438,
    16.63587188720703,
    16.201311111450195,
    14.639007568359375,
    14.645279884338379,
    14.605600357055664,
    14.601119995117188,
    14.659616470336914,
    14.572671890258789,
    14.643775939941406,
    14.622112274169922,
    14.60812759399414,
    15.095871925354004,
    17.095455169677734,
    17.13523292541504,
    14.574560165405273,
    14.580991744995117,
    14.663264274597168,
    14.678496360778809,
    14.584063529968262,
    14.573887825012207,
    14.68175983428955,
    14.60534381866455,
    14.538559913635254,
    16.550655364990234,
    15.969632148742676,
    14.641247749328613,
    15.09763240814209,
    14.559103965759277,
    14.597824096679688,
    14.60863971710205,
    14.73193645477295,
    14.616031646728516,
    14.574463844299316,
    14.614975929260254,
    21.277151107788086,
    57.925567626953125,
    14.635647773742676,
    14.623647689819336,
    14.558719635009766,
    14.589632034301758,
    17.050111770629883
  ]
}