{
  "label": "72b_baseline",
  "stats": {
    "name": "72b_baseline",
    "count": 100,
    "mean_ms": 2.00775393307209,
    "std_ms": 2.3971301188854546,
    "p50_ms": 1.0723679661750793,
    "p95_ms": 7.933910632133483,
    "p99_ms": 8.89831287384035,
    "min_ms": 0.8425279855728149,
    "max_ms": 12.231904029846191,
    "jitter": 1.1939362087153653
  },
  "miss_1ms": 0.6,
  "raw": [
    1.1239999532699585,
    0.8507519960403442,
    1.1397759914398193,
    0.8595839738845825,
    1.117568016052246,
    0.9071999788284302,
    1.0782400369644165,
    0.8599680066108704,
    1.0861120223999023,
    3.210400104522705,
    8.226592063903809,
    3.3641281127929688,
    12.231904029846191,
    0.8712959885597229,
    1.111199975013733,
    0.8558080196380615,
    1.088320016860962,
    0.8531200289726257,
    1.0913280248641968,
    0.8447679877281189,
    1.0678720474243164,
    0.8877120018005371,
    1.0700160264968872,
    0.8877120018005371,
    1.0722559690475464,
    0.8666239976882935,
    1.0724799633026123,
    0.8582080006599426,
    1.0718079805374146,
    0.8487679958343506,
    8.086784362792969,
    3.132767915725708,
    6.7020158767700195,
    2.7695999145507812,
    1.1503039598464966,
    0.8813440203666687,
    1.149791955947876,
    0.8496639728546143,
    1.082144021987915,
    0.8484159708023071,
    1.130303978919983,
    0.8822720050811768,
    1.073248028755188,
    0.8490560054779053,
    1.0725760459899902,
    0.843392014503479,
    1.1110080480575562,
    0.8425279855728149,
    1.0866559743881226,
    0.864575982093811,
    7.926368236541748,
    2.8071041107177734,
    8.077216148376465,
    2.977695941925049,
    1.1030399799346924,
    0.8992959856987,
    1.0732799768447876,
    0.8520960211753845,
    1.071455955505371,
    0.8468480110168457,
    1.076159954071045,
    0.8707839846611023,
    1.0727360248565674,
    0.9024320244789124,
    1.0727039575576782,
    0.846176028251648,
    1.0797760486602783,
    0.846015989780426,
    1.0696959495544434,
    0.8474879860877991,
    7.6800642013549805,
    8.864640235900879,
    7.358816146850586,
    3.517119884490967,
    1.0739519596099854,
    0.8452479839324951,
    1.0786559581756592,
    0.8610879778862,
    1.0898879766464233,
    0.8962240219116211,
    1.1222079992294312,
    0.8487039804458618,
    1.117535948753357,
    0.8902400135993958,
    1.0705599784851074,
    0.846015989780426,
    1.0880000591278076,
    0.8924480080604553,
    1.0709120035171509,
    0.8446400165557861,
    7.560863971710205,
    2.538304090499878,
    7.659520149230957,
    7.895616054534912,
    1.1294399499893188,
    0.8505600094795227,
    1.0661760568618774,
    0.8508800268173218,
    1.069216012954712,
    0.8955199718475342
  ]
}