{
  "label": "s4n4g_resnet_nid003956_g0",
  "num_cells": 8,
  "graph_mode": 1,
  "mode": "GRAPH",
  "mean_ms": 2.2328076684474945,
  "per_cell_ms": 0.2791009585559368,
  "p95_ms": 4.222398483753203,
  "p99_ms": 4.540705575942993,
  "miss_1ms": 0.94,
  "raw": [
    4.500160217285156,
    3.8239998817443848,
    3.4341440200805664,
    2.207360029220581,
    2.495039939880371,
    1.6273280382156372,
    1.3771840333938599,
    1.498047947883606,
    1.3156800270080566,
    1.5691839456558228,
    0.978335976600647,
    2.8101439476013184,
    2.7464959621429443,
    3.7315518856048584,
    4.52675199508667,
    2.6873600482940674,
    2.223968029022217,
    2.5820798873901367,
    1.3947839736938477,
    1.404863953590393,
    0.9651520252227783,
    1.3462079763412476,
    1.5618560314178467,
    1.0109119415283203,
    2.823040008544922,
    2.753727912902832,
    3.878079891204834,
    4.554111957550049,
    2.678368091583252,
    2.2491838932037354,
    2.595072031021118,
    1.6150399446487427,
    1.4114880561828613,
    1.5168319940567017,
    1.4570879936218262,
    1.4544960260391235,
    0.9807999730110168,
    2.8080639839172363,
    2.7649919986724854,
    3.8829119205474854,
    3.8527040481567383,
    2.2324159145355225,
    2.24070405960083,
    2.098144054412842,
    1.3808319568634033,
    1.3898240327835083,
    1.1830719709396362,
    1.3272000551223755,
    1.6583679914474487,
    1.0352319478988647
  ]
}