{
  "label": "mig32_4n_base_nid001540_g0",
  "num_cells": 8,
  "graph_mode": 1,
  "mode": "GRAPH",
  "mean_ms": 0.46761279881000517,
  "per_cell_ms": 0.058451599851250646,
  "p95_ms": 0.47033279687166213,
  "p99_ms": 0.47223583340644837,
  "miss_1ms": 0.0,
  "raw": [
    0.4671359956264496,
    0.4679679870605469,
    0.4694400131702423,
    0.4681279957294464,
    0.4678719937801361,
    0.4694080054759979,
    0.4691520035266876,
    0.46723198890686035,
    0.4689280092716217,
    0.4691520035266876,
    0.47360000014305115,
    0.46716800332069397,
    0.4671039879322052,
    0.4684480130672455,
    0.4705919921398163,
    0.4663679897785187,
    0.46665599942207336,
    0.4688960015773773,
    0.46857601404190063,
    0.469760000705719,
    0.46748799085617065,
    0.4687359929084778,
    0.4692800045013428,
    0.46563199162483215,
    0.46566399931907654,
    0.4670400023460388,
    0.4700160026550293,
    0.4672960042953491,
    0.46639999747276306,
    0.4668479859828949,
    0.4665600061416626,
    0.4694400131702423,
    0.4646719992160797,
    0.46700799465179443,
    0.4708159863948822,
    0.4649919867515564,
    0.4651840031147003,
    0.4671359956264496,
    0.4678719937801361,
    0.46665599942207336,
    0.46563199162483215,
    0.4674240052700043,
    0.468095988035202,
    0.46588799357414246,
    0.46480000019073486,
    0.4652479887008667,
    0.4684160053730011,
    0.4667840003967285,
    0.4652160108089447,
    0.4668160080909729
  ]
}