{
  "label": "s2n4g_resnet_nid002689_g2",
  "num_cells": 8,
  "graph_mode": 1,
  "mode": "GRAPH",
  "mean_ms": 0.43623423933982847,
  "per_cell_ms": 0.05452927991747856,
  "p95_ms": 0.43964640498161317,
  "p99_ms": 0.4523241502046585,
  "miss_1ms": 0.0,
  "raw": [
    0.43401598930358887,
    0.43510401248931885,
    0.4352959990501404,
    0.4333440065383911,
    0.43484801054000854,
    0.4344640076160431,
    0.435232013463974,
    0.43427199125289917,
    0.435232013463974,
    0.4350399971008301,
    0.43513599038124084,
    0.4325439929962158,
    0.43276798725128174,
    0.4341759979724884,
    0.4355520009994507,
    0.4350079894065857,
    0.4350399971008301,
    0.4346559941768646,
    0.43382400274276733,
    0.43379199504852295,
    0.43536001443862915,
    0.43558400869369507,
    0.4384320080280304,
    0.4355199933052063,
    0.435808002948761,
    0.43744000792503357,
    0.43696001172065735,
    0.4367679953575134,
    0.4371199905872345,
    0.43769600987434387,
    0.44064000248908997,
    0.4355199933052063,
    0.43564799427986145,
    0.4338560104370117,
    0.43619200587272644,
    0.43513599038124084,
    0.4480319917201996,
    0.4368320107460022,
    0.4357759952545166,
    0.4341759979724884,
    0.4564479887485504,
    0.4368320107460022,
    0.4371199905872345,
    0.43513599038124084,
    0.43513599038124084,
    0.43769600987434387,
    0.43747198581695557,
    0.43587198853492737,
    0.4347839951515198,
    0.4373759925365448
  ]
}