{
  "label": "s4n4g_gpt2_nid003952_g3",
  "num_cells": 8,
  "graph_mode": 1,
  "mode": "GRAPH",
  "mean_ms": 0.438647677898407,
  "per_cell_ms": 0.05483095973730087,
  "p95_ms": 0.45371360033750535,
  "p99_ms": 0.4770300775766372,
  "miss_1ms": 0.0,
  "raw": [
    0.4344319999217987,
    0.43487998843193054,
    0.43516799807548523,
    0.43542400002479553,
    0.43379199504852295,
    0.42841601371765137,
    0.4384959936141968,
    0.45372799038887024,
    0.43539199233055115,
    0.43769600987434387,
    0.4453119933605194,
    0.43692800402641296,
    0.442111998796463,
    0.43724799156188965,
    0.4381760060787201,
    0.43513599038124084,
    0.43327999114990234,
    0.4352000057697296,
    0.43584001064300537,
    0.4349440038204193,
    0.4331839978694916,
    0.43561598658561707,
    0.49379199743270874,
    0.45023998618125916,
    0.4338879883289337,
    0.45958399772644043,
    0.4349440038204193,
    0.43775999546051025,
    0.43379199504852295,
    0.4352000057697296,
    0.4350399971008301,
    0.435263991355896,
    0.4343680143356323,
    0.436383992433548,
    0.4344959855079651,
    0.43542400002479553,
    0.435808002948761,
    0.43830400705337524,
    0.4352959990501404,
    0.43513599038124084,
    0.43564799427986145,
    0.4342400133609772,
    0.4442879855632782,
    0.4413119852542877,
    0.4334079921245575,
    0.45369601249694824,
    0.4306879937648773,
    0.43590399622917175,
    0.43852800130844116,
    0.4395520091056824
  ]
}