{
  "label": "q32b1n_qwen32b_nid001461_g0",
  "num_cells": 8,
  "graph_mode": 1,
  "mode": "GRAPH",
  "mean_ms": 0.44409664034843443,
  "per_cell_ms": 0.055512080043554304,
  "p95_ms": 0.4500000119209289,
  "p99_ms": 0.45411872416734694,
  "miss_1ms": 0.0,
  "raw": [
    0.44438400864601135,
    0.44268798828125,
    0.4434239864349365,
    0.4419519901275635,
    0.45523199439048767,
    0.44444799423217773,
    0.44259199500083923,
    0.44207999110221863,
    0.44249600172042847,
    0.4460799992084503,
    0.44518399238586426,
    0.44332799315452576,
    0.4418880045413971,
    0.4453119933605194,
    0.4440000057220459,
    0.44278401136398315,
    0.44700801372528076,
    0.4427199959754944,
    0.4437440037727356,
    0.4442239999771118,
    0.44284799695014954,
    0.44223999977111816,
    0.4434559941291809,
    0.44249600172042847,
    0.4455679953098297,
    0.4454079866409302,
    0.44310399889945984,
    0.4435200095176697,
    0.4434559941291809,
    0.44489601254463196,
    0.44249600172042847,
    0.4410240054130554,
    0.4427199959754944,
    0.44489601254463196,
    0.44419199228286743,
    0.4423680007457733,
    0.4418559968471527,
    0.44304001331329346,
    0.44416001439094543,
    0.4429120123386383,
    0.4529600143432617,
    0.44275200366973877,
    0.44492799043655396,
    0.44336000084877014,
    0.44124799966812134,
    0.4435200095176697,
    0.4435200095176697,
    0.4434239864349365,
    0.44444799423217773,
    0.4524480104446411
  ]
}