{
  "label": "m4n_baseline_nid001760_g3",
  "num_cells": 8,
  "graph_mode": 1,
  "mode": "GRAPH",
  "mean_ms": 0.4338259196281433,
  "per_cell_ms": 0.054228239953517915,
  "p95_ms": 0.4360175937414169,
  "p99_ms": 0.43836159974336625,
  "miss_1ms": 0.0,
  "raw": [
    0.434112012386322,
    0.4344959855079651,
    0.4357759952545166,
    0.4345279932022095,
    0.43382400274276733,
    0.43459200859069824,
    0.4350399971008301,
    0.4322560131549835,
    0.43427199125289917,
    0.4344959855079651,
    0.43516799807548523,
    0.4331200122833252,
    0.4318079948425293,
    0.43215999007225037,
    0.434688001871109,
    0.4338560104370117,
    0.4336000084877014,
    0.4328320026397705,
    0.4333440065383911,
    0.434112012386322,
    0.4334399998188019,
    0.434143990278244,
    0.4360319972038269,
    0.4328640103340149,
    0.43171200156211853,
    0.43276798725128174,
    0.4325439929962158,
    0.4333440065383911,
    0.43116798996925354,
    0.4359999895095825,
    0.4350079894065857,
    0.43398401141166687,
    0.4317759871482849,
    0.432096004486084,
    0.4342080056667328,
    0.4320639967918396,
    0.4325439929962158,
    0.4328640103340149,
    0.43961599469184875,
    0.4354560077190399,
    0.43296000361442566,
    0.4345279932022095,
    0.43327999114990234,
    0.4314559996128082,
    0.4333440065383911,
    0.43516799807548523,
    0.43593600392341614,
    0.4311999976634979,
    0.4346559941768646,
    0.4370560050010681
  ]
}