{
  "label": "conc_sm10",
  "num_cells": 20,
  "num_tx": 4,
  "num_rx": 4,
  "mcs": 2,
  "concurrent": true,
  "hbm_pct": 43.1,
  "stats": {
    "mean_ms": 17.11663966178894,
    "p50_ms": 15.125199794769287,
    "p95_ms": 20.8353335380554,
    "p99_ms": 55.10754833221438,
    "jitter": 0.44221265510644814
  },
  "miss_1ms": 1.0,
  "raw": [
    17.411584854125977,
    55.06163024902344,
    49.53510284423828,
    15.131168365478516,
    15.172639846801758,
    17.929088592529297,
    15.09398365020752,
    15.106240272521973,
    15.10598373413086,
    15.146240234375,
    15.139616012573242,
    15.159168243408203,
    15.149120330810547,
    17.74995231628418,
    15.569087982177734,
    15.287967681884766,
    15.06169605255127,
    15.127008438110352,
    15.122400283813477,
    15.170944213867188,
    15.248703956604004,
    15.156864166259766,
    15.115455627441406,
    15.123616218566895,
    16.397855758666992,
    17.17024040222168,
    15.178272247314453,
    15.0797119140625,
    15.121631622314453,
    15.203359603881836,
    15.142623901367188,
    15.064191818237305,
    15.061984062194824,
    15.062432289123535,
    17.934911727905273,
    15.066783905029297,
    17.4484806060791,
    15.765312194824219,
    15.040575981140137,
    15.207232475280762,
    15.184831619262695,
    15.034048080444336,
    15.007935523986816,
    15.061087608337402,
    15.256928443908691,
    15.03667163848877,
    14.985695838928223,
    15.873632431030273,
    17.23721694946289,
    15.064895629882812,
    15.164223670959473,
    15.058048248291016,
    14.995871543884277,
    15.020095825195312,
    15.112031936645508,
    15.134207725524902,
    15.068863868713379,
    15.044384002685547,
    15.020352363586426,
    17.10335922241211,
    15.990240097045898,
    15.096799850463867,
    15.115008354187012,
    17.911808013916016,
    15.106271743774414,
    15.088512420654297,
    15.020223617553711,
    15.124959945678711,
    15.147904396057129,
    15.09660816192627,
    26.659488677978516,
    48.771488189697266,
    15.125439643859863,
    15.035327911376953,
    15.124256134033203,
    15.024031639099121,
    15.070528030395508,
    15.063776016235352,
    15.129440307617188,
    15.17136001586914,
    14.993408203125,
    15.021183967590332,
    16.82748794555664,
    16.32793617248535,
    15.027775764465332,
    15.019552230834961,
    15.159744262695312,
    15.311871528625488,
    15.266655921936035,
    17.935039520263672,
    15.162848472595215,
    15.107616424560547,
    14.946880340576172,
    20.528799057006836,
    59.653438568115234,
    15.099776268005371,
    14.9966402053833,
    15.00220775604248,
    15.025983810424805,
    15.090399742126465
  ]
}