{
  "label": "q32b2n_baseline_nid001641_g2",
  "num_cells": 8,
  "graph_mode": 1,
  "mode": "GRAPH",
  "mean_ms": 0.4352876788377762,
  "per_cell_ms": 0.054410959854722024,
  "p95_ms": 0.43859198689460754,
  "p99_ms": 0.4506959989666938,
  "miss_1ms": 0.0,
  "raw": [
    0.4341759979724884,
    0.4368959963321686,
    0.4396800100803375,
    0.4357759952545166,
    0.434143990278244,
    0.4362240135669708,
    0.43331199884414673,
    0.4328959882259369,
    0.43401598930358887,
    0.43612799048423767,
    0.43513599038124084,
    0.43401598930358887,
    0.43753600120544434,
    0.4350079894065857,
    0.43456000089645386,
    0.43375998735427856,
    0.4333760142326355,
    0.43641600012779236,
    0.43615999817848206,
    0.43753600120544434,
    0.43324801325798035,
    0.4365119934082031,
    0.4334079921245575,
    0.43398401141166687,
    0.43481600284576416,
    0.435808002948761,
    0.43302398920059204,
    0.43568000197410583,
    0.43347200751304626,
    0.4359680116176605,
    0.43356800079345703,
    0.4329279959201813,
    0.43193599581718445,
    0.4329279959201813,
    0.4322560131549835,
    0.4320639967918396,
    0.43193599581718445,
    0.43724799156188965,
    0.4336000084877014,
    0.4339520037174225,
    0.4333760142326355,
    0.43382400274276733,
    0.43347200751304626,
    0.4320639967918396,
    0.434112012386322,
    0.43859198689460754,
    0.43772798776626587,
    0.4362559914588928,
    0.4612799882888794,
    0.43859198689460754
  ]
}