{
  "label": "m2n_full_nid001373_g0",
  "num_cells": 8,
  "graph_mode": 1,
  "mode": "GRAPH",
  "mean_ms": 0.9419487953186035,
  "per_cell_ms": 0.11774359941482544,
  "p95_ms": 1.056240016222,
  "p99_ms": 1.1190745341777801,
  "miss_1ms": 0.32,
  "raw": [
    0.9733759760856628,
    0.8717120289802551,
    0.8769599795341492,
    1.0248960256576538,
    0.8675519824028015,
    1.0488320589065552,
    0.8727999925613403,
    1.049023985862732,
    0.9291520118713379,
    0.9383999705314636,
    0.9070079922676086,
    1.0257920026779175,
    0.7327679991722107,
    0.8650879859924316,
    0.9975039958953857,
    0.877888023853302,
    0.9648320078849792,
    0.8609920144081116,
    0.9436799883842468,
    1.0181119441986084,
    0.9650239944458008,
    0.8601599931716919,
    0.8777599930763245,
    1.011199951171875,
    0.8941760063171387,
    1.1091519594192505,
    0.8949440121650696,
    1.0218240022659302,
    0.8880000114440918,
    1.128607988357544,
    0.8752319812774658,
    1.0162559747695923,
    0.8650559782981873,
    1.0294079780578613,
    0.8863360285758972,
    1.027519941329956,
    0.8760319948196411,
    1.0425920486450195,
    0.9721919894218445,
    1.0233279466629028,
    0.6937919855117798,
    0.8730239868164062,
    0.9399999976158142,
    0.926688015460968,
    1.0621440410614014,
    0.8889920115470886,
    0.9300479888916016,
    0.9619839787483215,
    1.0328960418701172,
    0.8767039775848389
  ]
}