{
  "label": "8cell_diff_resnet",
  "num_cells": 8,
  "hbm_used_pct": 20.0,
  "stats": {
    "name": "8cell_diff_resnet",
    "count": 100,
    "mean_ms": 7.595648648142815,
    "std_ms": 1.5295797484460794,
    "p50_ms": 6.808944016695023,
    "p95_ms": 11.201899045705794,
    "p99_ms": 12.131194453835489,
    "min_ms": 6.498784124851227,
    "max_ms": 12.539296090602875,
    "jitter": 0.20137579017956175
  },
  "miss_1ms": 1.0,
  "raw": [
    8.784223914146423,
    6.745504021644592,
    6.843424022197723,
    6.919744074344635,
    6.712959945201874,
    6.725887954235077,
    6.792128026485443,
    10.617823779582977,
    6.76230400800705,
    6.680544018745422,
    11.184735834598541,
    6.846496105194092,
    8.085568130016327,
    6.903648018836975,
    6.767423987388611,
    6.730720043182373,
    6.765792071819305,
    6.589152038097382,
    6.620991945266724,
    6.994400084018707,
    12.040063917636871,
    6.784544050693512,
    10.044863939285278,
    6.918176054954529,
    7.885855972766876,
    6.817664086818695,
    6.580032050609589,
    6.728064000606537,
    6.863167941570282,
    6.676416099071503,
    10.370591819286346,
    6.793760061264038,
    11.70985597372055,
    6.7539520263671875,
    7.8749120235443115,
    6.600639998912811,
    7.097920000553131,
    6.893471956253052,
    6.762623965740204,
    8.44486403465271,
    6.756384074687958,
    12.127072215080261,
    6.69951993227005,
    6.813152015209198,
    7.365887999534607,
    6.827712059020996,
    6.727231979370117,
    9.192544043064117,
    6.725184082984924,
    9.667776048183441,
    6.753664016723633,
    7.894560098648071,
    6.805343985557556,
    6.629983961582184,
    6.627807974815369,
    6.6461440324783325,
    6.894528031349182,
    6.844799995422363,
    6.6607359647750854,
    11.528000056743622,
    6.799583971500397,
    10.63286405801773,
    6.849951982498169,
    6.666911959648132,
    8.38966417312622,
    6.7859519720077515,
    6.702016055583954,
    6.7707520723342896,
    6.6775999665260315,
    12.539296090602875,
    6.833343982696533,
    8.940159916877747,
    8.952032029628754,
    7.1069119572639465,
    7.822208106517792,
    6.8081600069999695,
    6.671392023563385,
    6.7187840938568115,
    6.642656028270721,
    10.424127995967865,
    6.685568034648895,
    6.498784124851227,
    10.752064049243927,
    6.687295973300934,
    6.813119947910309,
    6.829247951507568,
    6.672576010227203,
    6.793631970882416,
    6.743871986865997,
    6.8580480217933655,
    9.148959875106812,
    6.743135929107666,
    9.574911952018738,
    6.704832077026367,
    8.863935947418213,
    6.809728026390076,
    6.775264024734497,
    8.835807919502258,
    6.512992024421692,
    6.623775959014893
  ]
}