{
  "label": "q32b4n_qwen32b_nid001764_g1",
  "num_cells": 8,
  "graph_mode": 1,
  "mode": "GRAPH",
  "mean_ms": 0.43530559957027437,
  "per_cell_ms": 0.054413199946284296,
  "p95_ms": 0.4423360005021095,
  "p99_ms": 0.4437472039461136,
  "miss_1ms": 0.0,
  "raw": [
    0.4331519901752472,
    0.4343999922275543,
    0.43408000469207764,
    0.4331200122833252,
    0.43347200751304626,
    0.4343680143356323,
    0.4347839951515198,
    0.4352959990501404,
    0.43171200156211853,
    0.43404799699783325,
    0.4352959990501404,
    0.4344959855079651,
    0.43513599038124084,
    0.4387519955635071,
    0.4360960125923157,
    0.43273600935935974,
    0.43913599848747253,
    0.4343680143356323,
    0.43302398920059204,
    0.4334079921245575,
    0.43212801218032837,
    0.43353599309921265,
    0.44390401244163513,
    0.43408000469207764,
    0.4354560077190399,
    0.4349119961261749,
    0.43459200859069824,
    0.43462398648262024,
    0.4341759979724884,
    0.4426240026950836,
    0.43327999114990234,
    0.4336319863796234,
    0.43404799699783325,
    0.44358399510383606,
    0.43487998843193054,
    0.4375999867916107,
    0.4350399971008301,
    0.436383992433548,
    0.4343680143356323,
    0.43459200859069824,
    0.4338879883289337,
    0.4342080056667328,
    0.44073599576950073,
    0.43238401412963867,
    0.43241599202156067,
    0.4355520009994507,
    0.43481600284576416,
    0.44198399782180786,
    0.4342080056667328,
    0.4367679953575134
  ]
}