{
  "label": "m2n_baseline_nid001373_g0",
  "num_cells": 8,
  "graph_mode": 1,
  "mode": "GRAPH",
  "mean_ms": 0.4323065590858459,
  "per_cell_ms": 0.05403831988573074,
  "p95_ms": 0.43680479824543,
  "p99_ms": 0.43811680167913436,
  "miss_1ms": 0.0,
  "raw": [
    0.4350399971008301,
    0.43699198961257935,
    0.43644800782203674,
    0.4352000057697296,
    0.435263991355896,
    0.4365760087966919,
    0.4291200041770935,
    0.43171200156211853,
    0.43427199125289917,
    0.42899200320243835,
    0.4283519983291626,
    0.43375998735427856,
    0.43404799699783325,
    0.42953601479530334,
    0.434143990278244,
    0.4352959990501404,
    0.43427199125289917,
    0.43536001443862915,
    0.43590399622917175,
    0.43036800622940063,
    0.42684799432754517,
    0.435263991355896,
    0.4291200041770935,
    0.4286080002784729,
    0.43913599848747253,
    0.4370560050010681,
    0.42825600504875183,
    0.4346559941768646,
    0.4349440038204193,
    0.4360640048980713,
    0.4270080029964447,
    0.43190398812294006,
    0.43139201402664185,
    0.43350398540496826,
    0.435263991355896,
    0.42473599314689636,
    0.4309439957141876,
    0.4270080029964447,
    0.4334079921245575,
    0.42476800084114075,
    0.4310399889945984,
    0.42796799540519714,
    0.42790400981903076,
    0.4317440092563629,
    0.4327999949455261,
    0.4334399998188019,
    0.4336639940738678,
    0.43244799971580505,
    0.43513599038124084,
    0.4286400079727173
  ]
}