{
  "label": "mig72_4n_qwen_nid008632_g3",
  "num_cells": 8,
  "graph_mode": 1,
  "mode": "GRAPH",
  "mean_ms": 0.5128646385669708,
  "per_cell_ms": 0.06410807982087136,
  "p95_ms": 0.5507743924856185,
  "p99_ms": 0.5721680003404617,
  "miss_1ms": 0.0,
  "raw": [
    0.5078399777412415,
    0.5031039714813232,
    0.5298240184783936,
    0.5060480237007141,
    0.5578879714012146,
    0.5363839864730835,
    0.5090879797935486,
    0.5018240213394165,
    0.5135359764099121,
    0.5159040093421936,
    0.5041279792785645,
    0.4891839921474457,
    0.5109120011329651,
    0.5103359818458557,
    0.4984000027179718,
    0.5407360196113586,
    0.4933440089225769,
    0.5032320022583008,
    0.5103999972343445,
    0.5188159942626953,
    0.5153599977493286,
    0.5008320212364197,
    0.500544011592865,
    0.49379199743270874,
    0.4982079863548279,
    0.502623975276947,
    0.4991680085659027,
    0.49907198548316956,
    0.5149760246276855,
    0.4963200092315674,
    0.49721598625183105,
    0.49107199907302856,
    0.5028799772262573,
    0.48281601071357727,
    0.5326399803161621,
    0.5097600221633911,
    0.5264319777488708,
    0.5858880281448364,
    0.5015040040016174,
    0.5149760246276855,
    0.503711998462677,
    0.5231999754905701,
    0.5561599731445312,
    0.5110719799995422,
    0.5441920161247253,
    0.5276479721069336,
    0.5112320184707642,
    0.4981440007686615,
    0.5214080214500427,
    0.5194560289382935
  ]
}