{
  "label": "mig32_4n_base_nid001537_g3",
  "num_cells": 8,
  "graph_mode": 1,
  "mode": "GRAPH",
  "mean_ms": 0.4683155196905136,
  "per_cell_ms": 0.0585394399613142,
  "p95_ms": 0.4740831956267357,
  "p99_ms": 0.478261441886425,
  "miss_1ms": 0.0,
  "raw": [
    0.47468799352645874,
    0.4779840111732483,
    0.46828800439834595,
    0.4675840139389038,
    0.4684480130672455,
    0.4785279929637909,
    0.46806401014328003,
    0.4663679897785187,
    0.4668160080909729,
    0.46886399388313293,
    0.4689599871635437,
    0.46726399660110474,
    0.46643200516700745,
    0.46672001481056213,
    0.4721280038356781,
    0.4656960070133209,
    0.4660159945487976,
    0.4677119851112366,
    0.46563199162483215,
    0.46803200244903564,
    0.4649919867515564,
    0.46700799465179443,
    0.46726399660110474,
    0.46489599347114563,
    0.4673919975757599,
    0.4677119851112366,
    0.46806401014328003,
    0.466592013835907,
    0.4731839895248413,
    0.46566399931907654,
    0.46751999855041504,
    0.46566399931907654,
    0.4670400023460388,
    0.4673599898815155,
    0.4689599871635437,
    0.46668800711631775,
    0.46639999747276306,
    0.4684799909591675,
    0.4673599898815155,
    0.46665599942207336,
    0.4672960042953491,
    0.4681920111179352,
    0.4679360091686249,
    0.47046399116516113,
    0.4665279984474182,
    0.4689280092716217,
    0.47334399819374084,
    0.4718720018863678,
    0.4660800099372864,
    0.4700160026550293
  ]
}