{
  "label": "q32b4n_qwen32b_nid001764_g3",
  "num_cells": 8,
  "graph_mode": 1,
  "mode": "GRAPH",
  "mean_ms": 1.0918284755945207,
  "per_cell_ms": 0.13647855944931508,
  "p95_ms": 3.3188175320625293,
  "p99_ms": 6.4752280473709,
  "miss_1ms": 0.2,
  "raw": [
    2.6842880249023438,
    0.582207977771759,
    3.5482239723205566,
    0.681119978427887,
    2.9470720291137695,
    1.6338880062103271,
    3.6569600105285645,
    0.7563520073890686,
    2.714816093444824,
    2.7852160930633545,
    3.0384318828582764,
    2.873728036880493,
    0.623583972454071,
    9.182975769042969,
    0.4967679977416992,
    0.47436800599098206,
    0.4689919948577881,
    0.47391998767852783,
    0.46956801414489746,
    0.4676479995250702,
    0.46825599670410156,
    0.46854400634765625,
    0.4689919948577881,
    0.4679679870605469,
    0.46902400255203247,
    0.4731839895248413,
    0.4695039987564087,
    0.468639999628067,
    0.4677119851112366,
    0.46902400255203247,
    0.46220800280570984,
    0.46726399660110474,
    0.46556800603866577,
    0.4686720073223114,
    0.4687359929084778,
    0.4679679870605469,
    0.46691200137138367,
    0.466623991727829,
    0.47302401065826416,
    0.4668799936771393,
    0.46835198998451233,
    0.46908798813819885,
    0.4663040041923523,
    0.4668799936771393,
    0.46723198890686035,
    0.46745601296424866,
    0.4662399888038635,
    0.4577600061893463,
    0.4681279957294464,
    0.4691520035266876
  ]
}