{
  "label": "s4n4g_resnet_nid003952_g1",
  "num_cells": 8,
  "graph_mode": 1,
  "mode": "GRAPH",
  "mean_ms": 0.4353657615184784,
  "per_cell_ms": 0.0544207201898098,
  "p95_ms": 0.44324640184640884,
  "p99_ms": 0.44877600103616716,
  "miss_1ms": 0.0,
  "raw": [
    0.4342080056667328,
    0.4357439875602722,
    0.4275200068950653,
    0.434112012386322,
    0.435232013463974,
    0.4294399917125702,
    0.4461120069026947,
    0.4347519874572754,
    0.44755199551582336,
    0.4296959936618805,
    0.4354560077190399,
    0.43590399622917175,
    0.4344319999217987,
    0.43619200587272644,
    0.43513599038124084,
    0.4336639940738678,
    0.43456000089645386,
    0.43510401248931885,
    0.4357439875602722,
    0.43584001064300537,
    0.4355199933052063,
    0.4396800100803375,
    0.43510401248931885,
    0.4349760115146637,
    0.43481600284576416,
    0.4357120096683502,
    0.43561598658561707,
    0.43401598930358887,
    0.43696001172065735,
    0.4286400079727173,
    0.44995200634002686,
    0.4336000084877014,
    0.43827199935913086,
    0.4288960099220276,
    0.4352959990501404,
    0.438400000333786,
    0.42739200592041016,
    0.4288640022277832,
    0.43564799427986145,
    0.4365119934082031,
    0.4349760115146637,
    0.43612799048423767,
    0.4365760087966919,
    0.434112012386322,
    0.4355520009994507,
    0.4397439956665039,
    0.4357759952545166,
    0.4349119961261749,
    0.4343680143356323,
    0.43587198853492737
  ]
}