{
  "label": "nrx_baseline_final",
  "num_cells": 8,
  "num_tx": 4,
  "num_rx": 4,
  "mcs": 2,
  "hbm_pct": 19.4,
  "stats": {
    "name": "nrx_baseline_final",
    "count": 100,
    "mean_ms": 6.207098881006241,
    "std_ms": 0.44044551542965965,
    "p50_ms": 5.91883197426796,
    "p95_ms": 6.839911991357804,
    "p99_ms": 6.954572463631635,
    "min_ms": 5.849087953567505,
    "max_ms": 7.912544071674347,
    "jitter": 0.07095835331017934
  },
  "miss_1ms": 1.0,
  "raw": [
    6.87254399061203,
    6.839583992958069,
    6.829536020755768,
    6.758816063404083,
    6.735328018665314,
    6.774783968925476,
    6.723167955875397,
    6.749567985534668,
    6.761280000209808,
    6.7093119621276855,
    6.94489598274231,
    6.751743972301483,
    6.7098881006240845,
    6.854207992553711,
    6.846143960952759,
    6.7700159549713135,
    6.743136048316956,
    6.721568167209625,
    6.728543996810913,
    6.8173439502716064,
    6.7523199915885925,
    6.762144029140472,
    6.7379520535469055,
    6.7063679695129395,
    6.722432017326355,
    6.8154560923576355,
    6.728959918022156,
    6.789632022380829,
    6.731424033641815,
    6.7257919907569885,
    6.737504005432129,
    6.771648049354553,
    6.522623956203461,
    5.89164799451828,
    5.895359992980957,
    5.8786879777908325,
    5.882175981998444,
    5.8654720187187195,
    5.879776060581207,
    5.9130560755729675,
    5.935552000999451,
    5.889663934707642,
    5.886976063251495,
    5.879519999027252,
    5.961951911449432,
    5.873504042625427,
    5.904543936252594,
    5.923904061317444,
    5.897759974002838,
    5.941184043884277,
    5.890335917472839,
    5.894208014011383,
    5.9042879939079285,
    5.893567979335785,
    5.919295966625214,
    5.952320039272308,
    5.907519996166229,
    5.917695939540863,
    5.887936055660248,
    5.888256013393402,
    5.885792076587677,
    5.967295944690704,
    5.890527963638306,
    5.993472039699554,
    5.893504023551941,
    5.918367981910706,
    5.913567960262299,
    5.849087953567505,
    5.889919996261597,
    5.923295974731445,
    5.93094402551651,
    5.9248639941215515,
    5.886335968971252,
    5.867103934288025,
    5.906336009502411,
    5.943680047988892,
    5.864831984043121,
    5.912128031253815,
    5.904159963130951,
    5.94732803106308,
    5.866144001483917,
    6.124448001384735,
    5.93695992231369,
    5.86271995306015,
    5.856384038925171,
    5.884255945682526,
    5.881439983844757,
    5.8856000900268555,
    5.884992063045502,
    5.874015927314758,
    5.877856075763702,
    7.912544071674347,
    5.891776025295258,
    5.891584038734436,
    5.948576033115387,
    5.88511997461319,
    5.887584030628204,
    5.883967936038971,
    5.8802878856658936,
    5.879263997077942
  ]
}