{
  "label": "bora_B_nid008353_g2",
  "config": "B",
  "mean_ms": 0.564110722541809,
  "p99_ms": 0.6655471813678739,
  "miss_1ms": 0.0,
  "raw": [
    0.5598080158233643,
    0.6070399880409241,
    0.5775039792060852,
    0.5799360275268555,
    0.5782399773597717,
    0.5855039954185486,
    0.5595200061798096,
    0.5491200089454651,
    0.5734080076217651,
    0.5493760108947754,
    0.5580160021781921,
    0.5458559989929199,
    0.5514240264892578,
    0.5453119874000549,
    0.5439040064811707,
    0.5544000267982483,
    0.5792959928512573,
    0.5474560260772705,
    0.5682560205459595,
    0.5500159859657288,
    0.5540800094604492,
    0.5649600028991699,
    0.5550079941749573,
    0.555072009563446,
    0.5504000186920166,
    0.5642560124397278,
    0.5630080103874207,
    0.5655999779701233,
    0.5520960092544556,
    0.5477439761161804,
    0.5676800012588501,
    0.559008002281189,
    0.56905597448349,
    0.5529279708862305,
    0.5597440004348755,
    0.5625280141830444,
    0.5655040144920349,
    0.571295976638794,
    0.5975040197372437,
    0.566752016544342,
    0.5420799851417542,
    0.5590720176696777,
    0.5575039982795715,
    0.5585600137710571,
    0.5626559853553772,
    0.5598080158233643,
    0.5382080078125,
    0.5483840107917786,
    0.549888014793396,
    0.7217599749565125
  ]
}