{
  "label": "heavy_gpt2",
  "num_cells": 20,
  "num_tx": 4,
  "num_rx": 4,
  "mcs": 2,
  "hbm_pct": 25.1,
  "stats": {
    "name": "heavy_gpt2",
    "count": 100,
    "mean_ms": 57.94712121248245,
    "std_ms": 6.365623075946989,
    "p50_ms": 59.55014318227768,
    "p95_ms": 67.64716324806213,
    "p99_ms": 75.58493177533163,
    "min_ms": 51.53372836112976,
    "max_ms": 100.79615914821625,
    "jitter": 0.10985227467306459
  },
  "miss_1ms": 1.0,
  "raw": [
    59.437631130218506,
    59.559295773506165,
    52.09503972530365,
    59.55145525932312,
    52.59001660346985,
    59.731167912483215,
    61.89571273326874,
    51.998592019081116,
    59.44540762901306,
    60.22975981235504,
    52.165056467056274,
    59.585951924324036,
    51.952863812446594,
    70.6032645702362,
    67.82643115520477,
    59.698558926582336,
    51.94710397720337,
    59.623167395591736,
    59.57222306728363,
    52.663392663002014,
    59.451104283332825,
    51.95292782783508,
    60.434335589408875,
    59.642207622528076,
    51.998560309410095,
    59.5699520111084,
    60.10182440280914,
    51.98617506027222,
    59.57983994483948,
    55.71600008010864,
    59.47884714603424,
    59.81001663208008,
    52.004127979278564,
    59.440351486206055,
    52.881311893463135,
    59.47260808944702,
    75.33027291297913,
    59.51184010505676,
    51.99776017665863,
    59.75775957107544,
    59.46713674068451,
    52.75983989238739,
    59.60713565349579,
    52.096351861953735,
    59.48607933521271,
    59.737664103507996,
    52.58044767379761,
    59.621599078178406,
    51.983840346336365,
    59.77897572517395,
    59.573984146118164,
    52.538527488708496,
    60.549599051475525,
    52.67923200130463,
    59.426016092300415,
    59.641695737838745,
    52.16815996170044,
    59.64908766746521,
    52.695040464401245,
    59.594529151916504,
    59.64076852798462,
    52.0076801776886,
    59.76137626171112,
    52.59721612930298,
    59.59059131145477,
    60.16249620914459,
    51.53372836112976,
    59.637856006622314,
    52.73433578014374,
    59.60883188247681,
    59.81763255596161,
    67.63772809505463,
    52.113247752189636,
    59.59433579444885,
    52.13340866565704,
    59.529183983802795,
    60.15334343910217,
    52.03718459606171,
    59.77308785915375,
    51.83846402168274,
    59.630367279052734,
    59.792224049568176,
    52.54236841201782,
    59.54883110523224,
    51.999231934547424,
    59.623743772506714,
    59.75376081466675,
    52.61852812767029,
    59.666303753852844,
    51.83129632472992,
    59.7327675819397,
    60.110751271247864,
    52.01536011695862,
    71.7255676984787,
    100.79615914821625,
    59.60208010673523,
    52.06755208969116,
    59.529088497161865,
    52.695839643478394,
    59.60294425487518
  ]
}