{
  "label": "s4n4g_gpt2_nid003956_g3",
  "num_cells": 8,
  "graph_mode": 1,
  "mode": "GRAPH",
  "mean_ms": 0.4364998382329941,
  "per_cell_ms": 0.05456247977912426,
  "p95_ms": 0.44893279373645784,
  "p99_ms": 0.45052639186382293,
  "miss_1ms": 0.0,
  "raw": [
    0.43164798617362976,
    0.43427199125289917,
    0.4352959990501404,
    0.43222400546073914,
    0.43296000361442566,
    0.43558400869369507,
    0.4333760142326355,
    0.4349440038204193,
    0.4333760142326355,
    0.4390079975128174,
    0.43356800079345703,
    0.4344319999217987,
    0.43404799699783325,
    0.43398401141166687,
    0.4343999922275543,
    0.4339520037174225,
    0.43561598658561707,
    0.43456000089645386,
    0.43481600284576416,
    0.43244799971580505,
    0.43212801218032837,
    0.43561598658561707,
    0.43772798776626587,
    0.4355520009994507,
    0.4487040042877197,
    0.43647998571395874,
    0.4367679953575134,
    0.43462398648262024,
    0.4491199851036072,
    0.4373440146446228,
    0.4368000030517578,
    0.4350399971008301,
    0.4359999895095825,
    0.451231986284256,
    0.435808002948761,
    0.4339199960231781,
    0.4343999922275543,
    0.43750399351119995,
    0.4485439956188202,
    0.4347200095653534,
    0.43353599309921265,
    0.43532800674438477,
    0.4375999867916107,
    0.43513599038124084,
    0.4346559941768646,
    0.4497919976711273,
    0.43859198689460754,
    0.43532800674438477,
    0.43542400002479553,
    0.4370560050010681
  ]
}