{
  "label": "g40_gpt2",
  "num_cells": 20,
  "num_tx": 4,
  "num_rx": 4,
  "mcs": 2,
  "hbm_pct": 50.4,
  "stats": {
    "name": "g40_gpt2",
    "count": 100,
    "mean_ms": 58.23798120141029,
    "std_ms": 3.814849621019299,
    "p50_ms": 60.893168210983276,
    "p95_ms": 61.70973333120346,
    "p99_ms": 63.32939098358155,
    "min_ms": 52.74083209037781,
    "max_ms": 63.992928981781006,
    "jitter": 0.0655044962466336
  },
  "miss_1ms": 1.0,
  "raw": [
    60.98073601722717,
    53.4280641078949,
    61.12691283226013,
    63.204511404037476,
    54.042303800582886,
    60.931008100509644,
    61.4704966545105,
    52.801695704460144,
    60.94764816761017,
    54.162463545799255,
    60.898592472076416,
    63.992928981781006,
    52.763776659965515,
    61.04374396800995,
    53.987584352493286,
    61.11465585231781,
    61.025856375694275,
    53.28959918022156,
    63.120320081710815,
    54.13161587715149,
    60.91708731651306,
    61.08566474914551,
    53.32419276237488,
    60.967360854148865,
    54.145408272743225,
    60.88774394989014,
    63.322688579559326,
    52.74083209037781,
    60.862753033638,
    61.36742401123047,
    52.79692840576172,
    60.9711035490036,
    54.165152192115784,
    61.02201533317566,
    61.454976081848145,
    52.80617594718933,
    61.106688380241394,
    53.99619150161743,
    61.043392062187195,
    61.496480226516724,
    52.96736025810242,
    60.886720418930054,
    54.24620831012726,
    60.981056451797485,
    61.316768169403076,
    53.00495958328247,
    60.9138560295105,
    54.08339178562164,
    61.7517751455307,
    61.51219165325165,
    53.44092798233032,
    60.919872641563416,
    53.52547204494476,
    60.865440249443054,
    61.63484787940979,
    53.388416051864624,
    61.12713611125946,
    53.159008145332336,
    61.09465706348419,
    60.94259214401245,
    54.02348875999451,
    61.072351813316345,
    53.36089527606964,
    60.844000577926636,
    61.703967809677124,
    53.46268844604492,
    60.94508755207062,
    53.45158386230469,
    60.763455748558044,
    61.707520604133606,
    53.59321618080139,
    61.008960366249084,
    53.407936096191406,
    61.09110367298126,
    61.49702441692352,
    53.55212759971619,
    59.66851103305817,
    54.113312125205994,
    60.93619167804718,
    61.540096044540405,
    52.92783999443054,
    60.95926332473755,
    54.29379200935364,
    60.806976318359375,
    61.43238437175751,
    52.80799984931946,
    61.00595271587372,
    54.10489594936371,
    60.939743876457214,
    61.469504714012146,
    52.81424033641815,
    61.11468756198883,
    54.09273612499237,
    60.8243842124939,
    61.46240043640137,
    52.9608952999115,
    60.82630407810211,
    54.26035141944885,
    60.78441596031189,
    61.45840036869049
  ]
}