{
  "label": "bora40_C_resnet",
  "num_cells": 8,
  "graph_mode": 1,
  "mode": "GRAPH",
  "mean_ms": 0.6219276809692382,
  "per_cell_ms": 0.07774096012115478,
  "p95_ms": 0.8037232011556624,
  "p99_ms": 0.9628063750267029,
  "miss_1ms": 0.0,
  "raw": [
    0.6951360106468201,
    0.558784008026123,
    0.6867200136184692,
    0.5852159857749939,
    0.7008960247039795,
    0.5724800229072571,
    0.553600013256073,
    0.6152960062026978,
    0.542527973651886,
    0.6496000289916992,
    0.6441599726676941,
    0.537056028842926,
    0.7759680151939392,
    0.656544029712677,
    0.5228480100631714,
    0.8264319896697998,
    0.5243840217590332,
    0.5355839729309082,
    0.5355520248413086,
    0.718559980392456,
    0.543615996837616,
    0.512287974357605,
    0.5157120227813721,
    0.510591983795166,
    0.6748800277709961,
    0.5583360195159912,
    0.5407040119171143,
    0.566431999206543,
    0.567903995513916,
    0.9795839786529541,
    0.6174719929695129,
    0.5681599974632263,
    0.6541759967803955,
    0.6367040276527405,
    0.6710399985313416,
    0.5863999724388123,
    0.5480639934539795,
    0.7344639897346497,
    0.9453439712524414,
    0.5612480044364929,
    0.6826559901237488,
    0.5376319885253906,
    0.7338240146636963,
    0.5919359922409058,
    0.680351972579956,
    0.5759040117263794,
    0.5639039874076843,
    0.6347519755363464,
    0.5305920243263245,
    0.6343680024147034
  ]
}