{
  "label": "mig32_4n_base_nid001540_g2",
  "num_cells": 8,
  "graph_mode": 1,
  "mode": "GRAPH",
  "mean_ms": 0.4676473593711853,
  "per_cell_ms": 0.05845591992139816,
  "p95_ms": 0.47132640033960344,
  "p99_ms": 0.4727462410926819,
  "miss_1ms": 0.0,
  "raw": [
    0.4660800099372864,
    0.4689280092716217,
    0.46860799193382263,
    0.4692800045013428,
    0.46860799193382263,
    0.47145599126815796,
    0.46832001209259033,
    0.4672960042953491,
    0.4665600061416626,
    0.46854400634765625,
    0.4732480049133301,
    0.4673919975757599,
    0.46643200516700745,
    0.46905601024627686,
    0.47222399711608887,
    0.46585598587989807,
    0.4665279984474182,
    0.47014400362968445,
    0.46803200244903564,
    0.4668479859828949,
    0.4678719937801361,
    0.46832001209259033,
    0.4691520035266876,
    0.4675520062446594,
    0.4659839868545532,
    0.46751999855041504,
    0.468639999628067,
    0.46723198890686035,
    0.46825599670410156,
    0.4659520089626312,
    0.4681600034236908,
    0.46515199542045593,
    0.4652160108089447,
    0.4670400023460388,
    0.4656960070133209,
    0.46489599347114563,
    0.46492800116539,
    0.47116801142692566,
    0.4684799909591675,
    0.4657920002937317,
    0.4661119878292084,
    0.4678719937801361,
    0.46911999583244324,
    0.46428799629211426,
    0.46556800603866577,
    0.4671359956264496,
    0.4687039852142334,
    0.4678719937801361,
    0.46563199162483215,
    0.4676159918308258
  ]
}