{
  "label": "nv_gpt2",
  "num_cells": 8,
  "graph_mode": 1,
  "mode": "GRAPH",
  "mean_ms": 0.5215142393112182,
  "per_cell_ms": 0.06518927991390228,
  "p95_ms": 0.5395839929580688,
  "p99_ms": 0.547011199593544,
  "miss_1ms": 0.0,
  "raw": [
    0.5175679922103882,
    0.517632007598877,
    0.5188159942626953,
    0.543615996837616,
    0.5161600112915039,
    0.5332800149917603,
    0.5182080268859863,
    0.5164480209350586,
    0.5283200144767761,
    0.5452160239219666,
    0.517408013343811,
    0.528544008731842,
    0.517632007598877,
    0.5341119766235352,
    0.5232639908790588,
    0.520255982875824,
    0.5180479884147644,
    0.5235520005226135,
    0.5185279846191406,
    0.516319990158081,
    0.5165759921073914,
    0.5127040147781372,
    0.5177599787712097,
    0.5160639882087708,
    0.5165759921073914,
    0.5178239941596985,
    0.5175999999046326,
    0.5165119767189026,
    0.5278080105781555,
    0.5290240049362183,
    0.5177599787712097,
    0.5182719826698303,
    0.5161280035972595,
    0.5182719826698303,
    0.5346559882164001,
    0.5308480262756348,
    0.5158720016479492,
    0.5174400210380554,
    0.5326079726219177,
    0.516543984413147,
    0.5148159861564636,
    0.5188159942626953,
    0.5487359762191772,
    0.5183359980583191,
    0.5166400074958801,
    0.5172160267829895,
    0.5175999999046326,
    0.5089280009269714,
    0.517408013343811,
    0.5174400210380554
  ]
}