{
  "label": "baseline",
  "stats": {
    "name": "baseline",
    "count": 100,
    "mean_ms": 2.2080710393190386,
    "std_ms": 2.6610515316209584,
    "p50_ms": 1.1430079936981201,
    "p95_ms": 8.214100456237793,
    "p99_ms": 12.570139913558975,
    "min_ms": 0.8948479890823364,
    "max_ms": 15.531807899475098,
    "jitter": 1.205147608132036
  },
  "miss_1ms": 0.63,
  "raw": [
    8.213631629943848,
    0.9156479835510254,
    1.1797120571136475,
    0.9422399997711182,
    1.1715519428253174,
    0.9466559886932373,
    1.1371840238571167,
    0.9101439714431763,
    1.2163519859313965,
    0.8999680280685425,
    1.1441279649734497,
    0.9012479782104492,
    1.144320011138916,
    1.9606080055236816,
    15.531807899475098,
    1.7320319414138794,
    7.556960105895996,
    8.859392166137695,
    1.1396479606628418,
    0.9006720185279846,
    1.1421120166778564,
    0.9045439958572388,
    1.142367959022522,
    0.9099199771881104,
    1.1367679834365845,
    0.8948479890823364,
    1.195199966430664,
    0.9388800263404846,
    1.1367360353469849,
    0.9087039828300476,
    1.1359679698944092,
    0.9055039882659912,
    1.1344319581985474,
    0.9304959774017334,
    4.642560005187988,
    2.9722559452056885,
    7.926623821258545,
    2.941632032394409,
    7.534912109375,
    0.9043520092964172,
    1.1601279973983765,
    0.9107199907302856,
    1.1479359865188599,
    0.899616003036499,
    1.211967945098877,
    0.9225599765777588,
    1.1981120109558105,
    0.9088000059127808,
    1.1419520378112793,
    0.9414399862289429,
    1.1341439485549927,
    0.9134719967842102,
    1.2053120136260986,
    0.9055359959602356,
    1.1343040466308594,
    1.8874880075454712,
    12.540224075317383,
    2.939199924468994,
    6.263519763946533,
    3.298271894454956,
    1.1516159772872925,
    0.9517760276794434,
    1.1392320394515991,
    0.9047999978065491,
    1.160032033920288,
    0.9091519713401794,
    1.1579840183258057,
    0.9042239785194397,
    1.1447679996490479,
    0.917568027973175,
    1.1578880548477173,
    2.729504108428955,
    1.2064000368118286,
    0.9074559807777405,
    1.1436480283737183,
    0.9427520036697388,
    4.692543983459473,
    3.4758400917053223,
    8.223008155822754,
    5.721536159515381,
    7.702655792236328,
    0.9418240189552307,
    1.1617920398712158,
    0.9435840249061584,
    1.205407977104187,
    0.9071360230445862,
    1.1316159963607788,
    0.9445440173149109,
    1.163167953491211,
    0.9325439929962158,
    1.1837760210037231,
    0.9016000032424927,
    1.1993919610977173,
    0.9097920060157776,
    1.1489280462265015,
    0.9034879803657532,
    1.1493120193481445,
    1.8613439798355103,
    8.27280044555664,
    3.293247938156128
  ]
}