{
  "label": "s2n4g_resnet_nid002688_g3",
  "num_cells": 8,
  "graph_mode": 1,
  "mode": "GRAPH",
  "mean_ms": 0.4311276805400848,
  "per_cell_ms": 0.0538909600675106,
  "p95_ms": 0.43711199313402177,
  "p99_ms": 0.4399299281835556,
  "miss_1ms": 0.0,
  "raw": [
    0.43430399894714355,
    0.43007999658584595,
    0.43561598658561707,
    0.4344640076160431,
    0.42691200971603394,
    0.42873600125312805,
    0.4359680116176605,
    0.42665600776672363,
    0.43375998735427856,
    0.4290879964828491,
    0.42985600233078003,
    0.42636799812316895,
    0.42684799432754517,
    0.43084800243377686,
    0.4333760142326355,
    0.42604801058769226,
    0.4312320053577423,
    0.4267840087413788,
    0.43331199884414673,
    0.4265280067920685,
    0.42665600776672363,
    0.4347519874572754,
    0.4329279959201813,
    0.4315199851989746,
    0.42480000853538513,
    0.4268159866333008,
    0.42630401253700256,
    0.4323520064353943,
    0.42502400279045105,
    0.4354879856109619,
    0.43747198581695557,
    0.4254080057144165,
    0.43430399894714355,
    0.43587198853492737,
    0.4366079866886139,
    0.43667200207710266,
    0.42790400981903076,
    0.4288960099220276,
    0.43171200156211853,
    0.42630401253700256,
    0.43382400274276733,
    0.4394240081310272,
    0.44041600823402405,
    0.4275839924812317,
    0.4354879856109619,
    0.4296000003814697,
    0.4280320107936859,
    0.434143990278244,
    0.43487998843193054,
    0.42841601371765137
  ]
}