{
  "label": "m4n_baseline_nid001757_g1",
  "num_cells": 8,
  "graph_mode": 1,
  "mode": "GRAPH",
  "mean_ms": 0.43452351868152617,
  "per_cell_ms": 0.05431543983519077,
  "p95_ms": 0.4369312047958374,
  "p99_ms": 0.4379433679580688,
  "miss_1ms": 0.0,
  "raw": [
    0.43430399894714355,
    0.4355199933052063,
    0.4368959963321686,
    0.434143990278244,
    0.4354879856109619,
    0.4352959990501404,
    0.43696001172065735,
    0.43590399622917175,
    0.434143990278244,
    0.43510401248931885,
    0.43619200587272644,
    0.434143990278244,
    0.43590399622917175,
    0.43481600284576416,
    0.4354879856109619,
    0.43350398540496826,
    0.434143990278244,
    0.4336639940738678,
    0.43398401141166687,
    0.43536001443862915,
    0.4326080083847046,
    0.43347200751304626,
    0.43830400705337524,
    0.4343999922275543,
    0.4344640076160431,
    0.43270400166511536,
    0.4344640076160431,
    0.4330559968948364,
    0.4344319999217987,
    0.4349760115146637,
    0.4350079894065857,
    0.4317759871482849,
    0.43327999114990234,
    0.43641600012779236,
    0.4349119961261749,
    0.4320639967918396,
    0.4323520064353943,
    0.4343999922275543,
    0.43516799807548523,
    0.43456000089645386,
    0.4339199960231781,
    0.43516799807548523,
    0.43456000089645386,
    0.4375680088996887,
    0.43456000089645386,
    0.4360640048980713,
    0.43507200479507446,
    0.43142399191856384,
    0.431551992893219,
    0.43251198530197144
  ]
}