{
  "label": "mig72_2n_qwen_nid008660_g3",
  "num_cells": 8,
  "graph_mode": 1,
  "mode": "GRAPH",
  "mean_ms": 0.9312198257446289,
  "per_cell_ms": 0.11640247821807861,
  "p95_ms": 1.7347407579421978,
  "p99_ms": 9.743908832073183,
  "miss_1ms": 0.08,
  "raw": [
    0.5140799880027771,
    0.507968008518219,
    0.5083199739456177,
    0.5051199793815613,
    0.5070080161094666,
    0.5292479991912842,
    0.5262399911880493,
    0.5536959767341614,
    0.5356159806251526,
    0.5760959982872009,
    0.5794879794120789,
    0.5665919780731201,
    0.5644159913063049,
    0.5602560043334961,
    0.5234240293502808,
    0.5564479827880859,
    2.020479917526245,
    0.51283198595047,
    0.5283200144767761,
    1.3855040073394775,
    16.89423942565918,
    2.3017280101776123,
    0.5252159833908081,
    0.5140799880027771,
    0.502016007900238,
    0.5234240293502808,
    0.493696004152298,
    0.5138559937477112,
    0.5158720016479492,
    0.4981760084629059,
    0.517408013343811,
    0.5267199873924255,
    0.5241280198097229,
    0.493120014667511,
    0.5002880096435547,
    0.49939200282096863,
    0.4920960068702698,
    0.5109440088272095,
    0.5093119740486145,
    0.5368319749832153,
    0.5067840218544006,
    0.5251839756965637,
    0.5193920135498047,
    0.4959999918937683,
    0.509984016418457,
    0.5004159808158875,
    0.5046399831771851,
    0.4976319968700409,
    0.5268800258636475,
    0.5203840136528015
  ]
}