{
  "label": "mig32_2n_base_nid001461_g3",
  "num_cells": 8,
  "graph_mode": 1,
  "mode": "GRAPH",
  "mean_ms": 0.4675558394193649,
  "per_cell_ms": 0.05844447992742061,
  "p95_ms": 0.4697728008031845,
  "p99_ms": 0.47757632076740264,
  "miss_1ms": 0.0,
  "raw": [
    0.4672960042953491,
    0.4688960015773773,
    0.4688960015773773,
    0.46774399280548096,
    0.46691200137138367,
    0.46649599075317383,
    0.46988800168037415,
    0.4675840139389038,
    0.4688960015773773,
    0.4684480130672455,
    0.46963199973106384,
    0.4679040014743805,
    0.46720001101493835,
    0.466592013835907,
    0.4684799909591675,
    0.46803200244903564,
    0.466623991727829,
    0.46883198618888855,
    0.46911999583244324,
    0.4636799991130829,
    0.4671359956264496,
    0.4687359929084778,
    0.4676479995250702,
    0.46508800983428955,
    0.4681279957294464,
    0.4662399888038635,
    0.4681279957294464,
    0.4655359983444214,
    0.46537598967552185,
    0.4676159918308258,
    0.46745601296424866,
    0.4671039879322052,
    0.4656960070133209,
    0.4659520089626312,
    0.46643200516700745,
    0.466048002243042,
    0.4668160080909729,
    0.4663040041923523,
    0.4662719964981079,
    0.4639680087566376,
    0.4655359983444214,
    0.4662719964981079,
    0.4689599871635437,
    0.4646719992160797,
    0.4692800045013428,
    0.4677119851112366,
    0.4662399888038635,
    0.46515199542045593,
    0.4771519899368286,
    0.4779840111732483
  ]
}