{
  "label": "q32b2n_qwen32b_nid001640_g2",
  "num_cells": 8,
  "graph_mode": 1,
  "mode": "GRAPH",
  "mean_ms": 0.4341478395462036,
  "per_cell_ms": 0.05426847994327545,
  "p95_ms": 0.43747361153364184,
  "p99_ms": 0.44275136321783065,
  "miss_1ms": 0.0,
  "raw": [
    0.43350398540496826,
    0.4359999895095825,
    0.4382080137729645,
    0.43382400274276733,
    0.4458560049533844,
    0.4347519874572754,
    0.43481600284576416,
    0.4322560131549835,
    0.4333760142326355,
    0.4347519874572754,
    0.43331199884414673,
    0.43276798725128174,
    0.43222400546073914,
    0.4341759979724884,
    0.435232013463974,
    0.43215999007225037,
    0.4313279986381531,
    0.43456000089645386,
    0.43408000469207764,
    0.4330880045890808,
    0.43238401412963867,
    0.4347839951515198,
    0.43401598930358887,
    0.4333440065383911,
    0.4331519901752472,
    0.4339520037174225,
    0.4365760087966919,
    0.4328959882259369,
    0.4326080083847046,
    0.4352000057697296,
    0.43382400274276733,
    0.4326399862766266,
    0.4327999949455261,
    0.4339199960231781,
    0.434688001871109,
    0.43248000741004944,
    0.4320319890975952,
    0.43382400274276733,
    0.4339520037174225,
    0.43398401141166687,
    0.43196800351142883,
    0.43647998571395874,
    0.43404799699783325,
    0.43267199397087097,
    0.4357759952545166,
    0.439520001411438,
    0.4331200122833252,
    0.43270400166511536,
    0.43302398920059204,
    0.4347519874572754
  ]
}