{
  "label": "snrx_baseline_final",
  "num_cells": 8,
  "num_tx": 4,
  "num_rx": 4,
  "mcs": 2,
  "hbm_pct": 19.4,
  "stats": {
    "name": "snrx_baseline_final",
    "count": 100,
    "mean_ms": 6.076017280220985,
    "std_ms": 0.4013702557674207,
    "p50_ms": 5.817935973405838,
    "p95_ms": 6.729259222745895,
    "p99_ms": 6.78309408068657,
    "min_ms": 5.784832000732422,
    "max_ms": 6.807456016540527,
    "jitter": 0.06605811623906752
  },
  "miss_1ms": 1.0,
  "raw": [
    6.727967977523804,
    6.71452796459198,
    6.67414402961731,
    6.662240028381348,
    6.686272025108337,
    6.723648011684418,
    6.688927948474884,
    6.736160039901733,
    6.6648001074790955,
    6.754431962966919,
    6.782848000526428,
    6.6834880113601685,
    6.664608061313629,
    6.6568639278411865,
    6.709407985210419,
    6.807456016540527,
    6.777791976928711,
    6.7288960218429565,
    6.659839987754822,
    6.714432001113892,
    6.65558397769928,
    6.665887892246246,
    6.670495986938477,
    6.656319975852966,
    6.679327964782715,
    6.705727994441986,
    6.679040014743805,
    6.679711997509003,
    6.659872114658356,
    6.0697280168533325,
    5.820832073688507,
    5.809312045574188,
    5.821151912212372,
    5.811743974685669,
    5.839616060256958,
    5.82121604681015,
    5.839168071746826,
    5.79827207326889,
    5.815167963504791,
    5.8084800243377686,
    5.819712042808533,
    5.820832014083862,
    5.824608027935028,
    5.826367974281311,
    5.8353599309921265,
    5.805055916309357,
    5.815968036651611,
    5.809407949447632,
    5.804799914360046,
    5.789984047412872,
    5.787040054798126,
    5.817439913749695,
    5.899743914604187,
    5.80486398935318,
    5.7911359667778015,
    5.804800033569336,
    5.7973440289497375,
    6.01584005355835,
    5.82316792011261,
    5.818111956119537,
    5.80265599489212,
    5.814079940319061,
    5.7896639704704285,
    5.784832000732422,
    5.8047680258750916,
    5.796799957752228,
    5.800992071628571,
    5.789440035820007,
    5.815935969352722,
    5.8038400411605835,
    5.797376036643982,
    5.805984020233154,
    5.807295978069305,
    5.794624030590057,
    5.812287986278534,
    5.804544031620026,
    5.811967968940735,
    5.819680035114288,
    5.818879961967468,
    5.801376104354858,
    5.798623979091644,
    6.111487984657288,
    5.828383982181549,
    5.796896040439606,
    5.810080111026764,
    5.816447973251343,
    5.807807981967926,
    5.8091519474983215,
    5.81113600730896,
    5.8034239411354065,
    5.812543988227844,
    5.793536007404327,
    5.798623979091644,
    5.817759990692139,
    5.8056960105896,
    5.80675196647644,
    5.823328018188477,
    5.805983901023865,
    5.827648043632507,
    5.802400052547455
  ]
}