{
  "label": "mig32_2n_qwen_nid001461_g2",
  "num_cells": 8,
  "graph_mode": 1,
  "mode": "GRAPH",
  "mean_ms": 0.46814912021160127,
  "per_cell_ms": 0.05851864002645016,
  "p95_ms": 0.47086720913648605,
  "p99_ms": 0.477660476565361,
  "miss_1ms": 0.0,
  "raw": [
    0.4688960015773773,
    0.469215989112854,
    0.46726399660110474,
    0.4688960015773773,
    0.4654400050640106,
    0.46745601296424866,
    0.46649599075317383,
    0.4657280147075653,
    0.46691200137138367,
    0.46851199865341187,
    0.46675199270248413,
    0.46691200137138367,
    0.4675520062446594,
    0.470335990190506,
    0.4652479887008667,
    0.46489599347114563,
    0.46489599347114563,
    0.4668479859828949,
    0.46585598587989807,
    0.4678719937801361,
    0.4658240079879761,
    0.4721280038356781,
    0.46639999747276306,
    0.46588799357414246,
    0.4649600088596344,
    0.4829759895801544,
    0.46825599670410156,
    0.4710400104522705,
    0.47043201327323914,
    0.469184011220932,
    0.4697279930114746,
    0.4668479859828949,
    0.4670400023460388,
    0.46956801414489746,
    0.4675840139389038,
    0.46720001101493835,
    0.4672960042953491,
    0.46902400255203247,
    0.46911999583244324,
    0.46726399660110474,
    0.47065600752830505,
    0.469215989112854,
    0.46857601404190063,
    0.46745601296424866,
    0.46720001101493835,
    0.46988800168037415,
    0.46828800439834595,
    0.4678399860858917,
    0.46835198998451233,
    0.4702399969100952
  ]
}