{
  "label": "q32b4n_baseline_nid001533_g1",
  "num_cells": 8,
  "graph_mode": 1,
  "mode": "GRAPH",
  "mean_ms": 0.43585408210754395,
  "per_cell_ms": 0.054481760263442994,
  "p95_ms": 0.4484928101301193,
  "p99_ms": 0.4493347251415253,
  "miss_1ms": 0.0,
  "raw": [
    0.43532800674438477,
    0.4299519956111908,
    0.42902401089668274,
    0.4347200095653534,
    0.44860801100730896,
    0.43830400705337524,
    0.43593600392341614,
    0.43244799971580505,
    0.43356800079345703,
    0.4336960017681122,
    0.4343680143356323,
    0.4338560104370117,
    0.4322560131549835,
    0.44966399669647217,
    0.43584001064300537,
    0.4339520037174225,
    0.43241599202156067,
    0.4463360011577606,
    0.43641600012779236,
    0.4349119961261749,
    0.4341759979724884,
    0.43375998735427856,
    0.43459200859069824,
    0.43484801054000854,
    0.43481600284576416,
    0.4350079894065857,
    0.4342080056667328,
    0.4327999949455261,
    0.4489920139312744,
    0.4363200068473816,
    0.4349440038204193,
    0.4328640103340149,
    0.4336319863796234,
    0.4342080056667328,
    0.4365440011024475,
    0.43327999114990234,
    0.43327999114990234,
    0.43401598930358887,
    0.44416001439094543,
    0.4339520037174225,
    0.4331519901752472,
    0.43398401141166687,
    0.4334079921245575,
    0.4362240135669708,
    0.4329279959201813,
    0.44835200905799866,
    0.4354879856109619,
    0.4339199960231781,
    0.43584001064300537,
    0.4374080002307892
  ]
}