{
  "label": "bora_resnet",
  "num_cells": 8,
  "graph_mode": 1,
  "mode": "GRAPH",
  "mean_ms": 0.6795481598377228,
  "per_cell_ms": 0.08494351997971535,
  "p95_ms": 1.0594703674316404,
  "p99_ms": 1.115497260093689,
  "miss_1ms": 0.08,
  "raw": [
    0.61244797706604,
    1.1017919778823853,
    0.5965759754180908,
    0.5619199872016907,
    1.1245759725570679,
    0.5851200222969055,
    0.7544959783554077,
    0.8094080090522766,
    0.8449280261993408,
    0.7544000148773193,
    0.7068480253219604,
    0.5553920269012451,
    0.5597440004348755,
    0.6924800276756287,
    0.5161920189857483,
    0.5413439869880676,
    0.6173120141029358,
    0.6047040224075317,
    0.50627201795578,
    0.5087680220603943,
    0.673088014125824,
    0.6438720226287842,
    1.1060479879379272,
    0.6550400257110596,
    0.5907840132713318,
    1.0077439546585083,
    0.5776960253715515,
    0.8503680229187012,
    0.8463039994239807,
    0.848576009273529,
    0.7919039726257324,
    0.6364799737930298,
    0.5884799957275391,
    0.7099199891090393,
    0.5147519707679749,
    0.582431972026825,
    0.523360013961792,
    0.5953279733657837,
    0.5150399804115295,
    0.5186240077018738,
    0.5152959823608398,
    0.6036159992218018,
    0.633184015750885,
    0.7418239712715149,
    0.5956159830093384,
    0.8180480003356934,
    0.6888960003852844,
    0.7629119753837585,
    0.5933120250701904,
    0.6941440105438232
  ]
}