{
  "label": "s2n4g_neuralrx_nid002689_g0",
  "num_cells": 8,
  "graph_mode": 1,
  "mode": "GRAPH",
  "mean_ms": 0.9508070456981659,
  "per_cell_ms": 0.11885088071227073,
  "p95_ms": 1.0781648397445678,
  "p99_ms": 1.10576514005661,
  "miss_1ms": 0.42,
  "raw": [
    0.9626880288124084,
    0.872160017490387,
    0.8711360096931458,
    1.0357120037078857,
    0.7025920152664185,
    1.074944019317627,
    0.8675519824028015,
    1.0549119710922241,
    0.9612799882888794,
    1.1216959953308105,
    0.927295982837677,
    1.0250240564346313,
    0.6947519779205322,
    0.91184002161026,
    1.0128320455551147,
    0.9650880098342896,
    1.0121920108795166,
    1.0808000564575195,
    0.9527999758720398,
    1.0172159671783447,
    0.8787199854850769,
    1.074720025062561,
    0.9715520143508911,
    1.0232959985733032,
    0.9817919731140137,
    0.8851839900016785,
    0.8775680065155029,
    1.0514880418777466,
    1.0298880338668823,
    0.8697919845581055,
    0.9860799908638,
    1.0286719799041748,
    0.703711986541748,
    0.881663978099823,
    0.9234880208969116,
    0.9503679871559143,
    1.0360640287399292,
    0.8803520202636719,
    1.0171840190887451,
    0.7068160176277161,
    0.7039039731025696,
    0.8785600066184998,
    1.0198400020599365,
    0.9356480240821838,
    1.0591039657592773,
    1.089184045791626,
    1.0330560207366943,
    0.9544000029563904,
    1.0275520086288452,
    0.9561920166015625
  ]
}