{
  "label": "s4n4g_resnet_nid003953_g3",
  "num_cells": 8,
  "graph_mode": 1,
  "mode": "GRAPH",
  "mean_ms": 0.43035135984420775,
  "per_cell_ms": 0.05379391998052597,
  "p95_ms": 0.4375744089484215,
  "p99_ms": 0.44224767982959745,
  "miss_1ms": 0.0,
  "raw": [
    0.4286400079727173,
    0.4275839924812317,
    0.42671999335289,
    0.42604801058769226,
    0.42668798565864563,
    0.42767998576164246,
    0.42716801166534424,
    0.434143990278244,
    0.43372800946235657,
    0.42985600233078003,
    0.42902401089668274,
    0.4318400025367737,
    0.4240640103816986,
    0.4368000030517578,
    0.42819198966026306,
    0.42668798565864563,
    0.43164798617362976,
    0.43187201023101807,
    0.4273279905319214,
    0.4270080029964447,
    0.42684799432754517,
    0.4262720048427582,
    0.4260160028934479,
    0.43276798725128174,
    0.43324801325798035,
    0.43401598930358887,
    0.42671999335289,
    0.42467200756073,
    0.4426240026950836,
    0.4418559968471527,
    0.4338560104370117,
    0.43347200751304626,
    0.4311999976634979,
    0.43353599309921265,
    0.42745599150657654,
    0.4382080137729645,
    0.43036800622940063,
    0.4330880045890808,
    0.42742401361465454,
    0.43593600392341614,
    0.43302398920059204,
    0.43302398920059204,
    0.42636799812316895,
    0.42524799704551697,
    0.4362559914588928,
    0.4275200068950653,
    0.42604801058769226,
    0.42499199509620667,
    0.4344319999217987,
    0.4283519983291626
  ]
}