{
  "label": "snrx_baseline",
  "num_cells": 8,
  "num_tx": 4,
  "num_rx": 4,
  "mcs": 2,
  "hbm_pct": 19.4,
  "stats": {
    "name": "snrx_baseline",
    "count": 100,
    "mean_ms": 6.159083201885223,
    "std_ms": 0.536224514264598,
    "p50_ms": 5.845503985881805,
    "p95_ms": 6.75294880270958,
    "p99_ms": 6.907212457060827,
    "min_ms": 5.772447943687439,
    "max_ms": 9.461856067180634,
    "jitter": 0.08706239170473716
  },
  "miss_1ms": 1.0,
  "raw": [
    6.681535959243774,
    6.735039949417114,
    6.684735953807831,
    6.682175934314728,
    6.669024050235748,
    6.675200045108795,
    6.650784075260162,
    6.725023984909058,
    6.696319937705994,
    6.659711956977844,
    6.724095940589905,
    6.705439925193787,
    6.782240033149719,
    6.7528640031814575,
    6.745184063911438,
    6.736479997634888,
    6.824192106723785,
    6.687776029109955,
    6.669280052185059,
    6.881407976150513,
    6.730815947055817,
    6.681887984275818,
    6.7545599937438965,
    6.681695997714996,
    6.664799928665161,
    6.697151958942413,
    6.668063998222351,
    6.724640071392059,
    6.654207944869995,
    6.689632058143616,
    6.68092805147171,
    9.461856067180634,
    6.703552007675171,
    6.656831979751587,
    6.677919924259186,
    5.8972479701042175,
    5.86134397983551,
    5.861599922180176,
    5.83049601316452,
    5.919008016586304,
    5.809087932109833,
    5.81414407491684,
    5.867936015129089,
    5.80595201253891,
    5.805343985557556,
    5.789440035820007,
    5.795136094093323,
    5.806592047214508,
    5.79775995016098,
    5.805215954780579,
    5.813055992126465,
    5.862240016460419,
    5.797663986682892,
    5.814784049987793,
    5.8017600774765015,
    5.849183976650238,
    5.813632011413574,
    5.811744034290314,
    5.876864075660706,
    5.8001280426979065,
    5.799680054187775,
    5.799424052238464,
    5.8127360343933105,
    5.793439984321594,
    5.805120050907135,
    5.779776036739349,
    5.799264013767242,
    5.797599971294403,
    5.818015992641449,
    5.840319991111755,
    5.850399971008301,
    5.841823995113373,
    5.820863902568817,
    5.786623954772949,
    5.812128067016602,
    5.802560031414032,
    5.786528050899506,
    5.772447943687439,
    5.782399952411652,
    5.886911988258362,
    5.854367971420288,
    6.118943929672241,
    5.89686393737793,
    5.784735918045044,
    5.787775993347168,
    5.8059839606285095,
    5.795744061470032,
    5.799200057983398,
    5.780736029148102,
    5.823200047016144,
    5.855455994606018,
    5.785184025764465,
    5.787103950977325,
    5.872224032878876,
    5.793631970882416,
    5.775871992111206,
    5.8060800433158875,
    5.800063967704773,
    5.799616038799286,
    5.793056070804596
  ]
}