{
  "label": "real_baseline_final",
  "num_cells": 8,
  "num_tx": 4,
  "num_rx": 4,
  "mcs": 2,
  "hbm_pct": 19.4,
  "stats": {
    "name": "real_baseline_final",
    "count": 100,
    "mean_ms": 6.1703712099790575,
    "std_ms": 0.4219702836436989,
    "p50_ms": 5.876880019903183,
    "p95_ms": 6.793044751882553,
    "p99_ms": 6.811890616416931,
    "min_ms": 5.809247970581055,
    "max_ms": 6.816895961761475,
    "jitter": 0.06838653126107969
  },
  "miss_1ms": 1.0,
  "raw": [
    6.791136026382446,
    6.774048030376434,
    6.792799949645996,
    6.765887975692749,
    6.797695994377136,
    6.726848006248474,
    6.737312018871307,
    6.780384063720703,
    6.768480002880096,
    6.77539199590683,
    6.745855987071991,
    6.7629119753837585,
    6.803295910358429,
    6.811840057373047,
    6.816895961761475,
    6.7899200320243835,
    6.74944007396698,
    6.758592069149017,
    6.7752320766448975,
    6.774944007396698,
    6.775711953639984,
    6.723455965518951,
    6.719231963157654,
    6.731552004814148,
    6.707199990749359,
    6.782527983188629,
    6.7678720355033875,
    6.726016044616699,
    6.728928029537201,
    6.7725120186805725,
    6.755327939987183,
    6.811839997768402,
    6.749248027801514,
    6.1801921129226685,
    5.831488072872162,
    5.882016062736511,
    5.839616060256958,
    5.863999962806702,
    5.830880105495453,
    5.915488004684448,
    5.891712009906769,
    5.849855959415436,
    5.918624043464661,
    5.87036806344986,
    5.892063915729523,
    5.913632035255432,
    5.862271964550018,
    5.874496042728424,
    5.87881600856781,
    5.845503985881805,
    5.827071964740753,
    5.840160012245178,
    5.888064026832581,
    5.8525760769844055,
    5.923711955547333,
    5.837952017784119,
    5.8657920360565186,
    5.868544042110443,
    5.873215973377228,
    5.856383979320526,
    5.824800074100494,
    5.855136036872864,
    5.867263913154602,
    5.831936061382294,
    5.870559990406036,
    5.881791949272156,
    5.816768050193787,
    5.869888007640839,
    5.8660799860954285,
    5.874944031238556,
    5.846784055233002,
    5.872863948345184,
    5.842399954795837,
    5.839680016040802,
    5.863711953163147,
    5.86710399389267,
    5.818656027317047,
    5.8506240248680115,
    5.843775987625122,
    5.827584087848663,
    5.845055997371674,
    6.12035197019577,
    5.882335960865021,
    5.840480029582977,
    5.8646399974823,
    5.9316800236701965,
    5.882175922393799,
    5.8696640729904175,
    5.858304142951965,
    5.832415997982025,
    5.841471970081329,
    5.847680032253265,
    5.809247970581055,
    5.843104064464569,
    5.872864007949829,
    6.191711962223053,
    6.0851200222969055,
    5.852800011634827,
    5.873408079147339,
    5.835423946380615
  ]
}