{
  "label": "s1n4g_baseline_nid001285_g1",
  "num_cells": 8,
  "graph_mode": 1,
  "mode": "GRAPH",
  "mean_ms": 0.5456716847419739,
  "per_cell_ms": 0.06820896059274674,
  "p95_ms": 0.5554800152778625,
  "p99_ms": 0.5587731122970581,
  "miss_1ms": 0.0,
  "raw": [
    0.545087993144989,
    0.5468159914016724,
    0.546720027923584,
    0.5560640096664429,
    0.5519999861717224,
    0.5447360277175903,
    0.5453760027885437,
    0.5436800122261047,
    0.5419520139694214,
    0.5449920296669006,
    0.5553920269012451,
    0.5432639718055725,
    0.543071985244751,
    0.5436800122261047,
    0.544160008430481,
    0.5420799851417542,
    0.5428159832954407,
    0.5434880256652832,
    0.5433599948883057,
    0.5499200224876404,
    0.5508800148963928,
    0.5555520057678223,
    0.5441280007362366,
    0.5421440005302429,
    0.5437759757041931,
    0.5444480180740356,
    0.5435839891433716,
    0.5449280142784119,
    0.5417600274085999,
    0.5449280142784119,
    0.543936014175415,
    0.5432000160217285,
    0.5433599948883057,
    0.5426560044288635,
    0.5447999835014343,
    0.5448960065841675,
    0.5464640259742737,
    0.5460799932479858,
    0.5613759756088257,
    0.5444480180740356,
    0.5416960120201111,
    0.5459520220756531,
    0.5443519949913025,
    0.5424960255622864,
    0.542527973651886,
    0.5444480180740356,
    0.5465919971466064,
    0.544543981552124,
    0.5483199954032898,
    0.5466560125350952
  ]
}