{
  "label": "q32b4n_baseline_nid001533_g3",
  "num_cells": 8,
  "graph_mode": 1,
  "mode": "GRAPH",
  "mean_ms": 0.43650176107883454,
  "per_cell_ms": 0.05456272013485432,
  "p95_ms": 0.4459391966462135,
  "p99_ms": 0.44930911779403687,
  "miss_1ms": 0.0,
  "raw": [
    0.44755199551582336,
    0.43830400705337524,
    0.4373759925365448,
    0.43612799048423767,
    0.43536001443862915,
    0.43750399351119995,
    0.43775999546051025,
    0.4322879910469055,
    0.4343999922275543,
    0.4359999895095825,
    0.43484801054000854,
    0.4336960017681122,
    0.4333440065383911,
    0.43619200587272644,
    0.43718400597572327,
    0.43299201130867004,
    0.4336639940738678,
    0.435263991355896,
    0.4375999867916107,
    0.43593600392341614,
    0.43299201130867004,
    0.43356800079345703,
    0.43644800782203674,
    0.43536001443862915,
    0.435263991355896,
    0.43852800130844116,
    0.43615999817848206,
    0.435808002948761,
    0.43510401248931885,
    0.435232013463974,
    0.4349760115146637,
    0.435263991355896,
    0.43507200479507446,
    0.4373440146446228,
    0.43536001443862915,
    0.43296000361442566,
    0.4330559968948364,
    0.4384320080280304,
    0.4368959963321686,
    0.43456000089645386,
    0.4439679980278015,
    0.43507200479507446,
    0.43852800130844116,
    0.4347200095653534,
    0.434143990278244,
    0.4373759925365448,
    0.44863998889923096,
    0.43516799807548523,
    0.4357439875602722,
    0.44995200634002686
  ]
}