{
  "label": "8cell_same_resnet",
  "num_cells": 8,
  "hbm_used_pct": 25.3,
  "stats": {
    "name": "8cell_same_resnet",
    "count": 100,
    "mean_ms": 14.875203509926797,
    "std_ms": 2.1094706561561645,
    "p50_ms": 14.287551999092102,
    "p95_ms": 17.845912039279938,
    "p99_ms": 23.033983770608906,
    "min_ms": 10.606016039848328,
    "max_ms": 23.97808039188385,
    "jitter": 0.1418112131876672
  },
  "miss_1ms": 1.0,
  "raw": [
    13.49075198173523,
    13.723872065544128,
    15.940447926521301,
    13.981856226921082,
    13.394783973693848,
    14.788639903068542,
    12.469183921813965,
    23.024447441101074,
    15.241631865501404,
    15.218079924583435,
    15.570016026496887,
    13.299903869628906,
    16.815679788589478,
    14.300384044647217,
    16.371615767478943,
    10.606016039848328,
    18.457311987876892,
    13.455840110778809,
    14.274719953536987,
    22.523168087005615,
    14.458272099494934,
    17.038624048233032,
    13.434080004692078,
    17.217535972595215,
    13.88486385345459,
    17.638272047042847,
    13.002399981021881,
    14.393408060073853,
    16.540127873420715,
    12.919520020484924,
    14.882559895515442,
    14.428192019462585,
    13.979040026664734,
    14.17088007926941,
    13.654592156410217,
    12.976096034049988,
    14.139135837554932,
    13.88153612613678,
    13.406911969184875,
    12.226336121559143,
    12.856000065803528,
    14.493696212768555,
    14.185695767402649,
    13.451552033424377,
    14.086463928222656,
    13.451615929603577,
    14.216320037841797,
    14.167904138565063,
    15.108479976654053,
    12.673951983451843,
    14.48470389842987,
    15.18835175037384,
    16.21452796459198,
    16.953440189361572,
    12.741984128952026,
    15.005759835243225,
    17.411360025405884,
    14.316255927085876,
    15.753695964813232,
    13.517695903778076,
    17.082240223884583,
    12.950751900672913,
    16.14147186279297,
    15.452832102775574,
    14.658080101013184,
    23.97808039188385,
    12.784672021865845,
    16.687455892562866,
    14.535168051719666,
    17.833312034606934,
    11.418336033821106,
    17.01811170578003,
    14.808608055114746,
    14.241504073143005,
    16.986624002456665,
    15.057504177093506,
    16.93567991256714,
    14.166880130767822,
    18.085312128067017,
    13.552287936210632,
    17.229856133461,
    14.160991907119751,
    13.772639870643616,
    16.291232109069824,
    13.018879890441895,
    16.63260781764984,
    13.411040186882019,
    15.079039931297302,
    13.850943803787231,
    13.980703949928284,
    13.87615978717804,
    13.774367928504944,
    13.351968050003052,
    15.307679891586304,
    13.06879997253418,
    14.967680215835571,
    14.135040044784546,
    13.424351930618286,
    14.341343998908997,
    13.969920039176941
  ]
}