{
  "label": "m1n_full_nid001277_g2",
  "num_cells": 8,
  "graph_mode": 1,
  "mode": "GRAPH",
  "mean_ms": 2.2061664056777954,
  "per_cell_ms": 0.27577080070972443,
  "p95_ms": 4.058814311027527,
  "p99_ms": 4.442055478096008,
  "miss_1ms": 0.92,
  "raw": [
    2.366111993789673,
    1.5701760053634644,
    1.2732800245285034,
    1.5964800119400024,
    1.3568320274353027,
    1.5713599920272827,
    1.2595839500427246,
    2.9716479778289795,
    3.8326079845428467,
    4.055840015411377,
    2.2331840991973877,
    2.179840087890625,
    2.2143681049346924,
    2.0939838886260986,
    1.1767679452896118,
    1.3827840089797974,
    0.9681280255317688,
    1.3358080387115479,
    1.561344027519226,
    0.991487979888916,
    2.8018879890441895,
    2.764159917831421,
    3.8266561031341553,
    4.305408000946045,
    2.6737279891967773,
    2.2139201164245605,
    2.4885759353637695,
    1.631392002105713,
    1.409600019454956,
    0.9517760276794434,
    1.3376959562301636,
    1.62009596824646,
    1.0154240131378174,
    2.9681599140167236,
    3.815808057785034,
    4.061247825622559,
    2.245055913925171,
    2.178015947341919,
    2.235136032104492,
    2.1018879413604736,
    1.5895040035247803,
    1.3870400190353394,
    1.1905920505523682,
    1.4084160327911377,
    0.9305279850959778,
    3.2721920013427734,
    2.768768072128296,
    3.8865280151367188,
    4.5733442306518555,
    2.6641600131988525
  ]
}