{
  "label": "bora_resnet",
  "num_cells": 8,
  "graph_mode": 1,
  "mode": "GRAPH",
  "mean_ms": 0.6612012815475464,
  "per_cell_ms": 0.0826501601934433,
  "p95_ms": 0.9794720053672791,
  "p99_ms": 1.0693510031700133,
  "miss_1ms": 0.04,
  "raw": [
    0.6535360217094421,
    0.5233280062675476,
    0.5763520002365112,
    0.7872639894485474,
    0.5837119817733765,
    0.5386880040168762,
    0.7043840289115906,
    0.5590720176696777,
    0.6785920262336731,
    0.5804160237312317,
    0.6707199811935425,
    0.5379520058631897,
    0.5379840135574341,
    0.6599680185317993,
    0.5071039795875549,
    0.506496012210846,
    0.5164160132408142,
    0.8194559812545776,
    0.6196159720420837,
    0.5656960010528564,
    0.5747519731521606,
    0.7039039731025696,
    0.6103039979934692,
    0.567296028137207,
    0.7084800004959106,
    0.6647040247917175,
    0.7015359997749329,
    0.9736639857292175,
    0.5948160290718079,
    0.5950400233268738,
    0.7250239849090576,
    1.0265599489212036,
    0.5298240184783936,
    1.1104639768600464,
    0.6184319853782654,
    0.9842240214347839,
    0.6052160263061523,
    0.881663978099823,
    0.5434560179710388,
    0.5748159885406494,
    0.5768319964408875,
    0.8197759985923767,
    0.667136013507843,
    0.5424000024795532,
    0.8101440072059631,
    0.6672639846801758,
    0.5289599895477295,
    0.8449280261993408,
    0.5512959957122803,
    0.6304000020027161
  ]
}