{
  "label": "s4n_gpt2_n2",
  "num_cells": 8,
  "graph_mode": 1,
  "mode": "GRAPH",
  "mean_ms": 0.43382784008979797,
  "per_cell_ms": 0.054228480011224746,
  "p95_ms": 0.43654720187187196,
  "p99_ms": 0.4379196804761887,
  "miss_1ms": 0.0,
  "raw": [
    0.432096004486084,
    0.4354879856109619,
    0.4334079921245575,
    0.43161600828170776,
    0.4386880099773407,
    0.4342400133609772,
    0.4339199960231781,
    0.43241599202156067,
    0.4330559968948364,
    0.43459200859069824,
    0.4365119934082031,
    0.43276798725128174,
    0.4330559968948364,
    0.4347519874572754,
    0.4343999922275543,
    0.43251198530197144,
    0.4349119961261749,
    0.43612799048423767,
    0.43324801325798035,
    0.4328959882259369,
    0.43324801325798035,
    0.4371199905872345,
    0.43382400274276733,
    0.43248000741004944,
    0.43222400546073914,
    0.43372800946235657,
    0.43568000197410583,
    0.4339199960231781,
    0.43302398920059204,
    0.4317440092563629,
    0.4360640048980713,
    0.43382400274276733,
    0.4344640076160431,
    0.4334079921245575,
    0.4336000084877014,
    0.43372800946235657,
    0.4323520064353943,
    0.4336000084877014,
    0.43375998735427856,
    0.43321600556373596,
    0.4331519901752472,
    0.43433600664138794,
    0.4365760087966919,
    0.4330880045890808,
    0.43193599581718445,
    0.434688001871109,
    0.4333760142326355,
    0.43251198530197144,
    0.43273600935935974,
    0.43327999114990234
  ]
}