{
  "label": "s2n4g_resnet_nid002689_g0",
  "num_cells": 8,
  "graph_mode": 1,
  "mode": "GRAPH",
  "mean_ms": 2.2394784188270567,
  "per_cell_ms": 0.2799348023533821,
  "p95_ms": 4.0223664999008175,
  "p99_ms": 4.462732710838316,
  "miss_1ms": 0.98,
  "raw": [
    3.972928047180176,
    3.3133440017700195,
    1.5014400482177734,
    2.4870400428771973,
    1.3638399839401245,
    1.4807039499282837,
    1.5901440382003784,
    1.3975679874420166,
    1.652351975440979,
    1.0503679513931274,
    2.9721920490264893,
    3.813728094100952,
    3.430624008178711,
    1.9494080543518066,
    2.2010560035705566,
    2.365056037902832,
    1.5798399448394775,
    0.8529599905014038,
    3.558527946472168,
    3.416543960571289,
    3.965183973312378,
    2.1224639415740967,
    1.9120639562606812,
    2.451807975769043,
    1.3698240518569946,
    1.3141119480133057,
    1.3806400299072266,
    1.0530240535736084,
    1.4154560565948486,
    3.12227201461792,
    4.818496227264404,
    4.0924482345581055,
    2.617248058319092,
    1.536128044128418,
    2.2217280864715576,
    2.0951039791107178,
    1.5997439622879028,
    1.3667199611663818,
    1.2312639951705933,
    1.3653440475463867,
    1.6900160312652588,
    1.0469119548797607,
    2.9679999351501465,
    3.8155200481414795,
    4.062816143035889,
    2.240384101867676,
    1.5089279413223267,
    2.210911989212036,
    2.2794880867004395,
    1.1502079963684082
  ]
}