{
  "label": "s2n4g_baseline_nid002688_g2",
  "num_cells": 8,
  "graph_mode": 1,
  "mode": "GRAPH",
  "mean_ms": 0.4353484803438187,
  "per_cell_ms": 0.054418560042977335,
  "p95_ms": 0.44041920006275176,
  "p99_ms": 0.4415011179447174,
  "miss_1ms": 0.0,
  "raw": [
    0.43324801325798035,
    0.43830400705337524,
    0.43935999274253845,
    0.434143990278244,
    0.4320639967918396,
    0.43462398648262024,
    0.4362879991531372,
    0.43321600556373596,
    0.4344319999217987,
    0.434143990278244,
    0.4400320053100586,
    0.4342400133609772,
    0.4331200122833252,
    0.4343999922275543,
    0.4363200068473816,
    0.43356800079345703,
    0.4341759979724884,
    0.4349760115146637,
    0.4342080056667328,
    0.4325439929962158,
    0.4421440064907074,
    0.4350079894065857,
    0.438944011926651,
    0.43327999114990234,
    0.432096004486084,
    0.4355520009994507,
    0.43516799807548523,
    0.4360319972038269,
    0.4328640103340149,
    0.4350399971008301,
    0.43584001064300537,
    0.4350079894065857,
    0.4334399998188019,
    0.4338879883289337,
    0.4331839978694916,
    0.4330559968948364,
    0.4326399862766266,
    0.43379199504852295,
    0.4370560050010681,
    0.43167999386787415,
    0.430976003408432,
    0.43321600556373596,
    0.4391680061817169,
    0.43833601474761963,
    0.4371519982814789,
    0.4408319890499115,
    0.43833601474761963,
    0.4376319944858551,
    0.44073599576950073,
    0.4379200041294098
  ]
}