{
  "label": "hthresh_baseline_final",
  "num_cells": 20,
  "num_tx": 4,
  "num_rx": 4,
  "mcs": 2,
  "hbm_pct": 22.0,
  "stats": {
    "name": "hthresh_baseline_final",
    "count": 100,
    "mean_ms": 16.09004032254219,
    "std_ms": 6.2277088291852944,
    "p50_ms": 14.560256004333496,
    "p95_ms": 19.470555043220504,
    "p99_ms": 45.658394505381665,
    "min_ms": 14.441119968891144,
    "max_ms": 61.88755190372467,
    "jitter": 0.3870536496083392
  },
  "miss_1ms": 1.0,
  "raw": [
    14.83267194032669,
    15.973920106887817,
    16.19760012626648,
    14.57667201757431,
    14.576031982898712,
    14.523584067821503,
    14.58214396238327,
    14.534144103527069,
    14.477023959159851,
    14.6146559715271,
    14.589823961257935,
    14.51478397846222,
    17.616160035133362,
    45.49446362257004,
    14.936992108821869,
    14.680320024490356,
    14.54479992389679,
    14.651327908039093,
    14.562848091125488,
    14.636831820011139,
    14.593247890472412,
    14.540704011917114,
    14.523328006267548,
    14.55321592092514,
    15.803360044956207,
    16.55136001110077,
    14.492159843444824,
    14.522176086902618,
    14.4964160323143,
    14.582880079746246,
    14.584128141403198,
    14.568352043628693,
    14.607647955417633,
    14.564799904823303,
    14.500351965427399,
    14.554976105690002,
    61.88755190372467,
    26.755328059196472,
    14.650784015655518,
    14.5660480260849,
    14.578656077384949,
    14.602367877960205,
    14.49945604801178,
    14.493216097354889,
    14.577663958072662,
    14.500064015388489,
    14.630752146244049,
    15.347008049488068,
    16.732991933822632,
    14.491680026054382,
    14.56140798330307,
    14.471808016300201,
    14.491935968399048,
    14.540095925331116,
    14.514847993850708,
    14.556991934776306,
    14.491168081760406,
    14.4724480509758,
    14.526815950870514,
    19.159903824329376,
    25.372928202152252,
    14.563135981559753,
    14.441119968891144,
    14.467040061950684,
    14.493056178092957,
    14.615647912025452,
    17.26937609910965,
    14.482400000095367,
    14.479135930538177,
    14.534207940101624,
    15.18582397699356,
    17.247072100639343,
    14.56742399930954,
    14.55753606557846,
    14.559104025363922,
    14.589983999729156,
    14.562400043010712,
    14.46998405456543,
    14.552736043930054,
    14.517856001853943,
    14.489759981632233,
    14.613344013690948,
    16.347455978393555,
    15.80486410856247,
    14.48991996049881,
    14.463871955871582,
    14.63395208120346,
    14.507487952709198,
    14.502592086791992,
    14.484991788864136,
    14.477568089962006,
    14.509215950965881,
    14.546176016330719,
    17.3859521150589,
    38.55708795785904,
    14.471487998962402,
    14.458976030349731,
    14.480288028717041,
    14.478239893913269,
    14.515935957431793
  ]
}