{
  "label": "mig72_4n_qwen_nid008633_g0",
  "num_cells": 8,
  "graph_mode": 1,
  "mode": "GRAPH",
  "mean_ms": 0.6478303968906403,
  "per_cell_ms": 0.08097879961133003,
  "p95_ms": 1.1512095898389807,
  "p99_ms": 1.6723164713382708,
  "miss_1ms": 0.06,
  "raw": [
    0.5429120063781738,
    0.47974398732185364,
    0.4971520006656647,
    0.5150399804115295,
    0.582751989364624,
    0.5564799904823303,
    0.571071982383728,
    0.5671039819717407,
    0.5400639772415161,
    0.5414080023765564,
    0.5285760164260864,
    0.5428479909896851,
    0.5243520140647888,
    0.5007039904594421,
    0.5323200225830078,
    0.5244160294532776,
    0.5093119740486145,
    0.5289279818534851,
    0.5238080024719238,
    0.5620480179786682,
    0.5455359816551208,
    0.5334720015525818,
    0.5481600165367126,
    0.5869439840316772,
    0.6407999992370605,
    0.7560960054397583,
    1.293280005455017,
    1.9975039958953857,
    0.7671040296554565,
    0.8564159870147705,
    1.3338559865951538,
    0.7361279726028442,
    0.7717120051383972,
    0.8488960266113281,
    0.6814079880714417,
    0.7377920150756836,
    0.7438399791717529,
    0.6068480014801025,
    0.6272640228271484,
    0.531711995601654,
    0.5204799771308899,
    0.4978559911251068,
    0.49795201420783997,
    0.4883840084075928,
    0.5502719879150391,
    0.541375994682312,
    0.48927998542785645,
    0.4848319888114929,
    0.9775679707527161,
    0.5277119874954224
  ]
}