{
  "label": "bora_C_nid008353_g1",
  "config": "C",
  "mean_ms": 0.5415084779262542,
  "p99_ms": 0.5828473716974258,
  "miss_1ms": 0.0,
  "raw": [
    0.531391978263855,
    0.5380480289459229,
    0.543615996837616,
    0.5474879741668701,
    0.5332159996032715,
    0.53302401304245,
    0.5282559990882874,
    0.5363199710845947,
    0.5890880227088928,
    0.5466880202293396,
    0.5666559934616089,
    0.5763520002365112,
    0.5370879769325256,
    0.5351679921150208,
    0.5310720205307007,
    0.5353919863700867,
    0.5297279953956604,
    0.5587199926376343,
    0.5323839783668518,
    0.5479040145874023,
    0.5425919890403748,
    0.5228800177574158,
    0.5423039793968201,
    0.5382720232009888,
    0.5352640151977539,
    0.5487679839134216,
    0.5433599948883057,
    0.5602239966392517,
    0.5464000105857849,
    0.5452479720115662,
    0.5400959849357605,
    0.5472639799118042,
    0.548255980014801,
    0.5396479964256287,
    0.5352640151977539,
    0.5236160159111023,
    0.5350720286369324,
    0.5242879986763,
    0.5370879769325256,
    0.551967978477478,
    0.5319039821624756,
    0.5316799879074097,
    0.5413439869880676,
    0.5379520058631897,
    0.5386239886283875,
    0.5486400127410889,
    0.5305280089378357,
    0.5469440221786499,
    0.5349760055541992,
    0.5473600029945374
  ]
}