{
  "label": "s4n4g_baseline_nid003956_g2",
  "num_cells": 8,
  "graph_mode": 1,
  "mode": "GRAPH",
  "mean_ms": 0.4339820802211761,
  "per_cell_ms": 0.054247760027647016,
  "p95_ms": 0.4373983919620514,
  "p99_ms": 0.43939584016799926,
  "miss_1ms": 0.0,
  "raw": [
    0.43507200479507446,
    0.43542400002479553,
    0.4359999895095825,
    0.4343680143356323,
    0.4346559941768646,
    0.43356800079345703,
    0.43382400274276733,
    0.42662400007247925,
    0.4392000138759613,
    0.42953601479530334,
    0.4338879883289337,
    0.4336960017681122,
    0.43331199884414673,
    0.4331519901752472,
    0.4375999867916107,
    0.4326080083847046,
    0.43299201130867004,
    0.4354560077190399,
    0.43561598658561707,
    0.43481600284576416,
    0.43430399894714355,
    0.4293760061264038,
    0.4357759952545166,
    0.4333440065383911,
    0.4347839951515198,
    0.43510401248931885,
    0.434143990278244,
    0.4338560104370117,
    0.43401598930358887,
    0.4349119961261749,
    0.4365119934082031,
    0.43222400546073914,
    0.4343999922275543,
    0.4371519982814789,
    0.43299201130867004,
    0.43164798617362976,
    0.4322879910469055,
    0.4347839951515198,
    0.4330559968948364,
    0.4325760006904602,
    0.43139201402664185,
    0.43593600392341614,
    0.43433600664138794,
    0.4323520064353943,
    0.4318079948425293,
    0.43404799699783325,
    0.4362879991531372,
    0.4330880045890808,
    0.43161600828170776,
    0.43958398699760437
  ]
}