{
  "label": "mig32_4n_base_nid001536_g2",
  "num_cells": 8,
  "graph_mode": 1,
  "mode": "GRAPH",
  "mean_ms": 0.468855037689209,
  "per_cell_ms": 0.058606879711151125,
  "p95_ms": 0.47300160974264144,
  "p99_ms": 0.4742841580510139,
  "miss_1ms": 0.0,
  "raw": [
    0.4702720046043396,
    0.47337600588798523,
    0.4691520035266876,
    0.46963199973106384,
    0.4682239890098572,
    0.4704959988594055,
    0.470335990190506,
    0.4692800045013428,
    0.46774399280548096,
    0.4699519872665405,
    0.4710080027580261,
    0.47228801250457764,
    0.4679360091686249,
    0.4702399969100952,
    0.4696959853172302,
    0.4679679870605469,
    0.46854400634765625,
    0.47171199321746826,
    0.469215989112854,
    0.4692479968070984,
    0.4676479995250702,
    0.470335990190506,
    0.4699519872665405,
    0.46697598695755005,
    0.4655359983444214,
    0.47366398572921753,
    0.4696959853172302,
    0.4671039879322052,
    0.4668160080909729,
    0.4682239890098572,
    0.4700160026550293,
    0.4682239890098572,
    0.4658240079879761,
    0.4665600061416626,
    0.4683839976787567,
    0.4686720073223114,
    0.4676479995250702,
    0.4663679897785187,
    0.468095988035202,
    0.4657920002937317,
    0.47254401445388794,
    0.46748799085617065,
    0.46675199270248413,
    0.4665600061416626,
    0.46777600049972534,
    0.46931201219558716,
    0.46883198618888855,
    0.46508800983428955,
    0.46566399931907654,
    0.47488000988960266
  ]
}