{
  "label": "real4gpu_gpt2_gpu0",
  "num_cells": 4,
  "hbm_used_pct": 13.4,
  "stats": {
    "name": "real4gpu_gpt2_gpu0",
    "count": 100,
    "mean_ms": 63.56083317756653,
    "std_ms": 2.8814450691123357,
    "p50_ms": 62.97265577316284,
    "p95_ms": 67.78583283424376,
    "p99_ms": 72.87370360374454,
    "min_ms": 60.209919929504395,
    "max_ms": 80.40486526489258,
    "jitter": 0.04533365793149054
  },
  "miss_1ms": 1.0,
  "raw": [
    61.30819225311279,
    64.369215965271,
    64.96422290802002,
    62.42015838623047,
    63.31788635253906,
    64.42406368255615,
    63.98342227935791,
    60.65529537200928,
    60.411967277526855,
    80.40486526489258,
    70.39859104156494,
    62.33964729309082,
    63.3342399597168,
    72.79763126373291,
    63.97593593597412,
    61.3308801651001,
    61.72172737121582,
    61.61068820953369,
    61.99827194213867,
    62.26492691040039,
    61.9584321975708,
    60.70342445373535,
    61.24700736999512,
    63.96230411529541,
    62.996158599853516,
    65.27276992797852,
    63.327199935913086,
    64.33366298675537,
    64.30118465423584,
    71.10195255279541,
    67.30383968353271,
    62.10521602630615,
    61.56483268737793,
    63.009023666381836,
    63.0621452331543,
    62.282591819763184,
    61.74537658691406,
    62.300479888916016,
    60.987775802612305,
    62.063392639160156,
    60.209919929504395,
    61.59398365020752,
    63.76963233947754,
    62.882368087768555,
    65.38835144042969,
    63.309632301330566,
    61.976736068725586,
    64.03766441345215,
    62.96511936187744,
    62.50399875640869,
    61.68403148651123,
    63.02828884124756,
    63.40377616882324,
    62.30201530456543,
    65.64121532440186,
    62.06575965881348,
    63.01631832122803,
    62.76476764678955,
    63.00271987915039,
    65.89872074127197,
    67.46732807159424,
    67.64831924438477,
    67.06044960021973,
    63.595680236816406,
    63.59676742553711,
    63.009599685668945,
    61.99571228027344,
    61.45350360870361,
    61.368191719055176,
    62.93072032928467,
    62.38313674926758,
    63.28336048126221,
    64.91360092163086,
    63.39967918395996,
    65.20403099060059,
    63.74207878112793,
    62.002047538757324,
    62.59414482116699,
    61.42828845977783,
    63.287872314453125,
    61.96771240234375,
    60.979615211486816,
    61.88083267211914,
    61.99430465698242,
    62.275519371032715,
    64.61225605010986,
    63.38435173034668,
    63.40163040161133,
    62.040639877319336,
    72.25491142272949,
    67.61987209320068,
    62.37635326385498,
    66.59129524230957,
    62.98019218444824,
    64.97257614135742,
    62.634849548339844,
    61.05638408660889,
    62.90268898010254,
    61.32972812652588,
    61.35747146606445
  ]
}