{
  "label": "MIG_L1-7g_solo",
  "l1_profile": "7g",
  "ai_profile": null,
  "ai_workload": "none",
  "l1_sm_pct": 100,
  "ai_sm_pct": 0,
  "stats": {
    "name": "RX_MIG_L1-7g_solo",
    "count": 100,
    "mean_ms": 0.966896960735321,
    "std_ms": 0.116015881913242,
    "p50_ms": 0.976207971572876,
    "p95_ms": 1.1243168115615845,
    "p99_ms": 1.1286525356769561,
    "min_ms": 0.8352959752082825,
    "max_ms": 1.1298880577087402,
    "jitter": 0.1199878442321428
  },
  "miss_1ms": 0.5,
  "raw": [
    1.1084480285644531,
    0.8867520093917847,
    1.1242560148239136,
    0.8896960020065308,
    1.1122239828109741,
    0.8844479918479919,
    1.0892800092697144,
    0.8398079872131348,
    1.1033920049667358,
    0.838047981262207,
    1.1225600242614746,
    0.8416000008583069,
    1.1220799684524536,
    0.8383039832115173,
    1.0676480531692505,
    0.8895040154457092,
    1.056607961654663,
    0.8466560244560242,
    1.0618879795074463,
    0.842848002910614,
    1.0607359409332275,
    0.8401920199394226,
    1.057695984840393,
    0.8422399759292603,
    1.1284480094909668,
    0.8886719942092896,
    1.0996160507202148,
    0.8582720160484314,
    1.0718400478363037,
    0.8475199937820435,
    1.0608320236206055,
    0.8980799913406372,
    1.0605440139770508,
    0.8384640216827393,
    1.1231039762496948,
    0.8402559757232666,
    1.0871039628982544,
    0.8584960103034973,
    1.0599679946899414,
    0.8443840146064758,
    1.1254719495773315,
    0.8866239786148071,
    1.05840003490448,
    0.8449280261993408,
    1.0637439489364624,
    0.8464639782905579,
    1.1152000427246094,
    0.8554559946060181,
    1.0821759700775146,
    0.8378880023956299,
    1.0543359518051147,
    0.8440960049629211,
    1.0861760377883911,
    0.8524159789085388,
    1.128640055656433,
    0.8412479758262634,
    1.062175989151001,
    0.8432959914207458,
    1.059775948524475,
    0.8739519715309143,
    1.055840015411377,
    0.8366400003433228,
    1.0615040063858032,
    0.8490880131721497,
    1.1298880577087402,
    0.8433600068092346,
    1.056928038597107,
    0.8868799805641174,
    1.0659199953079224,
    0.8392320275306702,
    1.0572160482406616,
    0.8415039777755737,
    1.0591039657592773,
    0.8415039777755737,
    1.1266560554504395,
    0.8913599848747253,
    1.056704044342041,
    0.8352959752082825,
    1.0637439489364624,
    0.8412160277366638,
    1.059872031211853,
    0.8454399704933167,
    1.0577919483184814,
    0.846560001373291,
    1.0736639499664307,
    0.8381440043449402,
    1.0831680297851562,
    0.8499199748039246,
    1.059999942779541,
    0.8389760255813599,
    1.0902400016784668,
    0.8734080195426941,
    1.063904047012329,
    0.8436480164527893,
    1.0739519596099854,
    0.8486080169677734,
    1.0608960390090942,
    0.8458880186080933,
    1.0625920295715332,
    0.8384640216827393
  ]
}