{
  "label": "s1n4g_baseline_nid001285_g0",
  "num_cells": 8,
  "graph_mode": 1,
  "mode": "GRAPH",
  "mean_ms": 0.5488940811157227,
  "per_cell_ms": 0.06861176013946534,
  "p95_ms": 0.5550831884145737,
  "p99_ms": 0.558128958940506,
  "miss_1ms": 0.0,
  "raw": [
    0.5533120036125183,
    0.5580800175666809,
    0.5469759702682495,
    0.5540800094604492,
    0.5533440113067627,
    0.5465599894523621,
    0.5449280142784119,
    0.5509759783744812,
    0.5433279871940613,
    0.5513920187950134,
    0.5435199737548828,
    0.5501760244369507,
    0.5437120199203491,
    0.5513920187950134,
    0.5432639718055725,
    0.5518720149993896,
    0.5416640043258667,
    0.5517439842224121,
    0.5444160103797913,
    0.5435839891433716,
    0.5502399802207947,
    0.5459520220756531,
    0.5513920187950134,
    0.5501440167427063,
    0.5500159859657288,
    0.5525439977645874,
    0.5520960092544556,
    0.5509759783744812,
    0.5503039956092834,
    0.5516480207443237,
    0.5435199737548828,
    0.5422080159187317,
    0.5435839891433716,
    0.551360011100769,
    0.5581759810447693,
    0.5459840297698975,
    0.5435519814491272,
    0.5459520220756531,
    0.5468479990959167,
    0.5449280142784119,
    0.5513280034065247,
    0.5454400181770325,
    0.55103999376297,
    0.555903971195221,
    0.5505920052528381,
    0.551967978477478,
    0.5518079996109009,
    0.5503360033035278,
    0.5459840297698975,
    0.5505599975585938
  ]
}