{
  "label": "s4n4g_gpt2_nid003956_g0",
  "num_cells": 8,
  "graph_mode": 1,
  "mode": "GRAPH",
  "mean_ms": 0.444453119635582,
  "per_cell_ms": 0.05555663995444775,
  "p95_ms": 0.48840160220861434,
  "p99_ms": 0.572545272707939,
  "miss_1ms": 0.0,
  "raw": [
    0.43353599309921265,
    0.48451200127601624,
    0.4344319999217987,
    0.43296000361442566,
    0.43241599202156067,
    0.43353599309921265,
    0.4350079894065857,
    0.4328959882259369,
    0.435232013463974,
    0.4333760142326355,
    0.43353599309921265,
    0.4338879883289337,
    0.4333440065383911,
    0.43382400274276733,
    0.434112012386322,
    0.5186240077018738,
    0.4474239945411682,
    0.4343680143356323,
    0.4347839951515198,
    0.43219199776649475,
    0.44038400053977966,
    0.4342080056667328,
    0.43408000469207764,
    0.44364801049232483,
    0.43532800674438477,
    0.43561598658561707,
    0.4333760142326355,
    0.4328640103340149,
    0.4331839978694916,
    0.4344319999217987,
    0.49158400297164917,
    0.4519680142402649,
    0.4503360092639923,
    0.458624005317688,
    0.4366399943828583,
    0.4349760115146637,
    0.4357759952545166,
    0.4365119934082031,
    0.4366399943828583,
    0.43510401248931885,
    0.624351978302002,
    0.4459199905395508,
    0.4365119934082031,
    0.436383992433548,
    0.4344959855079651,
    0.4362879991531372,
    0.4516800045967102,
    0.43487998843193054,
    0.4357439875602722,
    0.4371199905872345
  ]
}