{
  "label": "mig32_4n_qwen_nid001537_g0",
  "num_cells": 8,
  "graph_mode": 1,
  "mode": "GRAPH",
  "mean_ms": 0.5353529596328735,
  "per_cell_ms": 0.0669191199541092,
  "p95_ms": 0.5993920147418975,
  "p99_ms": 0.6193164789676666,
  "miss_1ms": 0.0,
  "raw": [
    0.5271679759025574,
    0.5732799768447876,
    0.5364800095558167,
    0.5190079808235168,
    0.5249599814414978,
    0.5262719988822937,
    0.6234560012817383,
    0.5433279871940613,
    0.5197439789772034,
    0.5262079834938049,
    0.5356799960136414,
    0.5259199738502502,
    0.5264959931373596,
    0.5384640097618103,
    0.5351359844207764,
    0.5310400128364563,
    0.5231360197067261,
    0.5141440033912659,
    0.6054400205612183,
    0.5103039741516113,
    0.5295040011405945,
    0.535423994064331,
    0.5206400156021118,
    0.5156800150871277,
    0.5192000269889832,
    0.5713279843330383,
    0.5310720205307007,
    0.5274879932403564,
    0.527616024017334,
    0.5493119955062866,
    0.5270079970359802,
    0.5262079834938049,
    0.5258880257606506,
    0.52019202709198,
    0.5663359761238098,
    0.5414400100708008,
    0.5403519868850708,
    0.527999997138977,
    0.5242239832878113,
    0.5920000076293945,
    0.5364800095558167,
    0.5682560205459595,
    0.5284159779548645,
    0.5261120200157166,
    0.6150079965591431,
    0.5368000268936157,
    0.5297279953956604,
    0.4902400076389313,
    0.47603198885917664,
    0.47600001096725464
  ]
}