{
  "label": "s2n4g_resnet_nid002688_g0",
  "num_cells": 8,
  "graph_mode": 1,
  "mode": "GRAPH",
  "mean_ms": 2.3387072241306304,
  "per_cell_ms": 0.2923384030163288,
  "p95_ms": 4.3140641927719106,
  "p99_ms": 4.662814145088195,
  "miss_1ms": 0.94,
  "raw": [
    2.679680109024048,
    2.2112319469451904,
    2.5948479175567627,
    1.6266239881515503,
    1.3925440311431885,
    0.9522240161895752,
    1.3637759685516357,
    1.6445120573043823,
    1.270367980003357,
    2.9716479778289795,
    4.48960018157959,
    3.9730238914489746,
    3.427839994430542,
    2.2265279293060303,
    2.491424083709717,
    1.3711040019989014,
    1.497920036315918,
    1.5261119604110718,
    1.3531839847564697,
    1.7873599529266357,
    1.0414719581604004,
    2.962048053741455,
    4.489920139312744,
    3.9616000652313232,
    3.437824010848999,
    2.2094080448150635,
    2.5919361114501953,
    1.3611520528793335,
    1.5203839540481567,
    1.5185600519180298,
    1.343008041381836,
    1.644320011138916,
    0.9964159727096558,
    4.007840156555176,
    4.828927993774414,
    4.099520206451416,
    2.5834879875183105,
    1.5025919675827026,
    2.2204160690307617,
    2.0948801040649414,
    1.3912960290908813,
    1.415168046951294,
    0.9416319727897644,
    2.9851200580596924,
    3.820352077484131,
    3.7392959594726562,
    3.32041597366333,
    2.2230401039123535,
    2.480031967163086,
    1.3517440557479858
  ]
}