{
  "label": "q32b2n_baseline_nid001640_g2",
  "num_cells": 8,
  "graph_mode": 1,
  "mode": "GRAPH",
  "mean_ms": 0.4347027200460434,
  "per_cell_ms": 0.05433784000575542,
  "p95_ms": 0.43858719021081927,
  "p99_ms": 0.44070175915956494,
  "miss_1ms": 0.0,
  "raw": [
    0.43564799427986145,
    0.43612799048423767,
    0.43584001064300537,
    0.438975989818573,
    0.4347519874572754,
    0.43584001064300537,
    0.4357120096683502,
    0.4330880045890808,
    0.4368959963321686,
    0.43753600120544434,
    0.43375998735427856,
    0.43302398920059204,
    0.4342080056667328,
    0.43590399622917175,
    0.4368000030517578,
    0.4320000112056732,
    0.4325760006904602,
    0.4330880045890808,
    0.4347839951515198,
    0.434688001871109,
    0.4318079948425293,
    0.43356800079345703,
    0.43427199125289917,
    0.4328959882259369,
    0.43372800946235657,
    0.4345279932022095,
    0.4336960017681122,
    0.4399999976158142,
    0.4346559941768646,
    0.4360640048980713,
    0.4328959882259369,
    0.4320000112056732,
    0.4307200014591217,
    0.43372800946235657,
    0.43513599038124084,
    0.4338560104370117,
    0.43299201130867004,
    0.4326080083847046,
    0.435263991355896,
    0.43433600664138794,
    0.43408000469207764,
    0.43382400274276733,
    0.43331199884414673,
    0.43772798776626587,
    0.4349760115146637,
    0.43356800079345703,
    0.43324801325798035,
    0.4413760006427765,
    0.4349119961261749,
    0.4381119906902313
  ]
}