{
  "label": "bora40_B_resnet",
  "num_cells": 8,
  "graph_mode": 1,
  "mode": "GRAPH",
  "mean_ms": 0.6313196790218353,
  "per_cell_ms": 0.07891495987772941,
  "p95_ms": 0.9038127988576887,
  "p99_ms": 1.017281281352043,
  "miss_1ms": 0.02,
  "raw": [
    0.5952960252761841,
    0.5338559746742249,
    0.5850560069084167,
    0.6759999990463257,
    0.6245759725570679,
    0.5482879877090454,
    0.7197440266609192,
    0.5537279844284058,
    0.5274559855461121,
    0.6591359972953796,
    0.5198720097541809,
    0.5068479776382446,
    0.5143679976463318,
    0.7524160146713257,
    0.6162559986114502,
    0.5680639743804932,
    0.5892800092697144,
    0.7026240229606628,
    0.8655679821968079,
    0.7247999906539917,
    0.6853439807891846,
    0.5952000021934509,
    0.7394559979438782,
    0.6780160069465637,
    0.6204800009727478,
    0.5522559881210327,
    0.5428799986839294,
    1.0440000295639038,
    0.7411519885063171,
    0.548799991607666,
    0.5613440275192261,
    0.8461440205574036,
    0.5799679756164551,
    0.552511990070343,
    0.5847039818763733,
    0.5232959985733032,
    0.6376000046730042,
    0.5127679705619812,
    0.5717440247535706,
    0.5371519923210144,
    0.570464015007019,
    0.7395840287208557,
    0.9351040124893188,
    0.5451520085334778,
    0.569599986076355,
    0.5618559718132019,
    0.5325440168380737,
    0.989471971988678,
    0.5231360197067261,
    0.561024010181427
  ]
}