{
  "label": "s4n4g_resnet_nid003953_g2",
  "num_cells": 8,
  "graph_mode": 1,
  "mode": "GRAPH",
  "mean_ms": 0.43612672030925753,
  "per_cell_ms": 0.05451584003865719,
  "p95_ms": 0.4418960005044937,
  "p99_ms": 0.4470790466666221,
  "miss_1ms": 0.0,
  "raw": [
    0.4344959855079651,
    0.43769600987434387,
    0.4334399998188019,
    0.4342400133609772,
    0.4331200122833252,
    0.43750399351119995,
    0.4366079866886139,
    0.43302398920059204,
    0.4450879991054535,
    0.4360640048980713,
    0.43647998571395874,
    0.4432640075683594,
    0.43510401248931885,
    0.4373759925365448,
    0.43747198581695557,
    0.43558400869369507,
    0.4349440038204193,
    0.43539199233055115,
    0.4368000030517578,
    0.43487998843193054,
    0.43456000089645386,
    0.4379520118236542,
    0.43427199125289917,
    0.43539199233055115,
    0.4357120096683502,
    0.4376319944858551,
    0.43558400869369507,
    0.434688001871109,
    0.43459200859069824,
    0.4366399943828583,
    0.43433600664138794,
    0.4355199933052063,
    0.4343680143356323,
    0.43699198961257935,
    0.4374080002307892,
    0.4345279932022095,
    0.4360319972038269,
    0.4368959963321686,
    0.4402239918708801,
    0.4342400133609772,
    0.434112012386322,
    0.4357439875602722,
    0.4352000057697296,
    0.43510401248931885,
    0.4322879910469055,
    0.43481600284576416,
    0.4489920139312744,
    0.43513599038124084,
    0.4344319999217987,
    0.4343680143356323
  ]
}