{
  "label": "g40_sm30",
  "num_cells": 20,
  "num_tx": 4,
  "num_rx": 4,
  "mcs": 2,
  "hbm_pct": 43.4,
  "stats": {
    "name": "g40_sm30",
    "count": 100,
    "mean_ms": 17.17589375555515,
    "std_ms": 8.36860837049987,
    "p50_ms": 14.866543918848038,
    "p95_ms": 31.621687993407228,
    "p99_ms": 59.5630730378628,
    "min_ms": 14.685248017311096,
    "max_ms": 63.46931231021881,
    "jitter": 0.48722986352854186
  },
  "miss_1ms": 1.0,
  "raw": [
    17.014335989952087,
    38.77161604166031,
    22.911264181137085,
    14.866335988044739,
    14.84172797203064,
    14.808512032032013,
    14.866751849651337,
    14.820288002490997,
    14.942975997924805,
    14.83184003829956,
    14.908064126968384,
    15.00086396932602,
    14.937568068504333,
    17.48860800266266,
    15.300351798534393,
    14.81334400177002,
    14.813311994075775,
    14.86684799194336,
    14.81411200761795,
    14.849247932434082,
    14.795232057571411,
    14.793343961238861,
    14.729215860366821,
    14.75788801908493,
    43.48860776424408,
    51.83776015043259,
    14.821600019931793,
    14.806975841522217,
    14.910912036895752,
    14.84879994392395,
    14.710752010345459,
    14.879359900951385,
    14.965247869491577,
    14.764512062072754,
    14.817247927188873,
    14.7745281457901,
    17.15523189306259,
    15.467136025428772,
    15.022207975387573,
    15.005056023597717,
    14.873183965682983,
    14.783072054386139,
    15.029344022274017,
    14.881280064582825,
    15.090687930583954,
    14.838272094726562,
    14.812384009361267,
    15.620288014411926,
    31.245375990867615,
    14.850144028663635,
    14.814144134521484,
    14.84086400270462,
    14.876992046833038,
    14.824415981769562,
    15.072479963302612,
    14.85948795080185,
    14.83545595407486,
    14.87804800271988,
    14.988927960395813,
    16.947743952274323,
    15.823808014392853,
    14.7289599776268,
    14.778272092342377,
    14.907392024993896,
    14.852191984653473,
    15.005791902542114,
    14.747103989124298,
    14.83209604024887,
    14.685248017311096,
    15.00188809633255,
    22.337279796600342,
    59.52361607551575,
    14.848383903503418,
    14.87007999420166,
    14.819584012031555,
    14.960799932479858,
    14.759135961532593,
    14.791199922561646,
    14.797919929027557,
    14.717599928379059,
    14.815808057785034,
    14.826752007007599,
    16.70355200767517,
    16.111039996147156,
    14.737888038158417,
    14.768831968307495,
    14.99343991279602,
    14.819680035114288,
    14.838111937046051,
    14.891552031040192,
    14.91484797000885,
    14.730367839336395,
    14.80377584695816,
    17.152352213859558,
    63.46931231021881,
    14.897984027862549,
    14.898848116397858,
    14.811743974685669,
    14.866751909255981,
    14.966208159923553
  ]
}