{
  "label": "nvidia_resnet",
  "num_cells": 8,
  "graph_mode": 1,
  "mode": "GRAPH",
  "mean_ms": 0.63743488073349,
  "per_cell_ms": 0.07967936009168625,
  "p95_ms": 0.892641597986221,
  "p99_ms": 1.106082190275192,
  "miss_1ms": 0.04,
  "raw": [
    0.5206400156021118,
    0.5542399883270264,
    0.69651198387146,
    0.540992021560669,
    0.5184959769248962,
    0.5434560179710388,
    0.5455679893493652,
    0.5097600221633911,
    0.6544960141181946,
    0.6362239718437195,
    0.5856639742851257,
    0.6350719928741455,
    1.133631944656372,
    0.6058880090713501,
    0.7405120134353638,
    0.609503984451294,
    0.5618240237236023,
    0.6946880221366882,
    0.707360029220581,
    0.5842880010604858,
    0.6942399740219116,
    0.5748479962348938,
    0.6181439757347107,
    0.5697600245475769,
    0.5225920081138611,
    0.5035200119018555,
    0.5818880200386047,
    0.5702720284461975,
    0.803712010383606,
    0.7529280185699463,
    0.6763839721679688,
    0.5628160238265991,
    0.6988160014152527,
    0.5856000185012817,
    0.5103359818458557,
    0.5134080052375793,
    0.577567994594574,
    0.6190720200538635,
    1.077407956123352,
    0.5735359787940979,
    0.8396480083465576,
    0.6556159853935242,
    0.527616024017334,
    0.58160001039505,
    0.5476800203323364,
    0.5731520056724548,
    0.7508479952812195,
    0.5908799767494202,
    0.9359999895095825,
    0.7030400037765503
  ]
}