{
  "label": "s4n4g_resnet_nid001269_g2",
  "num_cells": 8,
  "graph_mode": 1,
  "mode": "GRAPH",
  "mean_ms": 0.4378368031978607,
  "per_cell_ms": 0.05472960039973259,
  "p95_ms": 0.44922720491886137,
  "p99_ms": 0.45343169003725053,
  "miss_1ms": 0.0,
  "raw": [
    0.43558400869369507,
    0.4365760087966919,
    0.44892799854278564,
    0.43456000089645386,
    0.44646400213241577,
    0.4368959963321686,
    0.43718400597572327,
    0.43667200207710266,
    0.4350079894065857,
    0.4505920112133026,
    0.43564799427986145,
    0.4365119934082031,
    0.43516799807548523,
    0.436352014541626,
    0.43612799048423767,
    0.4445759952068329,
    0.4360960125923157,
    0.43692800402641296,
    0.43615999817848206,
    0.435232013463974,
    0.4344319999217987,
    0.4375680088996887,
    0.44947201013565063,
    0.4363200068473816,
    0.4362559914588928,
    0.4360319972038269,
    0.43644800782203674,
    0.4360960125923157,
    0.43753600120544434,
    0.4379200041294098,
    0.43779200315475464,
    0.4368320107460022,
    0.43532800674438477,
    0.43670400977134705,
    0.43542400002479553,
    0.4350399971008301,
    0.4349119961261749,
    0.43584001064300537,
    0.43593600392341614,
    0.4349760115146637,
    0.43558400869369507,
    0.4365760087966919,
    0.43532800674438477,
    0.435232013463974,
    0.43987199664115906,
    0.4376640021800995,
    0.4561600089073181,
    0.436383992433548,
    0.43804800510406494,
    0.4368639886379242
  ]
}