{
  "label": "g40_thresh_0.5GB",
  "num_cells": 20,
  "num_tx": 4,
  "num_rx": 4,
  "mcs": 2,
  "hbm_pct": 49.2,
  "stats": {
    "name": "g40_thresh_0.5GB",
    "count": 100,
    "mean_ms": 186.33797532081604,
    "std_ms": 5.366882278838948,
    "p50_ms": 185.3527193069458,
    "p95_ms": 197.77847909927368,
    "p99_ms": 205.8483784484864,
    "min_ms": 178.8715524673462,
    "max_ms": 218.12710285186768,
    "jitter": 0.02880187073836584
  },
  "miss_1ms": 1.0,
  "raw": [
    187.555326461792,
    199.17449474334717,
    205.72435092926025,
    187.53654384613037,
    182.46188735961914,
    184.7369909286499,
    184.67484664916992,
    182.46671867370605,
    184.58767986297607,
    183.24140739440918,
    189.0332489013672,
    182.54217433929443,
    184.726975440979,
    186.823712348938,
    186.87241458892822,
    189.12006378173828,
    186.84780883789062,
    186.09408283233643,
    187.5133762359619,
    183.21696186065674,
    188.2911376953125,
    184.6377592086792,
    186.88470554351807,
    181.0471019744873,
    195.51362991333008,
    188.25660800933838,
    184.00815963745117,
    185.3771209716797,
    185.4319019317627,
    188.27673625946045,
    186.88096046447754,
    186.09711837768555,
    181.0252809524536,
    184.71299362182617,
    184.6286392211914,
    187.5640630722046,
    197.84502410888672,
    197.77497673034668,
    183.21382331848145,
    184.71325016021729,
    184.67689514160156,
    183.96643447875977,
    186.85753536224365,
    185.42547130584717,
    186.0994529724121,
    183.95532894134521,
    183.91113567352295,
    185.43984031677246,
    186.82857608795166,
    183.27932739257812,
    186.8573751449585,
    188.29708862304688,
    181.72784233093262,
    183.17811393737793,
    181.78214359283447,
    182.52828788757324,
    188.29433631896973,
    181.7745590209961,
    183.87366580963135,
    202.09795475006104,
    195.59110260009766,
    183.9486083984375,
    183.93676948547363,
    189.03852939605713,
    182.45948696136475,
    183.165376663208,
    182.42249488830566,
    183.92137622833252,
    189.74467182159424,
    183.9458885192871,
    182.45791912078857,
    185.40579414367676,
    188.28447914123535,
    185.40608024597168,
    189.67379093170166,
    186.86348628997803,
    185.3414077758789,
    186.83388996124268,
    183.14435195922852,
    183.16447925567627,
    178.8715524673462,
    184.01049423217773,
    186.11830139160156,
    187.61161613464355,
    183.2175989151001,
    183.23314952850342,
    186.91321754455566,
    181.02835369110107,
    187.58054447174072,
    181.03606510162354,
    186.13782596588135,
    185.37340641021729,
    184.68944263458252,
    185.34678268432617,
    218.12710285186768,
    187.55008125305176,
    181.76191997528076,
    182.42252826690674,
    185.35865592956543,
    184.67548656463623
  ]
}