{
  "label": "s2n4g_baseline_nid002688_g1",
  "num_cells": 8,
  "graph_mode": 1,
  "mode": "GRAPH",
  "mean_ms": 0.434018560051918,
  "per_cell_ms": 0.05425232000648975,
  "p95_ms": 0.43755359649658204,
  "p99_ms": 0.4387734395265579,
  "miss_1ms": 0.0,
  "raw": [
    0.4343999922275543,
    0.4365440011024475,
    0.43641600012779236,
    0.43375998735427856,
    0.43327999114990234,
    0.4344319999217987,
    0.43904000520706177,
    0.43299201130867004,
    0.43484801054000854,
    0.4384959936141968,
    0.4349440038204193,
    0.4344319999217987,
    0.4329279959201813,
    0.43324801325798035,
    0.4354560077190399,
    0.4333440065383911,
    0.43718400597572327,
    0.43267199397087097,
    0.4331200122833252,
    0.43161600828170776,
    0.4330880045890808,
    0.4347839951515198,
    0.4342080056667328,
    0.4328959882259369,
    0.4323520064353943,
    0.43516799807548523,
    0.4349760115146637,
    0.43136000633239746,
    0.43190398812294006,
    0.4355520009994507,
    0.435263991355896,
    0.43327999114990234,
    0.4320639967918396,
    0.4343680143356323,
    0.4355520009994507,
    0.437855988740921,
    0.4344959855079651,
    0.43347200751304626,
    0.4344640076160431,
    0.4349119961261749,
    0.43670400977134705,
    0.4262079894542694,
    0.43327999114990234,
    0.4328320026397705,
    0.43190398812294006,
    0.4330559968948364,
    0.4331839978694916,
    0.4329279959201813,
    0.4329279959201813,
    0.43273600935935974
  ]
}