{
  "label": "sm30_1cell",
  "sm_pct": 30,
  "stats": {
    "name": "sm30_1cell",
    "count": 100,
    "mean_ms": 2.074866237640381,
    "std_ms": 2.6402740063854466,
    "p50_ms": 1.078976035118103,
    "p95_ms": 7.645641469955443,
    "p99_ms": 12.2860545921326,
    "min_ms": 0.8453119993209839,
    "max_ms": 18.42313575744629,
    "jitter": 1.2725032382752874
  },
  "miss_1ms": 0.63,
  "raw": [
    1.6328959465026855,
    0.9091839790344238,
    1.1395519971847534,
    0.8783360123634338,
    1.0764800310134888,
    0.8492479920387268,
    1.1507840156555176,
    0.8926079869270325,
    1.091488003730774,
    1.9384000301361084,
    6.608384132385254,
    2.841599941253662,
    5.533952236175537,
    3.1617279052734375,
    1.0893440246582031,
    0.8652480244636536,
    1.1399359703063965,
    0.8996800184249878,
    1.1133439540863037,
    0.8659520149230957,
    1.1152000427246094,
    0.9076160192489624,
    1.1184320449829102,
    0.8978239893913269,
    1.0747840404510498,
    0.8457599878311157,
    1.1341439485549927,
    0.8971840143203735,
    1.1320960521697998,
    0.866815984249115,
    3.4623360633850098,
    3.210495948791504,
    7.998464107513428,
    1.804095983505249,
    8.283519744873047,
    0.8868160247802734,
    1.0771839618682861,
    0.879967987537384,
    1.138592004776001,
    0.8469120264053345,
    1.0699520111083984,
    0.8549119830131531,
    1.07423996925354,
    0.8982080221176147,
    1.1290240287780762,
    0.8537279963493347,
    1.0762879848480225,
    0.8466560244560242,
    1.0717120170593262,
    0.8462399840354919,
    1.0789120197296143,
    3.197216033935547,
    12.224063873291016,
    2.969791889190674,
    8.075679779052734,
    3.5510079860687256,
    1.1127680540084839,
    0.8826239705085754,
    1.0790400505065918,
    0.8518080115318298,
    1.0881919860839844,
    0.8539519906044006,
    1.0832639932632446,
    0.8579840064048767,
    1.0978879928588867,
    0.8738880157470703,
    1.080672025680542,
    1.398751974105835,
    1.1496000289916992,
    0.8530880212783813,
    1.0748800039291382,
    0.8453119993209839,
    6.3318400382995605,
    3.032288074493408,
    18.42313575744629,
    3.2343358993530273,
    1.1246720552444458,
    0.8860800266265869,
    1.0928640365600586,
    0.8888959884643555,
    1.0682239532470703,
    0.8794879913330078,
    1.06768000125885,
    0.894815981388092,
    1.0660799741744995,
    0.8995839953422546,
    1.1016000509262085,
    0.8484799861907959,
    1.13811194896698,
    0.8474239706993103,
    1.0718079805374146,
    0.8648319840431213,
    3.949120044708252,
    3.1732161045074463,
    7.627071857452393,
    3.364351987838745,
    7.417312145233154,
    0.9069759845733643,
    1.1337920427322388,
    0.894815981388092
  ]
}