{
  "label": "diff_gpu_resnet",
  "stats": {
    "name": "diff_gpu_resnet",
    "count": 100,
    "mean_ms": 1.8365574407577514,
    "std_ms": 1.8492784025978815,
    "p50_ms": 1.0660799741744995,
    "p95_ms": 6.721363115310666,
    "p99_ms": 8.02005657196045,
    "min_ms": 0.8390719890594482,
    "max_ms": 8.35200023651123,
    "jitter": 1.0069265254425592
  },
  "miss_1ms": 0.62,
  "raw": [
    1.1654720306396484,
    0.8583679795265198,
    4.383391857147217,
    2.3127360343933105,
    7.944511890411377,
    3.0186240673065186,
    8.35200023651123,
    0.8511679768562317,
    1.0683200359344482,
    0.8453440070152283,
    1.109536051750183,
    0.8506240248680115,
    1.0632959604263306,
    0.8533120155334473,
    1.065567970275879,
    0.8485119938850403,
    1.0651520490646362,
    0.8540160059928894,
    1.0624639987945557,
    0.8441280126571655,
    1.074720025062561,
    0.8407359719276428,
    1.063040018081665,
    1.6677119731903076,
    3.371232032775879,
    2.7852799892425537,
    6.67907190322876,
    2.665055990219116,
    1.0667519569396973,
    0.8581439852714539,
    1.1353280544281006,
    0.8407040238380432,
    1.1200640201568604,
    0.8403519988059998,
    1.102944016456604,
    0.8498560190200806,
    1.0636800527572632,
    0.8415039777755737,
    1.1302080154418945,
    0.8559679985046387,
    1.0868480205535889,
    0.8412799835205078,
    1.1267839670181274,
    0.9018239974975586,
    3.6394240856170654,
    2.896928071975708,
    7.524896144866943,
    3.318943977355957,
    5.981791973114014,
    0.8390719890594482,
    1.0649919509887695,
    0.8401600122451782,
    1.070464015007019,
    0.8833919763565063,
    1.0994559526443481,
    0.846560001373291,
    1.0679999589920044,
    0.8825920224189758,
    1.066815972328186,
    0.8399680256843567,
    1.0706559419631958,
    0.8410559892654419,
    1.1123199462890625,
    0.8466560244560242,
    1.0655039548873901,
    1.989024043083191,
    5.192575931549072,
    2.7504000663757324,
    6.0616960525512695,
    3.1265599727630615,
    1.0658559799194336,
    0.8416640162467957,
    1.1221760511398315,
    0.8582080006599426,
    1.0619200468063354,
    0.8836479783058167,
    1.0642880201339722,
    0.8438079953193665,
    1.0716160535812378,
    0.8888000249862671,
    1.1307200193405151,
    0.8435199856758118,
    1.0663039684295654,
    0.8518720269203186,
    1.0740480422973633,
    0.8505280017852783,
    4.013311862945557,
    2.601344108581543,
    7.8679680824279785,
    2.9719998836517334,
    8.016703605651855,
    0.859391987323761,
    1.0692800283432007,
    0.8410879969596863,
    1.0812159776687622,
    0.8444799780845642,
    1.0691200494766235,
    0.8429440259933472,
    1.064352035522461,
    0.8480319976806641
  ]
}