{
  "label": "s4n4g_neuralrx_nid003953_g0",
  "num_cells": 8,
  "graph_mode": 1,
  "mode": "GRAPH",
  "mean_ms": 0.9189561641216278,
  "per_cell_ms": 0.11486952051520348,
  "p95_ms": 1.0303759813308715,
  "p99_ms": 1.0574646401405334,
  "miss_1ms": 0.26,
  "raw": [
    0.9017279744148254,
    0.879040002822876,
    0.8951680064201355,
    1.0294079780578613,
    0.9720320105552673,
    0.8792319893836975,
    0.8849920034408569,
    1.024448037147522,
    0.9529920220375061,
    0.8369280099868774,
    0.8759999871253967,
    1.0242559909820557,
    0.7029119729995728,
    0.875872015953064,
    0.9547520279884338,
    0.9599360227584839,
    1.0017280578613281,
    0.8692799806594849,
    0.9539200067520142,
    0.9615039825439453,
    1.0189759731292725,
    0.867904007434845,
    1.0161919593811035,
    0.7030720114707947,
    0.9331200122833252,
    0.9262400269508362,
    0.8912320137023926,
    1.031167984008789,
    0.9598720073699951,
    0.8655040264129639,
    0.8986240029335022,
    1.0264639854431152,
    0.8818240165710449,
    1.053760051727295,
    0.7086719870567322,
    0.8784000277519226,
    0.8783040046691895,
    0.9219840168952942,
    0.8560320138931274,
    1.027392029762268,
    0.8804799914360046,
    1.0610239505767822,
    0.9522879719734192,
    1.0178240537643433,
    0.695904016494751,
    0.8703359961509705,
    1.0132160186767578,
    0.8688639998435974,
    0.8851839900016785,
    0.9218239784240723
  ]
}