{
  "label": "s4n_gpt2_n1",
  "num_cells": 8,
  "graph_mode": 1,
  "mode": "GRAPH",
  "mean_ms": 0.43510271787643434,
  "per_cell_ms": 0.05438783973455429,
  "p95_ms": 0.4383775919675827,
  "p99_ms": 0.44423775613307953,
  "miss_1ms": 0.0,
  "raw": [
    0.4338879883289337,
    0.43516799807548523,
    0.43398401141166687,
    0.4336960017681122,
    0.4384639859199524,
    0.43584001064300537,
    0.434112012386322,
    0.4341759979724884,
    0.43532800674438477,
    0.43584001064300537,
    0.43513599038124084,
    0.4331839978694916,
    0.43219199776649475,
    0.4355520009994507,
    0.4347200095653534,
    0.43430399894714355,
    0.43619200587272644,
    0.4363200068473816,
    0.43404799699783325,
    0.43401598930358887,
    0.43212801218032837,
    0.4350079894065857,
    0.43647998571395874,
    0.43251198530197144,
    0.4375999867916107,
    0.43481600284576416,
    0.4339520037174225,
    0.43267199397087097,
    0.4331839978694916,
    0.4362559914588928,
    0.4357759952545166,
    0.4331200122833252,
    0.4427199959754944,
    0.4347519874572754,
    0.44569599628448486,
    0.43273600935935974,
    0.43827199935913086,
    0.4368320107460022,
    0.4368959963321686,
    0.43296000361442566,
    0.43302398920059204,
    0.434143990278244,
    0.43401598930358887,
    0.4334079921245575,
    0.43647998571395874,
    0.43564799427986145,
    0.4345279932022095,
    0.4355199933052063,
    0.4334079921245575,
    0.4344319999217987
  ]
}