{
  "label": "snrx_xlarge",
  "num_cells": 8,
  "num_tx": 4,
  "num_rx": 4,
  "mcs": 2,
  "hbm_pct": 23.0,
  "stats": {
    "name": "snrx_xlarge",
    "count": 100,
    "mean_ms": 14.516679364442826,
    "std_ms": 0.34457170993416314,
    "p50_ms": 14.462576031684875,
    "p95_ms": 14.481564825773239,
    "p99_ms": 16.555678235292433,
    "min_ms": 14.179520010948181,
    "max_ms": 16.56502389907837,
    "jitter": 0.023736262356125158
  },
  "miss_1ms": 1.0,
  "raw": [
    14.456704020500183,
    14.47164797782898,
    14.465439915657043,
    14.473440051078796,
    14.4338880777359,
    14.483456134796143,
    14.471519947052002,
    14.465727806091309,
    16.555583834648132,
    14.179520010948181,
    14.462175965309143,
    14.465184092521667,
    14.457824110984802,
    14.44153606891632,
    14.452064037322998,
    14.469631910324097,
    14.481536030769348,
    14.452959895133972,
    14.456416010856628,
    14.474592089653015,
    14.45849609375,
    14.463584065437317,
    14.482111930847168,
    14.4514878988266,
    14.473503828048706,
    14.441408038139343,
    14.466976165771484,
    14.46127998828888,
    14.465183854103088,
    14.468768119812012,
    14.450432062149048,
    14.45961606502533,
    14.452928066253662,
    14.454015970230103,
    14.460480093955994,
    14.458815932273865,
    14.449056029319763,
    14.471328020095825,
    14.469696283340454,
    14.465759992599487,
    14.448575854301453,
    14.458816051483154,
    14.473215937614441,
    14.47545599937439,
    14.466271996498108,
    14.460063815116882,
    14.466400027275085,
    14.465824007987976,
    14.472351908683777,
    14.4546879529953,
    14.463519930839539,
    14.475104093551636,
    14.468479871749878,
    16.250720024108887,
    14.461407899856567,
    14.466655969619751,
    14.469344019889832,
    14.448416113853455,
    14.477151870727539,
    14.464704036712646,
    14.456223845481873,
    14.469728112220764,
    14.461344003677368,
    14.461408019065857,
    14.460224032402039,
    14.466239929199219,
    14.452640056610107,
    14.465728044509888,
    14.474527955055237,
    14.459424018859863,
    14.469024062156677,
    14.451583862304688,
    14.465504050254822,
    14.477344036102295,
    14.442976117134094,
    14.47596788406372,
    14.462559938430786,
    14.459712147712708,
    14.45792007446289,
    14.468959927558899,
    14.45689606666565,
    14.458719968795776,
    14.447424054145813,
    14.47104012966156,
    14.462592124938965,
    14.442208170890808,
    14.474528074264526,
    14.454015970230103,
    14.461055994033813,
    14.462528109550476,
    14.470048069953918,
    14.457343935966492,
    14.457279920578003,
    14.449120044708252,
    14.455967903137207,
    14.465535998344421,
    14.477183818817139,
    14.454304099082947,
    16.56502389907837,
    14.183136105537415
  ]
}