{
  "experiment": "phase0_4gpu",
  "timestamp": "20260407_134137",
  "num_gpus": 4,
  "gpu": "NVIDIA A100-SXM4-40GB",
  "config": {
    "num_warmup": 10,
    "num_iterations": 100,
    "num_prbs": 273,
    "mcs_index": 2,
    "esno_db": 10.0
  },
  "results": [
    {
      "label": "A1_baseline",
      "tx": {
        "name": "TX_A1_baseline",
        "count": 100,
        "mean_ms": 1.1446553599834441,
        "std_ms": 0.024759309760259394,
        "p50_ms": 1.140944004058838,
        "p95_ms": 1.1880831658840179,
        "p99_ms": 1.2449942266941072,
        "min_ms": 1.1136000156402588,
        "max_ms": 1.2578879594802856,
        "jitter": 0.021630361963811975
      },
      "rx": {
        "name": "RX_A1_baseline",
        "count": 100,
        "mean_ms": 2.17036447763443,
        "std_ms": 2.122603041991575,
        "p50_ms": 1.4751520156860352,
        "p95_ms": 7.345959877967833,
        "p99_ms": 9.701603231430068,
        "min_ms": 1.0858559608459473,
        "max_ms": 12.638655662536621,
        "jitter": 0.9779938180268632
      },
      "rx_miss_1ms": 1.0
    },
    {
      "label": "B1_hbm8G_sameGPU0",
      "tx": {
        "name": "TX_B1_hbm8G_sameGPU0",
        "count": 100,
        "mean_ms": 76.92236473083496,
        "std_ms": 5.8374236907209385,
        "p50_ms": 80.71039962768555,
        "p95_ms": 81.29226875305176,
        "p99_ms": 92.38128311157227,
        "min_ms": 66.95126342773438,
        "max_ms": 92.49574279785156,
        "jitter": 0.07588721058104653
      },
      "rx": {
        "name": "RX_B1_hbm8G_sameGPU0",
        "count": 100,
        "mean_ms": 118.56937355041504,
        "std_ms": 5.825240285104489,
        "p50_ms": 116.48487854003906,
        "p95_ms": 128.10392150878906,
        "p99_ms": 130.05406723022466,
        "min_ms": 104.5164794921875,
        "max_ms": 139.4718017578125,
        "jitter": 0.0491293840110206
      },
      "rx_miss_1ms": 1.0
    },
    {
      "label": "B2_hbm8G_diffGPU1",
      "tx": {
        "name": "TX_B2_hbm8G_diffGPU1",
        "count": 100,
        "mean_ms": 1.1428243184089661,
        "std_ms": 0.017843231516762655,
        "p50_ms": 1.143839955329895,
        "p95_ms": 1.1695439636707305,
        "p99_ms": 1.1791565382480622,
        "min_ms": 1.1162879467010498,
        "max_ms": 1.1970239877700806,
        "jitter": 0.015613276012190487
      },
      "rx": {
        "name": "RX_B2_hbm8G_diffGPU1",
        "count": 100,
        "mean_ms": 2.295878710746765,
        "std_ms": 2.748267100603231,
        "p50_ms": 1.4698560237884521,
        "p95_ms": 8.779835176467895,
        "p99_ms": 13.47558254241944,
        "min_ms": 1.0917119979858398,
        "max_ms": 14.714143753051758,
        "jitter": 1.197043679937831
      },
      "rx_miss_1ms": 1.0
    },
    {
      "label": "B3_hbm8G_allGPUs",
      "tx": {
        "name": "TX_B3_hbm8G_allGPUs",
        "count": 100,
        "mean_ms": 75.81219184875488,
        "std_ms": 5.927121404987029,
        "p50_ms": 79.90363311767578,
        "p95_ms": 81.21724281311035,
        "p99_ms": 81.44796051025396,
        "min_ms": 67.16915130615234,
        "max_ms": 92.46572875976562,
        "jitter": 0.07818163886900435
      },
      "rx": {
        "name": "RX_B3_hbm8G_allGPUs",
        "count": 100,
        "mean_ms": 116.99203109741211,
        "std_ms": 6.210395257429153,
        "p50_ms": 116.39817810058594,
        "p95_ms": 128.1595703125,
        "p99_ms": 130.16229721069337,
        "min_ms": 104.57695770263672,
        "max_ms": 132.5782470703125,
        "jitter": 0.053083916905914186
      },
      "rx_miss_1ms": 1.0
    },
    {
      "label": "C1_resnet_sameGPU0",
      "rx": {
        "mean_ms": -1,
        "p95_ms": -1,
        "p99_ms": -1,
        "jitter": -1
      },
      "rx_miss_1ms": -1
    },
    {
      "label": "C2_resnet_diffGPU1",
      "rx": {
        "mean_ms": -1,
        "p95_ms": -1,
        "p99_ms": -1,
        "jitter": -1
      },
      "rx_miss_1ms": -1
    },
    {
      "label": "C3_resnet_allGPUs",
      "rx": {
        "mean_ms": -1,
        "p95_ms": -1,
        "p99_ms": -1,
        "jitter": -1
      },
      "rx_miss_1ms": -1
    },
    {
      "label": "A2_baseline_final",
      "rx": {
        "mean_ms": -1,
        "p95_ms": -1,
        "p99_ms": -1,
        "jitter": -1
      },
      "rx_miss_1ms": -1
    }
  ],
  "raw_latencies": {
    "A1_baseline": [
      1.5582400560379028,
      1.1633280515670776,
      1.5175360441207886,
      1.099552035331726,
      1.555008053779602,
      4.282591819763184,
      6.422624111175537,
      4.0103678703308105,
      1.546720027923584,
      1.2442879676818848,
      1.5419520139694214,
      1.1079679727554321,
      1.4840960502624512,
      1.0945919752120972,
      1.5446720123291016,
      1.0910719633102417,
      1.5589760541915894,
      1.1640959978103638,
      1.5702719688415527,
      1.1460479497909546,
      1.9272960424423218,
      1.1587519645690918,
      1.560703992843628,
      3.6027519702911377,
      8.917823791503906,
      1.545024037361145,
      1.6307200193405151,
      1.1793279647827148,
      1.5614080429077148,
      1.1712000370025635,
      2.8649919033050537,
      1.1815999746322632,
      1.5943360328674316,
      1.1770559549331665,
      1.527359962463379,
      1.1709120273590088,
      1.4943679571151733,
      1.1022080183029175,
      1.5485440492630005,
      1.1017279624938965,
      7.796639919281006,
      4.279232025146484,
      7.322239875793457,
      1.0933760404586792,
      1.4718400239944458,
      1.0980160236358643,
      1.5085760354995728,
      1.0936640501022339,
      1.4806400537490845,
      1.0988800525665283,
      1.469599962234497,
      1.0969280004501343,
      1.4822399616241455,
      1.1744639873504639,
      1.474943995475769,
      1.1516480445861816,
      1.4674880504608154,
      1.0993280410766602,
      12.638655662536621,
      3.936608076095581,
      4.4701762199401855,
      1.1932799816131592,
      1.5434880256652832,
      1.0942399501800537,
      1.4825279712677002,
      1.1106239557266235,
      1.4753600358963013,
      1.1064319610595703,
      1.5155199766159058,
      1.0982719659805298,
      1.5304319858551025,
      1.1689599752426147,
      1.470047950744629,
      1.085919976234436,
      1.4729280471801758,
      1.10207998752594,
      5.462975978851318,
      4.113696098327637,
      6.32425594329834,
      1.0959680080413818,
      1.4972800016403198,
      1.0858559608459473,
      1.4841279983520508,
      1.167904019355774,
      1.5221760272979736,
      1.0962239503860474,
      1.4681919813156128,
      1.1209280490875244,
      1.477504014968872,
      1.0930240154266357,
      1.4878400564193726,
      1.0972479581832886,
      1.4738880395889282,
      1.101151943206787,
      8.654720306396484,
      3.9189438819885254,
      9.67193603515625,
      1.1467839479446411,
      1.4935040473937988,
      1.1029119491577148
    ],