{
  "label": "g40_baseline",
  "num_cells": 20,
  "num_tx": 4,
  "num_rx": 4,
  "mcs": 2,
  "hbm_pct": 44.2,
  "stats": {
    "name": "g40_baseline",
    "count": 100,
    "mean_ms": 15.227635527849197,
    "std_ms": 1.1774943783149452,
    "p50_ms": 14.611952006816864,
    "p95_ms": 17.426612877845763,
    "p99_ms": 19.645791395902634,
    "min_ms": 14.537535965442657,
    "max_ms": 19.75660800933838,
    "jitter": 0.07732614667336069
  },
  "miss_1ms": 1.0,
  "raw": [
    15.250240087509155,
    19.75660800933838,
    16.975456178188324,
    15.328640043735504,
    15.292512118816376,
    15.26911985874176,
    15.269440114498138,
    15.224704086780548,
    17.92767995595932,
    14.788864016532898,
    14.61110407114029,
    14.736031949520111,
    14.56057596206665,
    17.1496639251709,
    14.997600138187408,
    17.5005761384964,
    14.620447874069214,
    14.604704022407532,
    14.568128049373627,
    14.58572804927826,
    14.597312152385712,
    14.599232077598572,
    17.333568155765533,
    14.61411190032959,
    15.837183892726898,
    16.542431950569153,
    14.591551899909973,
    14.588192105293274,
    14.64844799041748,
    17.422720074653625,
    14.603136003017426,
    14.61110383272171,
    14.594943940639496,
    14.564095914363861,
    14.613600134849548,
    14.615135967731476,
    19.481055855751038,
    15.275871992111206,
    14.598016023635864,
    14.612991988658905,
    14.586880087852478,
    14.591359913349152,
    14.578240036964417,
    17.391903936862946,
    14.627743899822235,
    14.58268791437149,
    14.555872023105621,
    15.39468801021576,
    16.778688073158264,
    14.587200105190277,
    17.417439997196198,
    14.760096073150635,
    14.756320059299469,
    14.572160065174103,
    14.569600045681,
    14.59500801563263,
    14.577503979206085,
    19.64467203617096,
    15.307967960834503,
    16.691520035266876,
    15.652768015861511,
    14.587487936019897,
    14.576895952224731,
    14.550559937953949,
    15.340735971927643,
    14.587999999523163,
    14.560096085071564,
    14.576608121395111,
    14.592992067337036,
    14.580735981464386,
    15.136000096797943,
    17.077855944633484,
    14.585888028144836,
    14.553920090198517,
    14.559391975402832,
    14.58374398946762,
    14.55241596698761,
    14.62310391664505,
    15.208928108215332,
    14.59987187385559,
    14.556287944316864,
    14.538783967494965,
    16.39440006017685,
    15.774240016937256,
    14.547008037567139,
    14.581824004650116,
    14.573760092258453,
    14.673759996891022,
    14.57014411687851,
    14.588959991931915,
    14.557920038700104,
    14.553151965141296,
    14.705695986747742,
    14.859712064266205,
    17.27999997138977,
    14.612799942493439,
    14.703743815422058,
    14.563103914260864,
    14.572640061378479,
    14.537535965442657
  ]
}