{
  "label": "s2n_resnet_n0",
  "num_cells": 8,
  "graph_mode": 1,
  "mode": "GRAPH",
  "mean_ms": 0.4338976007699966,
  "per_cell_ms": 0.05423720009624958,
  "p95_ms": 0.4368895888328552,
  "p99_ms": 0.4387766543030739,
  "miss_1ms": 0.0,
  "raw": [
    0.4342080056667328,
    0.43532800674438477,
    0.4296639859676361,
    0.4326080083847046,
    0.4347519874572754,
    0.4392000138759613,
    0.434143990278244,
    0.43273600935935974,
    0.43244799971580505,
    0.4366079866886139,
    0.4354879856109619,
    0.43350398540496826,
    0.432096004486084,
    0.43273600935935974,
    0.43833601474761963,
    0.434143990278244,
    0.4325439929962158,
    0.43270400166511536,
    0.4317440092563629,
    0.4342400133609772,
    0.4338560104370117,
    0.43459200859069824,
    0.43321600556373596,
    0.4347839951515198,
    0.4357439875602722,
    0.43539199233055115,
    0.4371199905872345,
    0.4323520064353943,
    0.43215999007225037,
    0.4360960125923157,
    0.43532800674438477,
    0.43241599202156067,
    0.4320000112056732,
    0.4330880045890808,
    0.43516799807548523,
    0.4347839951515198,
    0.43273600935935974,
    0.43584001064300537,
    0.43324801325798035,
    0.43212801218032837,
    0.43215999007225037,
    0.4336639940738678,
    0.43427199125289917,
    0.43372800946235657,
    0.4329279959201813,
    0.4333760142326355,
    0.4339520037174225,
    0.4327999949455261,
    0.43219199776649475,
    0.4345279932022095
  ]
}