{
  "label": "m2n_baseline_nid001373_g3",
  "num_cells": 8,
  "graph_mode": 1,
  "mode": "GRAPH",
  "mean_ms": 0.4346579176187515,
  "per_cell_ms": 0.05433223970234394,
  "p95_ms": 0.4381567984819412,
  "p99_ms": 0.4385769578814507,
  "miss_1ms": 0.0,
  "raw": [
    0.4336319863796234,
    0.43430399894714355,
    0.4350079894065857,
    0.4379200041294098,
    0.43507200479507446,
    0.43513599038124084,
    0.43852800130844116,
    0.43456000089645386,
    0.43327999114990234,
    0.43587198853492737,
    0.4354879856109619,
    0.43667200207710266,
    0.4342080056667328,
    0.4357759952545166,
    0.43584001064300537,
    0.4336960017681122,
    0.43539199233055115,
    0.4355199933052063,
    0.43593600392341614,
    0.43324801325798035,
    0.4355199933052063,
    0.43862399458885193,
    0.43587198853492737,
    0.43487998843193054,
    0.4336960017681122,
    0.43267199397087097,
    0.43564799427986145,
    0.43273600935935974,
    0.43302398920059204,
    0.4333760142326355,
    0.43459200859069824,
    0.4320639967918396,
    0.43238401412963867,
    0.4336319863796234,
    0.4333760142326355,
    0.4329279959201813,
    0.43513599038124084,
    0.43382400274276733,
    0.4328320026397705,
    0.43276798725128174,
    0.4347519874572754,
    0.43462398648262024,
    0.43513599038124084,
    0.43331199884414673,
    0.4312320053577423,
    0.43801599740982056,
    0.4347839951515198,
    0.4341759979724884,
    0.4339199960231781,
    0.43827199935913086
  ]
}