{
  "label": "mig32_4n_base_nid001541_g2",
  "num_cells": 8,
  "graph_mode": 1,
  "mode": "GRAPH",
  "mean_ms": 0.46767552077770236,
  "per_cell_ms": 0.058459440097212795,
  "p95_ms": 0.47106080651283266,
  "p99_ms": 0.47367967694997787,
  "miss_1ms": 0.0,
  "raw": [
    0.4687359929084778,
    0.4684160053730011,
    0.4689280092716217,
    0.4681920111179352,
    0.4681600034236908,
    0.4674240052700043,
    0.46806401014328003,
    0.4676800072193146,
    0.4665600061416626,
    0.4683839976787567,
    0.47206398844718933,
    0.46700799465179443,
    0.4713920056819916,
    0.4684799909591675,
    0.46857601404190063,
    0.466623991727829,
    0.469215989112854,
    0.4679360091686249,
    0.4684799909591675,
    0.46799999475479126,
    0.47065600752830505,
    0.47523200511932373,
    0.4689280092716217,
    0.46934399008750916,
    0.4647040069103241,
    0.4671359956264496,
    0.4684799909591675,
    0.46480000019073486,
    0.4647360146045685,
    0.4663679897785187,
    0.4670720100402832,
    0.4671039879322052,
    0.46694400906562805,
    0.4663040041923523,
    0.4667840003967285,
    0.46515199542045593,
    0.46540799736976624,
    0.4658240079879761,
    0.4671039879322052,
    0.46432000398635864,
    0.4646719992160797,
    0.46563199162483215,
    0.4684160053730011,
    0.4659839868545532,
    0.4647360146045685,
    0.47011199593544006,
    0.46799999475479126,
    0.4670400023460388,
    0.4694080054759979,
    0.46905601024627686
  ]
}