{
  "label": "m4n_baseline_nid001760_g2",
  "num_cells": 8,
  "graph_mode": 1,
  "mode": "GRAPH",
  "mean_ms": 0.4364723187685013,
  "per_cell_ms": 0.05455903984606266,
  "p95_ms": 0.4375599980354309,
  "p99_ms": 0.4873757013678549,
  "miss_1ms": 0.0,
  "raw": [
    0.43462398648262024,
    0.4357120096683502,
    0.43667200207710266,
    0.4345279932022095,
    0.4344959855079651,
    0.4357439875602722,
    0.4338879883289337,
    0.43427199125289917,
    0.43510401248931885,
    0.4347519874572754,
    0.4352000057697296,
    0.43212801218032837,
    0.43251198530197144,
    0.43484801054000854,
    0.4354560077190399,
    0.4347519874572754,
    0.4333440065383911,
    0.434143990278244,
    0.4334079921245575,
    0.4339199960231781,
    0.4371199905872345,
    0.4339199960231781,
    0.4339520037174225,
    0.4331519901752472,
    0.4318400025367737,
    0.43408000469207764,
    0.43433600664138794,
    0.4344959855079651,
    0.43372800946235657,
    0.43641600012779236,
    0.43619200587272644,
    0.4329279959201813,
    0.431551992893219,
    0.434143990278244,
    0.43267199397087097,
    0.43248000741004944,
    0.43193599581718445,
    0.43273600935935974,
    0.43372800946235657,
    0.4355199933052063,
    0.4336000084877014,
    0.43593600392341614,
    0.4344959855079651,
    0.5234240293502808,
    0.4498560130596161,
    0.436383992433548,
    0.43462398648262024,
    0.43462398648262024,
    0.4363200068473816,
    0.4379200041294098
  ]
}