{
  "label": "s4n4g_neuralrx_nid003956_g2",
  "num_cells": 8,
  "graph_mode": 1,
  "mode": "GRAPH",
  "mean_ms": 0.43429823994636535,
  "per_cell_ms": 0.05428727999329567,
  "p95_ms": 0.43783359676599504,
  "p99_ms": 0.43833792001008987,
  "miss_1ms": 0.0,
  "raw": [
    0.4328320026397705,
    0.4365760087966919,
    0.4382399916648865,
    0.4347839951515198,
    0.4379200041294098,
    0.42793598771095276,
    0.4366399943828583,
    0.43513599038124084,
    0.43062400817871094,
    0.43615999817848206,
    0.4367679953575134,
    0.4339199960231781,
    0.43401598930358887,
    0.42902401089668274,
    0.43539199233055115,
    0.43408000469207764,
    0.4349440038204193,
    0.43427199125289917,
    0.4342080056667328,
    0.4349760115146637,
    0.4339520037174225,
    0.4357120096683502,
    0.43568000197410583,
    0.43427199125289917,
    0.43513599038124084,
    0.4281280040740967,
    0.4384320080280304,
    0.4346559941768646,
    0.4339199960231781,
    0.4325439929962158,
    0.4349760115146637,
    0.4275200068950653,
    0.43772798776626587,
    0.43619200587272644,
    0.4339199960231781,
    0.4323199987411499,
    0.434112012386322,
    0.43516799807548523,
    0.43430399894714355,
    0.4323199987411499,
    0.43692800402641296,
    0.4350079894065857,
    0.43584001064300537,
    0.4336000084877014,
    0.4331200122833252,
    0.4345279932022095,
    0.4359999895095825,
    0.43398401141166687,
    0.436383992433548,
    0.43007999658584595
  ]
}