{
  "label": "72b_baseline_final",
  "stats": {
    "name": "72b_baseline_final",
    "count": 100,
    "mean_ms": 1.9668243205547333,
    "std_ms": 2.2346133011100773,
    "p50_ms": 1.1391199827194214,
    "p95_ms": 7.787750601768493,
    "p99_ms": 10.553063821792607,
    "min_ms": 0.9004799723625183,
    "max_ms": 11.314175605773926,
    "jitter": 1.136152973987944
  },
  "miss_1ms": 0.61,
  "raw": [
    1.2049280405044556,
    0.9511359930038452,
    1.1896640062332153,
    0.9463040232658386,
    1.1891520023345947,
    0.9287999868392944,
    1.2023680210113525,
    0.9559360146522522,
    1.1878399848937988,
    0.9125440120697021,
    1.145535945892334,
    0.9074559807777405,
    1.148800015449524,
    0.9064319729804993,
    1.1408319473266602,
    1.780128002166748,
    7.594240188598633,
    2.845247983932495,
    8.052351951599121,
    2.9517440795898438,
    1.1535999774932861,
    0.950111985206604,
    1.1400959491729736,
    0.9099199771881104,
    1.1351679563522339,
    0.9049919843673706,
    1.1545920372009277,
    0.956384003162384,
    1.2131839990615845,
    0.9499520063400269,
    1.1381440162658691,
    0.9071999788284302,
    1.1369279623031616,
    0.9488959908485413,
    1.2001919746398926,
    0.922976016998291,
    4.596127986907959,
    3.4138240814208984,
    10.54537582397461,
    3.085887908935547,
    8.145024299621582,
    0.9684799909591675,
    1.2039999961853027,
    0.9502720236778259,
    1.1607359647750854,
    0.9038079977035522,
    1.1362240314483643,
    0.9029120206832886,
    1.1471999883651733,
    0.91184002161026,
    1.4804160594940186,
    0.920415997505188,
    1.155776023864746,
    0.9577919840812683,
    1.1444480419158936,
    0.9234880208969116,
    1.1502399444580078,
    2.035520076751709,
    7.773824214935303,
    3.2773759365081787,
    9.37820816040039,
    6.573535919189453,
    1.189087986946106,
    0.9129279851913452,
    1.1524159908294678,
    0.9098560214042664,
    1.1388479471206665,
    0.9108800292015076,
    1.1393280029296875,
    0.9014080166816711,
    1.1389119625091553,
    0.9265919923782349,
    1.1897920370101929,
    0.9165440201759338,
    1.1829440593719482,
    0.9036160111427307,
    1.1404800415039062,
    0.9211519956588745,
    4.704095840454102,
    3.190176010131836,
    11.314175605773926,
    3.085887908935547,
    7.419712066650391,
    0.9531840085983276,
    1.1387519836425781,
    0.9112319946289062,
    1.1312960386276245,
    0.925599992275238,
    1.1960320472717285,
    0.9476159811019897,
    1.1441919803619385,
    0.9582399725914001,
    1.1353280544281006,
    0.9084799885749817,
    1.1488959789276123,
    0.9403200149536133,
    1.1371840238571167,
    0.9004799723625183,
    1.1283520460128784,
    2.08188796043396
  ]
}