{
  "label": "sm5_1cell",
  "sm_pct": 5,
  "stats": {
    "name": "sm5_1cell",
    "count": 100,
    "mean_ms": 2.2879488039016724,
    "std_ms": 2.5488480860457634,
    "p50_ms": 1.1349279880523682,
    "p95_ms": 7.861219382286071,
    "p99_ms": 11.0333286380768,
    "min_ms": 0.8913599848747253,
    "max_ms": 14.323328018188477,
    "jitter": 1.1140319581011497
  },
  "miss_1ms": 0.66,
  "raw": [
    5.891136169433594,
    3.078144073486328,
    1.1620160341262817,
    0.9538879990577698,
    5.591040134429932,
    0.9318400025367737,
    1.178976058959961,
    0.9434239864349365,
    1.1770559549331665,
    0.9589120149612427,
    1.1623040437698364,
    0.9486079812049866,
    1.1138240098953247,
    0.8921599984169006,
    1.1379200220108032,
    0.9019839763641357,
    1.1639679670333862,
    6.340191841125488,
    7.701727867126465,
    2.391263961791992,
    7.62281608581543,
    2.8176639080047607,
    14.323328018188477,
    0.94377601146698,
    1.1270079612731934,
    0.9080320000648499,
    1.1284799575805664,
    0.9282240271568298,
    1.1885440349578857,
    0.8976960182189941,
    1.156224012374878,
    0.9057279825210571,
    1.1482559442520142,
    1.1400959491729736,
    7.940927982330322,
    3.2952001094818115,
    7.77177619934082,
    2.051743984222412,
    1.1677119731903076,
    0.9064639806747437,
    1.1755199432373047,
    0.9496960043907166,
    1.1654080152511597,
    0.9408320188522339,
    1.1747839450836182,
    0.9510719776153564,
    1.1597440242767334,
    0.9471359848976135,
    1.1166080236434937,
    0.900160014629364,
    1.1456639766693115,
    0.9182080030441284,
    1.1473599672317505,
    1.7871359586715698,
    7.857024192810059,
    2.1762239933013916,
    7.003200054168701,
    3.3271679878234863,
    1.1436480283737183,
    0.8995199799537659,
    1.122048020362854,
    0.9225280284881592,
    1.131935954093933,
    0.9148799777030945,
    1.1299200057983398,
    0.951200008392334,
    1.1290240287780762,
    0.9014719724655151,
    1.1299519538879395,
    0.8913599848747253,
    1.1303999423980713,
    0.9446719884872437,
    1.1262719631195068,
    0.8958719968795776,
    3.9389760494232178,
    2.8809919357299805,
    4.79747200012207,
    3.3225278854370117,
    9.591391563415527,
    3.318495988845825,
    1.167456030845642,
    0.9345279932022095,
    1.1444799900054932,
    0.9409599900245667,
    1.1488959789276123,
    0.9440640211105347,
    1.1318399906158447,
    0.9046400189399719,
    1.1263359785079956,
    0.9513919949531555,
    1.1218880414962769,
    0.9440640211105347,
    1.117408037185669,
    0.9060479998588562,
    1.128640055656433,
    3.046175956726074,
    8.154080390930176,
    2.886399984359741,
    11.000096321105957,
    3.0479040145874023
  ]
}