{
  "label": "s4n4g_gpt2_nid003952_g2",
  "num_cells": 8,
  "graph_mode": 1,
  "mode": "GRAPH",
  "mean_ms": 0.4399135994911194,
  "per_cell_ms": 0.054989199936389926,
  "p95_ms": 0.44968639612197875,
  "p99_ms": 0.45048159927129744,
  "miss_1ms": 0.0,
  "raw": [
    0.44604799151420593,
    0.4376319944858551,
    0.438975989818573,
    0.4368639886379242,
    0.43539199233055115,
    0.44172799587249756,
    0.4461759924888611,
    0.438944011926651,
    0.4424639940261841,
    0.4403519928455353,
    0.4503999948501587,
    0.44095999002456665,
    0.43775999546051025,
    0.4397760033607483,
    0.43932801485061646,
    0.4381439983844757,
    0.44921600818634033,
    0.4368320107460022,
    0.43561598658561707,
    0.4349760115146637,
    0.4357120096683502,
    0.43887999653816223,
    0.4368320107460022,
    0.4382080137729645,
    0.43142399191856384,
    0.4403519928455353,
    0.4505600035190582,
    0.43673598766326904,
    0.4412800073623657,
    0.438975989818573,
    0.4331839978694916,
    0.43884798884391785,
    0.43459200859069824,
    0.43644800782203674,
    0.4368320107460022,
    0.435263991355896,
    0.4355199933052063,
    0.4359680116176605,
    0.43878400325775146,
    0.44815999269485474,
    0.4488320052623749,
    0.43910399079322815,
    0.4402239918708801,
    0.438975989818573,
    0.43907201290130615,
    0.4412800073623657,
    0.4498879909515381,
    0.4395520091056824,
    0.44944000244140625,
    0.4391680061817169
  ]
}