{
  "label": "v2_baseline_final",
  "stats": {
    "name": "v2_baseline_final",
    "count": 100,
    "mean_ms": 2.0665648114681243,
    "std_ms": 2.2906781356614188,
    "p50_ms": 1.1369600296020508,
    "p95_ms": 7.90075376033783,
    "p99_ms": 11.30324241638184,
    "min_ms": 0.8886399865150452,
    "max_ms": 11.97270393371582,
    "jitter": 1.1084472758606978
  },
  "miss_1ms": 0.62,
  "raw": [
    7.900256156921387,
    3.3954238891601562,
    6.418367862701416,
    2.8529601097106934,
    1.1796159744262695,
    0.8931519985198975,
    1.1218880414962769,
    0.9028800129890442,
    1.201024055480957,
    0.9453759789466858,
    1.1956160068511963,
    0.9264320135116577,
    1.1740800142288208,
    0.9557759761810303,
    1.1425280570983887,
    0.9477440118789673,
    1.1817280054092407,
    0.9099839925765991,
    1.1596479415893555,
    0.9075520038604736,
    4.349952220916748,
    3.33241605758667,
    7.910208225250244,
    3.4570560455322266,
    5.5161919593811035,
    0.9410880208015442,
    1.2064000368118286,
    0.8954880237579346,
    1.1380480527877808,
    0.8970239758491516,
    1.124735951423645,
    0.91184002161026,
    1.1291840076446533,
    0.8955199718475342,
    1.1786240339279175,
    0.8932160139083862,
    1.1358720064163208,
    0.8946560025215149,
    1.1324800252914429,
    0.922976016998291,
    2.5404160022735596,
    3.0594561100006104,
    11.296480178833008,
    3.06112003326416,
    6.299839973449707,
    3.416543960571289,
    1.1389440298080444,
    0.8929280042648315,
    1.134592056274414,
    0.8907520174980164,
    1.120479941368103,
    0.8983039855957031,
    1.1643199920654297,
    0.8938239812850952,
    1.1316479444503784,
    0.9310399889945984,
    1.155776023864746,
    0.9196479916572571,
    1.1435199975967407,
    0.9100480079650879,
    1.1290240287780762,
    0.893280029296875,
    3.9970240592956543,
    3.2062079906463623,
    11.97270393371582,
    1.4498560428619385,
    7.921216011047363,
    0.9465280175209045,
    1.1417280435562134,
    0.8969600200653076,
    1.2012799978256226,
    0.9385600090026855,
    1.1903040409088135,
    0.8969600200653076,
    1.128000020980835,
    0.8960319757461548,
    1.128159999847412,
    0.8905919790267944,
    1.18886399269104,
    0.9069120287895203,
    1.1445759534835815,
    0.8886399865150452,
    1.5539519786834717,
    2.7778561115264893,
    7.473087787628174,
    2.8090879917144775,
    9.662752151489258,
    2.8472959995269775,
    1.1924480199813843,
    0.9395840167999268,
    1.1317119598388672,
    0.8977599740028381,
    1.139840006828308,
    0.8991360068321228,
    1.2113280296325684,
    0.9032639861106873,
    1.1450560092926025,
    0.901311993598938,
    1.146623969078064,
    0.8962879776954651
  ]
}