{
  "label": "nv_hbm",
  "num_cells": 8,
  "graph_mode": 1,
  "mode": "GRAPH",
  "mean_ms": 0.9112883198261261,
  "per_cell_ms": 0.11391103997826577,
  "p95_ms": 0.9466127991676331,
  "p99_ms": 0.9651116734743118,
  "miss_1ms": 0.0,
  "raw": [
    0.9756799936294556,
    0.9433919787406921,
    0.9326080083847046,
    0.8963519930839539,
    0.9008960127830505,
    0.8927680253982544,
    0.906719982624054,
    0.8871039748191833,
    0.8974720239639282,
    0.901311993598938,
    0.8914560079574585,
    0.9182400107383728,
    0.9164159893989563,
    0.9102399945259094,
    0.9402239918708801,
    0.8625919818878174,
    0.9362879991531372,
    0.9091519713401794,
    0.9492480158805847,
    0.9165120124816895,
    0.8916800022125244,
    0.9238079786300659,
    0.9158080220222473,
    0.9111040234565735,
    0.9308480024337769,
    0.9541119933128357,
    0.8915519714355469,
    0.9201920032501221,
    0.9022079706192017,
    0.8999360203742981,
    0.9006400108337402,
    0.8889600038528442,
    0.9026240110397339,
    0.9009919762611389,
    0.92876797914505,
    0.9385280013084412,
    0.9191359877586365,
    0.9088320136070251,
    0.9128959774971008,
    0.8759999871253967,
    0.9080640077590942,
    0.9021120071411133,
    0.915552020072937,
    0.9079359769821167,
    0.9326720237731934,
    0.8976320028305054,
    0.8889600038528442,
    0.9093760251998901,
    0.8899199962615967,
    0.9088960289955139
  ]
}