{
  "label": "s1n4g_neuralrx_nid001285_g3",
  "num_cells": 8,
  "graph_mode": 1,
  "mode": "GRAPH",
  "mean_ms": 0.5454976046085358,
  "per_cell_ms": 0.06818720057606698,
  "p95_ms": 0.5530240088701248,
  "p99_ms": 0.5559523248672485,
  "miss_1ms": 0.0,
  "raw": [
    0.5459840297698975,
    0.5457280278205872,
    0.5435839891433716,
    0.5422080159187317,
    0.5459840297698975,
    0.5439040064811707,
    0.5439680218696594,
    0.5435839891433716,
    0.5433599948883057,
    0.5441920161247253,
    0.543008029460907,
    0.5436480045318604,
    0.5421119928359985,
    0.5454400181770325,
    0.5424000024795532,
    0.5543040037155151,
    0.5425919890403748,
    0.5433279871940613,
    0.5426239967346191,
    0.5419840216636658,
    0.5424960255622864,
    0.5411199927330017,
    0.5466240048408508,
    0.5430399775505066,
    0.5465599894523621,
    0.5514559745788574,
    0.5427520275115967,
    0.5460479855537415,
    0.5575360059738159,
    0.5523200035095215,
    0.5455359816551208,
    0.5444480180740356,
    0.5488960146903992,
    0.5492159724235535,
    0.547104001045227,
    0.5446079969406128,
    0.5441920161247253,
    0.546176016330719,
    0.5447360277175903,
    0.5449280142784119,
    0.5450239777565002,
    0.5451840162277222,
    0.5451520085334778,
    0.5437440276145935,
    0.5437759757041931,
    0.5464959740638733,
    0.553600013256073,
    0.5468479990959167,
    0.5444160103797913,
    0.5469120144844055
  ]
}