{
  "label": "q32b4n_baseline_nid001761_g0",
  "num_cells": 8,
  "graph_mode": 1,
  "mode": "GRAPH",
  "mean_ms": 0.43583935797214507,
  "per_cell_ms": 0.054479919746518134,
  "p95_ms": 0.4462352111935616,
  "p99_ms": 0.45996607154607766,
  "miss_1ms": 0.0,
  "raw": [
    0.43862399458885193,
    0.43584001064300537,
    0.4331839978694916,
    0.43507200479507446,
    0.43484801054000854,
    0.4359999895095825,
    0.43510401248931885,
    0.4352000057697296,
    0.4339520037174225,
    0.43641600012779236,
    0.43615999817848206,
    0.4336319863796234,
    0.4341759979724884,
    0.4354879856109619,
    0.4359999895095825,
    0.43456000089645386,
    0.4338560104370117,
    0.43513599038124084,
    0.4339520037174225,
    0.4315199851989746,
    0.4350399971008301,
    0.43561598658561707,
    0.43532800674438477,
    0.43302398920059204,
    0.4350079894065857,
    0.4366399943828583,
    0.4392639994621277,
    0.43375998735427856,
    0.4334079921245575,
    0.4343680143356323,
    0.4334079921245575,
    0.434143990278244,
    0.43321600556373596,
    0.4342080056667328,
    0.4327999949455261,
    0.4326399862766266,
    0.43302398920059204,
    0.4360319972038269,
    0.434143990278244,
    0.43302398920059204,
    0.4315840005874634,
    0.43353599309921265,
    0.4323520064353943,
    0.4315840005874634,
    0.43161600828170776,
    0.4326080083847046,
    0.44576001167297363,
    0.4708479940891266,
    0.4466240108013153,
    0.44863998889923096
  ]
}