{
  "label": "q32b1n_qwen32b_nid001461_g3",
  "num_cells": 8,
  "graph_mode": 1,
  "mode": "GRAPH",
  "mean_ms": 0.9460268729925155,
  "per_cell_ms": 0.11825335912406444,
  "p95_ms": 3.544934356212616,
  "p99_ms": 3.6342716383934017,
  "miss_1ms": 0.2,
  "raw": [
    0.43408000469207764,
    0.43327999114990234,
    0.4336960017681122,
    0.4359680116176605,
    0.4346559941768646,
    0.4336960017681122,
    0.43379199504852295,
    0.4320000112056732,
    0.43353599309921265,
    0.43487998843193054,
    0.4331200122833252,
    0.4312640130519867,
    0.43193599581718445,
    0.4347519874572754,
    0.43612799048423767,
    0.43401598930358887,
    0.4317440092563629,
    0.435232013463974,
    0.44764798879623413,
    0.4331519901752472,
    0.43398401141166687,
    0.43251198530197144,
    0.43276798725128174,
    0.4368320107460022,
    0.44678398966789246,
    0.434112012386322,
    0.43299201130867004,
    0.43196800351142883,
    0.434112012386322,
    0.43727999925613403,
    0.4359999895095825,
    0.43219199776649475,
    0.43398401141166687,
    0.43564799427986145,
    0.4339520037174225,
    0.4328959882259369,
    0.7425280213356018,
    3.7056000232696533,
    1.6630079746246338,
    1.660863995552063,
    2.7002880573272705,
    0.5758399963378906,
    3.5600318908691406,
    0.7117120027542114,
    2.84883189201355,
    2.8527679443359375,
    3.544991970062256,
    0.6833279728889465,
    2.860095977783203,
    3.5448639392852783
  ]
}