{
  "label": "s4n4g_gpt2_nid003953_g1",
  "num_cells": 8,
  "graph_mode": 1,
  "mode": "GRAPH",
  "mean_ms": 0.4354067188501358,
  "per_cell_ms": 0.05442583985626698,
  "p95_ms": 0.4388383969664574,
  "p99_ms": 0.44249120503664013,
  "miss_1ms": 0.0,
  "raw": [
    0.4307839870452881,
    0.43724799156188965,
    0.4357439875602722,
    0.435808002948761,
    0.4344640076160431,
    0.43487998843193054,
    0.43542400002479553,
    0.4366079866886139,
    0.44460800290107727,
    0.4349760115146637,
    0.4368959963321686,
    0.43619200587272644,
    0.43427199125289917,
    0.43859198689460754,
    0.43615999817848206,
    0.4338879883289337,
    0.43401598930358887,
    0.43590399622917175,
    0.4371199905872345,
    0.4378879964351654,
    0.4347519874572754,
    0.43558400869369507,
    0.43481600284576416,
    0.4342080056667328,
    0.43904000520706177,
    0.4402880072593689,
    0.43564799427986145,
    0.4343680143356323,
    0.4341759979724884,
    0.4362879991531372,
    0.4359680116176605,
    0.43379199504852295,
    0.434688001871109,
    0.4363200068473816,
    0.43744000792503357,
    0.43456000089645386,
    0.43372800946235657,
    0.4347200095653534,
    0.43430399894714355,
    0.43327999114990234,
    0.43215999007225037,
    0.4357120096683502,
    0.4347200095653534,
    0.43215999007225037,
    0.4347200095653534,
    0.436383992433548,
    0.4338879883289337,
    0.4318079948425293,
    0.43516799807548523,
    0.4341759979724884
  ]
}