{
  "label": "gintf_stream_resnet",
  "num_cells": 8,
  "graph_mode": 0,
  "mode": "STREAM",
  "mean_ms": 4.237593598365784,
  "per_cell_ms": 0.529699199795723,
  "p95_ms": 7.380732703208923,
  "p99_ms": 7.809761323928832,
  "miss_1ms": 1.0,
  "raw": [
    5.788224220275879,
    7.012767791748047,
    4.431168079376221,
    4.4128642082214355,
    2.9294400215148926,
    2.215008020401001,
    2.768320083618164,
    2.144831895828247,
    7.2554240226745605,
    7.28169584274292,
    3.9311039447784424,
    3.7644801139831543,
    2.6194241046905518,
    2.1999359130859375,
    2.6994879245758057,
    2.694495916366577,
    5.87772798538208,
    7.369152069091797,
    6.622496128082275,
    4.190911769866943,
    3.3948800563812256,
    2.93340802192688,
    2.6939198970794678,
    2.7218239307403564,
    5.841119766235352,
    7.390207767486572,
    6.788000106811523,
    4.2857279777526855,
    3.5248639583587646,
    2.6018240451812744,
    2.6930880546569824,
    2.8022079467773438,
    5.806816101074219,
    7.056384086608887,
    5.968319892883301,
    3.3240320682525635,
    3.0028159618377686,
    2.7817280292510986,
    2.478912115097046,
    2.9578239917755127,
    2.151968002319336,
    7.116735935211182,
    3.7901759147644043,
    3.770143985748291,
    2.6956160068511963,
    2.0591681003570557,
    2.2289280891418457,
    8.110879898071289,
    7.496352195739746,
    3.202847957611084
  ]
}