{
  "label": "baseline_final",
  "stats": {
    "name": "baseline_final",
    "count": 100,
    "mean_ms": 2.0763609546422956,
    "std_ms": 2.441063516406063,
    "p50_ms": 1.0798720121383667,
    "p95_ms": 7.99054708480835,
    "p99_ms": 10.430469160079964,
    "min_ms": 0.8458880186080933,
    "max_ms": 11.862879753112793,
    "jitter": 1.1756450683337938
  },
  "miss_1ms": 0.6,
  "raw": [
    4.05017614364624,
    3.012255907058716,
    6.416128158569336,
    2.7921600341796875,
    11.862879753112793,
    0.9016000032424927,
    1.0705920457839966,
    0.8534079790115356,
    1.1344640254974365,
    0.9029120206832886,
    1.0677119493484497,
    0.8820160031318665,
    1.0720640420913696,
    0.8473600149154663,
    1.1063679456710815,
    0.850816011428833,
    1.130303978919983,
    0.846015989780426,
    1.0771199464797974,
    0.8583999872207642,
    1.0985280275344849,
    0.8797119855880737,
    7.990079879760742,
    3.1354880332946777,
    7.955679893493652,
    0.8977599740028381,
    1.0812159776687622,
    0.866815984249115,
    1.1307519674301147,
    0.8469120264053345,
    1.1042239665985107,
    0.889087975025177,
    1.0720640420913696,
    0.8615999817848206,
    1.1212799549102783,
    0.8493760228157043,
    1.0785280466079712,
    0.9018239974975586,
    1.1476160287857056,
    0.8459200263023376,
    1.0683519840240479,
    1.8753279447555542,
    8.005184173583984,
    3.100032091140747,
    9.356703758239746,
    2.8367679119110107,
    1.1363199949264526,
    0.9084479808807373,
    1.133631944656372,
    0.8486400246620178,
    1.1164480447769165,
    0.891040027141571,
    1.133344054222107,
    0.9082239866256714,
    1.146623969078064,
    0.8708800077438354,
    1.0688639879226685,
    0.8458880186080933,
    1.129248023033142,
    0.8907520174980164,
    1.0745600461959839,
    0.8478400111198425,
    6.172639846801758,
    10.416000366210938,
    7.7796478271484375,
    2.7607040405273438,
    7.999423980712891,
    0.849951982498169,
    1.1400959491729736,
    0.8561919927597046,
    1.1159679889678955,
    0.8956480026245117,
    1.111807942390442,
    0.8968319892883301,
    1.1350719928741455,
    0.8461440205574036,
    1.1538560390472412,
    0.8496639728546143,
    1.1203199625015259,
    0.8997439742088318,
    1.0689280033111572,
    0.8482879996299744,
    3.8592638969421387,
    3.2774078845977783,
    7.768127918243408,
    1.4007680416107178,
    7.679488182067871,
    0.8994240164756775,
    1.118880033493042,
    0.8908799886703491,
    1.1164159774780273,
    0.8833280205726624,
    1.095263957977295,
    0.8970239758491516,
    1.1869759559631348,
    0.9151679873466492,
    1.1432960033416748,
    0.8515840172767639,
    1.148800015449524,
    0.9047359824180603
  ]
}