{
  "label": "gintf_graph_gpt2",
  "num_cells": 8,
  "graph_mode": 1,
  "mode": "GRAPH",
  "mean_ms": 2.033020794391632,
  "per_cell_ms": 0.254127599298954,
  "p95_ms": 8.967543935775756,
  "p99_ms": 9.700734443664551,
  "miss_1ms": 0.84,
  "raw": [
    1.4425920248031616,
    1.366528034210205,
    0.9476159811019897,
    0.9491199851036072,
    1.4419840574264526,
    1.4129279851913452,
    0.9420480132102966,
    8.925919532775879,
    1.858847975730896,
    1.399135947227478,
    1.4073599576950073,
    1.400607943534851,
    1.8600640296936035,
    1.464959979057312,
    1.4656959772109985,
    1.8689279556274414,
    1.3988800048828125,
    1.421280026435852,
    1.4074560403823853,
    9.693471908569336,
    1.0131839513778687,
    1.4068800210952759,
    1.409440040588379,
    1.416767954826355,
    0.9609599709510803,
    1.4045759439468384,
    1.4116480350494385,
    0.9568319916725159,
    0.9442239999771118,
    1.3702720403671265,
    1.4247360229492188,
    1.4431040287017822,
    9.00160026550293,
    1.4317760467529297,
    1.41212797164917,
    1.423840045928955,
    1.9131840467453003,
    1.4259519577026367,
    1.4006719589233398,
    1.9126399755477905,
    1.418015956878662,
    1.4392000436782837,
    1.4164799451828003,
    1.8562239408493042,
    9.707712173461914,
    0.9472960233688354,
    1.4387199878692627,
    1.4340159893035889,
    0.9357119798660278,
    1.8978240489959717
  ]
}