{
  "label": "mig72_4n_base_nid008637_g2",
  "num_cells": 8,
  "graph_mode": 1,
  "mode": "GRAPH",
  "mean_ms": 0.46886719822883605,
  "per_cell_ms": 0.058608399778604506,
  "p95_ms": 0.4719487875699997,
  "p99_ms": 0.47350719183683393,
  "miss_1ms": 0.0,
  "raw": [
    0.46828800439834595,
    0.4688960015773773,
    0.4689919948577881,
    0.46799999475479126,
    0.4676800072193146,
    0.4684799909591675,
    0.468095988035202,
    0.47014400362968445,
    0.4671039879322052,
    0.46937599778175354,
    0.47036799788475037,
    0.4692800045013428,
    0.4668799936771393,
    0.469760000705719,
    0.4712960124015808,
    0.46620801091194153,
    0.4645119905471802,
    0.4675520062446594,
    0.4684160053730011,
    0.4677119851112366,
    0.4662719964981079,
    0.4689599871635437,
    0.47206398844718933,
    0.47036799788475037,
    0.46748799085617065,
    0.4692479968070984,
    0.47046399116516113,
    0.4675840139389038,
    0.46799999475479126,
    0.46934399008750916,
    0.4675520062446594,
    0.47071999311447144,
    0.46694400906562805,
    0.4677119851112366,
    0.46851199865341187,
    0.46592000126838684,
    0.46716800332069397,
    0.4684480130672455,
    0.46934399008750916,
    0.4675520062446594,
    0.46723198890686035,
    0.4716480076313019,
    0.4691520035266876,
    0.47180798649787903,
    0.47065600752830505,
    0.47366398572921753,
    0.47334399819374084,
    0.4687359929084778,
    0.46876800060272217,
    0.4716480076313019
  ]
}