{
  "label": "s4n_baseline_n2",
  "num_cells": 8,
  "graph_mode": 1,
  "mode": "GRAPH",
  "mean_ms": 0.43354047954082486,
  "per_cell_ms": 0.05419255994260311,
  "p95_ms": 0.43757600486278536,
  "p99_ms": 0.43894847720861435,
  "miss_1ms": 0.0,
  "raw": [
    0.43222400546073914,
    0.43619200587272644,
    0.43647998571395874,
    0.43347200751304626,
    0.4320319890975952,
    0.4339520037174225,
    0.43561598658561707,
    0.43459200859069824,
    0.4327999949455261,
    0.43481600284576416,
    0.4387199878692627,
    0.43584001064300537,
    0.43215999007225037,
    0.4333440065383911,
    0.4333440065383911,
    0.43353599309921265,
    0.4329279959201813,
    0.4391680061817169,
    0.43238401412963867,
    0.4312959909439087,
    0.43401598930358887,
    0.43487998843193054,
    0.4347519874572754,
    0.4326399862766266,
    0.4320000112056732,
    0.4344319999217987,
    0.43487998843193054,
    0.4327999949455261,
    0.43142399191856384,
    0.4329279959201813,
    0.4373120069503784,
    0.4328959882259369,
    0.4331839978694916,
    0.43356800079345703,
    0.4336319863796234,
    0.43193599581718445,
    0.42688000202178955,
    0.43356800079345703,
    0.4312320053577423,
    0.430400013923645,
    0.43091198801994324,
    0.43212801218032837,
    0.43372800946235657,
    0.4330880045890808,
    0.43779200315475464,
    0.4333760142326355,
    0.4339520037174225,
    0.43273600935935974,
    0.4320000112056732,
    0.4330559968948364
  ]
}