{
  "label": "mig32_4n_base_nid001540_g1",
  "num_cells": 8,
  "graph_mode": 1,
  "mode": "GRAPH",
  "mean_ms": 0.4684115195274353,
  "per_cell_ms": 0.058551439940929415,
  "p95_ms": 0.4782271906733513,
  "p99_ms": 0.4799059158563614,
  "miss_1ms": 0.0,
  "raw": [
    0.46665599942207336,
    0.47116801142692566,
    0.4688960015773773,
    0.4684480130672455,
    0.4676159918308258,
    0.46825599670410156,
    0.4684160053730011,
    0.46716800332069397,
    0.466623991727829,
    0.46902400255203247,
    0.46905601024627686,
    0.46691200137138367,
    0.46668800711631775,
    0.46905601024627686,
    0.47999998927116394,
    0.46745601296424866,
    0.47775998711586,
    0.4694719910621643,
    0.4682239890098572,
    0.4798080027103424,
    0.465503990650177,
    0.4705280065536499,
    0.4681920111179352,
    0.46723198890686035,
    0.46694400906562805,
    0.46563199162483215,
    0.4675520062446594,
    0.4679040014743805,
    0.4668799936771393,
    0.4671039879322052,
    0.46592000126838684,
    0.46460801362991333,
    0.4639360010623932,
    0.474047988653183,
    0.46585598587989807,
    0.46460801362991333,
    0.4640960097312927,
    0.4657280147075653,
    0.4780159890651703,
    0.47839999198913574,
    0.4670400023460388,
    0.4654400050640106,
    0.468095988035202,
    0.46774399280548096,
    0.46399998664855957,
    0.4662719964981079,
    0.4687039852142334,
    0.46592000126838684,
    0.4662399888038635,
    0.4657280147075653
  ]
}