{
  "label": "m2n_baseline_nid001373_g1",
  "num_cells": 8,
  "graph_mode": 1,
  "mode": "GRAPH",
  "mean_ms": 0.4366892796754837,
  "per_cell_ms": 0.054586159959435464,
  "p95_ms": 0.44303359687328336,
  "p99_ms": 0.4509919989109039,
  "miss_1ms": 0.0,
  "raw": [
    0.4362240135669708,
    0.43404799699783325,
    0.43350398540496826,
    0.4329279959201813,
    0.43270400166511536,
    0.43404799699783325,
    0.43401598930358887,
    0.43324801325798035,
    0.43430399894714355,
    0.43507200479507446,
    0.43696001172065735,
    0.43587198853492737,
    0.4347200095653534,
    0.43699198961257935,
    0.43347200751304626,
    0.4323199987411499,
    0.4325439929962158,
    0.4328959882259369,
    0.43408000469207764,
    0.4371519982814789,
    0.454912006855011,
    0.4435519874095917,
    0.43862399458885193,
    0.43727999925613403,
    0.43884798884391785,
    0.4413760006427765,
    0.4410560131072998,
    0.4469119906425476,
    0.44099199771881104,
    0.4362240135669708,
    0.43644800782203674,
    0.43430399894714355,
    0.43462398648262024,
    0.43878400325775146,
    0.4424000084400177,
    0.4375680088996887,
    0.4347200095653534,
    0.4362559914588928,
    0.4362559914588928,
    0.4367679953575134,
    0.43542400002479553,
    0.43801599740982056,
    0.4362879991531372,
    0.4357120096683502,
    0.4363200068473816,
    0.435808002948761,
    0.4344959855079651,
    0.4350399971008301,
    0.43964800238609314,
    0.43270400166511536
  ]
}