{
  "label": "resnet_bs16",
  "stats": {
    "name": "resnet_bs16",
    "count": 100,
    "mean_ms": 2.6151296067237855,
    "std_ms": 2.500785299494023,
    "p50_ms": 1.4305760264396667,
    "p95_ms": 8.185806608200073,
    "p99_ms": 10.209229478836088,
    "min_ms": 1.0151679515838623,
    "max_ms": 15.764063835144043,
    "jitter": 0.9562758545749431
  },
  "miss_1ms": 1.0,
  "raw": [
    1.366047978401184,
    1.1099519729614258,
    4.942336082458496,
    3.059583902359009,
    7.918848037719727,
    3.2675840854644775,
    8.174176216125488,
    1.134943962097168,
    1.7149440050125122,
    1.3466880321502686,
    1.4303359985351562,
    1.052191972732544,
    1.533471941947937,
    1.3056960105895996,
    1.6278079748153687,
    1.073248028755188,
    1.4043200016021729,
    1.0758719444274902,
    1.7198400497436523,
    1.3014719486236572,
    1.2333439588546753,
    2.304352045059204,
    8.406784057617188,
    3.243648052215576,
    4.360415935516357,
    3.4016640186309814,
    1.5983359813690186,
    1.3581119775772095,
    1.488319993019104,
    1.0290559530258179,
    1.3957760334014893,
    2.2406721115112305,
    6.6678080558776855,
    2.3016960620880127,
    1.3440320491790771,
    1.5647039413452148,
    1.2785919904708862,
    1.2520639896392822,
    1.4748480319976807,
    1.0151679515838623,
    5.036960124969482,
    3.550463914871216,
    15.764063835144043,
    1.27948796749115,
    8.686944007873535,
    1.0477440357208252,
    1.3439359664916992,
    1.2959359884262085,
    1.2443519830703735,
    4.736447811126709,
    3.64684796333313,
    1.293280005455017,
    1.315168023109436,
    2.290976047515869,
    10.153120040893555,
    3.208928108215332,
    1.4997440576553345,
    3.041055917739868,
    1.4308160543441772,
    1.2957760095596313,
    1.3888640403747559,
    1.140895962715149,
    1.4549119472503662,
    1.0637120008468628,
    1.6072319746017456,
    1.0758719444274902,
    1.3039679527282715,
    1.3127360343933105,
    1.3571200370788574,
    2.409856081008911,
    8.747648239135742,
    3.49235200881958,
    7.98854398727417,
    1.1534080505371094,
    1.3764480352401733,
    1.4593600034713745,
    1.3075840473175049,
    1.0615359544754028,
    1.6270719766616821,
    1.0589760541915894,
    1.2308800220489502,
    1.1328959465026855,
    4.673791885375977,
    3.32857608795166,
    4.406496047973633,
    4.860832214355469,
    7.8056640625,
    4.837440013885498,
    1.6015039682388306,
    1.3038079738616943,
    1.3827199935913086,
    1.0754239559173584,
    1.5831999778747559,
    1.1637439727783203,
    1.344607949256897,
    1.238976001739502,
    1.3494399785995483,
    1.2288000583648682,
    1.3089920282363892,
    1.5862720012664795
  ]
}