{
  "label": "mig32_1n_base_nid001533_g2",
  "num_cells": 8,
  "graph_mode": 1,
  "mode": "GRAPH",
  "mean_ms": 0.5922950375080108,
  "per_cell_ms": 0.07403687968850135,
  "p95_ms": 0.5958047896623612,
  "p99_ms": 0.5993554937839508,
  "miss_1ms": 0.0,
  "raw": [
    0.5927039980888367,
    0.5951359868049622,
    0.5952320098876953,
    0.5928639769554138,
    0.5928000211715698,
    0.5934399962425232,
    0.5954880118370056,
    0.5901119709014893,
    0.5960639715194702,
    0.5918400287628174,
    0.6022719740867615,
    0.5919039845466614,
    0.5900480151176453,
    0.591808021068573,
    0.5915840268135071,
    0.5893759727478027,
    0.591871976852417,
    0.5917440056800842,
    0.592736005783081,
    0.5905280113220215,
    0.5950080156326294,
    0.593887984752655,
    0.5928959846496582,
    0.590399980545044,
    0.5903360247612,
    0.591808021068573,
    0.5940799713134766,
    0.5900160074234009,
    0.5900160074234009,
    0.5921599864959717,
    0.5864319801330566,
    0.5917760133743286,
    0.5899519920349121,
    0.5922240018844604,
    0.5928959846496582,
    0.5916479825973511,
    0.5895360112190247,
    0.5914239883422852,
    0.5925440192222595,
    0.5963199734687805,
    0.5898879766464233,
    0.5902400016784668,
    0.5925440192222595,
    0.591871976852417,
    0.5934079885482788,
    0.5945919752120972,
    0.5952000021934509,
    0.5915840268135071,
    0.5898240208625793,
    0.5906879901885986
  ]
}