{
  "label": "conc_thresh_1.0GB",
  "num_cells": 20,
  "num_tx": 4,
  "num_rx": 4,
  "mcs": 2,
  "concurrent": true,
  "hbm_pct": 51.5,
  "stats": {
    "mean_ms": 337.0165093994141,
    "p50_ms": 336.0402526855469,
    "p95_ms": 344.744384765625,
    "p99_ms": 358.09151397705097,
    "jitter": 0.023827134369139396
  },
  "miss_1ms": 1.0,
  "raw": [
    343.2922058105469,
    330.27642822265625,
    341.8536071777344,
    334.69989013671875,
    336.0330810546875,
    337.5331115722656,
    333.19903564453125,
    337.5337219238281,
    331.7268981933594,
    331.7662658691406,
    334.69708251953125,
    333.19769287109375,
    343.332275390625,
    341.8764343261719,
    344.7428894042969,
    334.70068359375,
    337.4965515136719,
    325.9597473144531,
    337.4345703125,
    336.1219482421875,
    337.5201416015625,
    336.08331298828125,
    324.4563903808594,
    334.53240966796875,
    339.0149230957031,
    328.7887268066406,
    339.0414123535156,
    338.9878845214844,
    334.669189453125,
    341.86346435546875,
    338.978515625,
    336.1176452636719,
    334.61138916015625,
    334.6513366699219,
    333.12139892578125,
    333.1627502441406,
    330.32354736328125,
    343.390625,
    337.4892272949219,
    341.9474792480469,
    328.732666015625,
    338.9903259277344,
    336.16705322265625,
    336.04742431640625,
    330.2763671875,
    333.2489929199219,
    338.90460205078125,
    344.7727966308594,
    353.5054626464844,
    333.2717590332031,
    334.6645812988281,
    340.3495788574219,
    333.1734313964844,
    341.84002685546875,
    337.5037536621094,
    333.2253112792969,
    328.78192138671875,
    331.6166687011719,
    331.7809143066406,
    357.7420349121094,
    341.9427795410156,
    334.6838684082031,
    336.05377197265625,
    338.953369140625,
    343.3548889160156,
    331.7615661621094,
    331.6591491699219,
    333.1513366699219,
    338.9622497558594,
    334.6641540527344,
    356.37677001953125,
    335.9881896972656,
    339.0815734863281,
    344.70941162109375,
    333.2481689453125,
    337.5022888183594,
    328.8160705566406,
    341.80255126953125,
    338.9675598144531,
    327.441650390625,
    334.56634521484375,
    341.90521240234375,
    344.6902770996094,
    338.98876953125,
    330.26214599609375,
    330.1798400878906,
    336.0247497558594,
    337.54437255859375,
    331.7266845703125,
    333.14013671875,
    330.2652587890625,
    334.6096496582031,
    333.194580078125,
    338.9181213378906,
    392.68994140625,
    338.9613952636719,
    333.1773681640625,
    334.5353698730469,
    322.9808654785156,
    343.346923828125
  ]
}