{
  "label": "s2n_gpt2_n1",
  "num_cells": 8,
  "graph_mode": 1,
  "mode": "GRAPH",
  "mean_ms": 0.4326540803909302,
  "per_cell_ms": 0.05408176004886627,
  "p95_ms": 0.43505921214818954,
  "p99_ms": 0.4367318388819694,
  "miss_1ms": 0.0,
  "raw": [
    0.43190398812294006,
    0.43299201130867004,
    0.4373120069503784,
    0.43238401412963867,
    0.4318400025367737,
    0.435232013463974,
    0.4330559968948364,
    0.4323199987411499,
    0.4315199851989746,
    0.43187201023101807,
    0.4326080083847046,
    0.43167999386787415,
    0.4323520064353943,
    0.43327999114990234,
    0.4326399862766266,
    0.43164798617362976,
    0.4320639967918396,
    0.43484801054000854,
    0.43321600556373596,
    0.4325760006904602,
    0.4342400133609772,
    0.43196800351142883,
    0.4334079921245575,
    0.43142399191856384,
    0.4317440092563629,
    0.4328640103340149,
    0.4323520064353943,
    0.4328320026397705,
    0.4298880100250244,
    0.43347200751304626,
    0.43324801325798035,
    0.43187201023101807,
    0.43302398920059204,
    0.4327999949455261,
    0.43238401412963867,
    0.4318079948425293,
    0.4323520064353943,
    0.43327999114990234,
    0.4331519901752472,
    0.4317759871482849,
    0.4320000112056732,
    0.43270400166511536,
    0.4325439929962158,
    0.43091198801994324,
    0.4315199851989746,
    0.43612799048423767,
    0.4322560131549835,
    0.4330559968948364,
    0.43193599581718445,
    0.43241599202156067
  ]
}