{
  "label": "s2n4g_gpt2_nid002689_g1",
  "num_cells": 8,
  "graph_mode": 1,
  "mode": "GRAPH",
  "mean_ms": 0.4390419214963913,
  "per_cell_ms": 0.054880240187048915,
  "p95_ms": 0.4478671997785568,
  "p99_ms": 0.4501097562909126,
  "miss_1ms": 0.0,
  "raw": [
    0.4343999922275543,
    0.43702399730682373,
    0.43647998571395874,
    0.4357120096683502,
    0.4328959882259369,
    0.4433920085430145,
    0.4362879991531372,
    0.43772798776626587,
    0.43536001443862915,
    0.4359999895095825,
    0.4367679953575134,
    0.43769600987434387,
    0.43542400002479553,
    0.4398399889469147,
    0.43884798884391785,
    0.4373440146446228,
    0.4357120096683502,
    0.43990400433540344,
    0.44115200638771057,
    0.4373120069503784,
    0.44940799474716187,
    0.4368959963321686,
    0.44249600172042847,
    0.43779200315475464,
    0.43775999546051025,
    0.436352014541626,
    0.4362240135669708,
    0.4346559941768646,
    0.4357120096683502,
    0.4434880018234253,
    0.438944011926651,
    0.43590399622917175,
    0.4423680007457733,
    0.4403519928455353,
    0.437824010848999,
    0.43459200859069824,
    0.43859198689460754,
    0.44201600551605225,
    0.44284799695014954,
    0.44492799043655396,
    0.4402880072593689,
    0.44940799474716187,
    0.45078399777412415,
    0.4423680007457733,
    0.4370880126953125,
    0.44598400592803955,
    0.4370880126953125,
    0.43769600987434387,
    0.4371519982814789,
    0.4398080110549927
  ]
}