{
  "label": "q32b4n_baseline_nid001461_g0",
  "num_cells": 8,
  "graph_mode": 1,
  "mode": "GRAPH",
  "mean_ms": 0.43389311850070955,
  "per_cell_ms": 0.054236639812588694,
  "p95_ms": 0.4382752001285553,
  "p99_ms": 0.4414195203781128,
  "miss_1ms": 0.0,
  "raw": [
    0.43612799048423767,
    0.43724799156188965,
    0.43088001012802124,
    0.43692800402641296,
    0.43667200207710266,
    0.4370560050010681,
    0.4294719994068146,
    0.42819198966026306,
    0.43612799048423767,
    0.4382399916648865,
    0.42950400710105896,
    0.4365440011024475,
    0.4347200095653534,
    0.4379200041294098,
    0.43644800782203674,
    0.43584001064300537,
    0.43542400002479553,
    0.4296639859676361,
    0.4307520091533661,
    0.4285759925842285,
    0.4359999895095825,
    0.43830400705337524,
    0.430431991815567,
    0.42931199073791504,
    0.43091198801994324,
    0.4315199851989746,
    0.4299199879169464,
    0.43644800782203674,
    0.4373759925365448,
    0.4296000003814697,
    0.4370560050010681,
    0.4281280040740967,
    0.4357120096683502,
    0.43775999546051025,
    0.42895999550819397,
    0.4347839951515198,
    0.4274879992008209,
    0.4312640130519867,
    0.4307520091533661,
    0.43456000089645386,
    0.4392000138759613,
    0.4299519956111908,
    0.430976003408432,
    0.43561598658561707,
    0.4359999895095825,
    0.4363200068473816,
    0.4320639967918396,
    0.43587198853492737,
    0.4435519874095917,
    0.43647998571395874
  ]
}