{
  "label": "m4n_full_nid001761_g2",
  "num_cells": 8,
  "graph_mode": 1,
  "mode": "GRAPH",
  "mean_ms": 2.174514547586441,
  "per_cell_ms": 0.2718143184483051,
  "p95_ms": 3.8485232472419737,
  "p99_ms": 4.319600582122803,
  "miss_1ms": 0.98,
  "raw": [
    2.7484800815582275,
    3.3740479946136475,
    4.321983814239502,
    2.6592319011688232,
    2.1957759857177734,
    2.592992067337036,
    1.392575979232788,
    1.3701759576797485,
    1.760256052017212,
    1.0734080076217651,
    3.289599895477295,
    2.756351947784424,
    3.5081279277801514,
    3.0358400344848633,
    1.4826879501342773,
    2.231584072113037,
    2.2694718837738037,
    1.5166399478912354,
    1.5880320072174072,
    1.3894720077514648,
    1.0458879470825195,
    1.2779840230941772,
    1.087615966796875,
    2.9647679328918457,
    3.827455997467041,
    3.422559976577759,
    2.5904319286346436,
    1.5146559476852417,
    2.24617600440979,
    2.1058239936828613,
    1.166208028793335,
    1.3872640132904053,
    0.9533759951591492,
    1.3354560136795044,
    1.5848000049591064,
    1.0073599815368652,
    2.812160015106201,
    2.7740800380706787,
    3.865760087966919,
    4.31712007522583,
    2.6809279918670654,
    2.2165439128875732,
    2.5927679538726807,
    1.6341760158538818,
    1.210528016090393,
    1.4024319648742676,
    1.339967966079712,
    1.7961280345916748,
    1.0363520383834839,
    2.972223997116089
  ]
}