{
  "label": "mig72_2n_qwen_nid008660_g1",
  "num_cells": 8,
  "graph_mode": 1,
  "mode": "GRAPH",
  "mean_ms": 0.5213196766376496,
  "per_cell_ms": 0.0651649595797062,
  "p95_ms": 0.5447407990694045,
  "p99_ms": 0.5799730926752089,
  "miss_1ms": 0.0,
  "raw": [
    0.5051519870758057,
    0.5136640071868896,
    0.5210559964179993,
    0.5990399718284607,
    0.5038400292396545,
    0.5051519870758057,
    0.5120639801025391,
    0.5601279735565186,
    0.530784010887146,
    0.5014399886131287,
    0.5480960011482239,
    0.5220159888267517,
    0.5075839757919312,
    0.5132799744606018,
    0.5158399939537048,
    0.505728006362915,
    0.5224959850311279,
    0.5195199847221375,
    0.5138880014419556,
    0.5042240023612976,
    0.5225279927253723,
    0.5210559964179993,
    0.5112000107765198,
    0.4994879961013794,
    0.5012800097465515,
    0.4978559911251068,
    0.5203199982643127,
    0.5202879905700684,
    0.49718400835990906,
    0.5106239914894104,
    0.5234879851341248,
    0.5406399965286255,
    0.5299839973449707,
    0.5179200172424316,
    0.530784010887146,
    0.5353919863700867,
    0.5388479828834534,
    0.5155839920043945,
    0.5323839783668518,
    0.5372800230979919,
    0.5255360007286072,
    0.5175999999046326,
    0.5233920216560364,
    0.5171840190887451,
    0.5133119821548462,
    0.5271040201187134,
    0.5306239724159241,
    0.5188800096511841,
    0.5361279845237732,
    0.5271040201187134
  ]
}