{
  "label": "mig32_2n_base_nid001460_g1",
  "num_cells": 8,
  "graph_mode": 1,
  "mode": "GRAPH",
  "mean_ms": 0.466942720413208,
  "per_cell_ms": 0.058367840051651,
  "p95_ms": 0.46997440308332444,
  "p99_ms": 0.47342463105916976,
  "miss_1ms": 0.0,
  "raw": [
    0.4665600061416626,
    0.4663360118865967,
    0.46806401014328003,
    0.4694400131702423,
    0.4670720100402832,
    0.4673919975757599,
    0.4687359929084778,
    0.4670720100402832,
    0.4660159945487976,
    0.4682239890098572,
    0.465503990650177,
    0.46480000019073486,
    0.4645119905471802,
    0.46646401286125183,
    0.46720001101493835,
    0.4654400050640106,
    0.47017601132392883,
    0.46748799085617065,
    0.4659520089626312,
    0.46675199270248413,
    0.4654400050640106,
    0.46665599942207336,
    0.4697279930114746,
    0.466592013835907,
    0.46585598587989807,
    0.4662399888038635,
    0.466623991727829,
    0.4663679897785187,
    0.46534401178359985,
    0.46614399552345276,
    0.4674240052700043,
    0.46799999475479126,
    0.4673280119895935,
    0.4674240052700043,
    0.47094398736953735,
    0.46620801091194153,
    0.465503990650177,
    0.4662719964981079,
    0.4662399888038635,
    0.4636799991130829,
    0.46454399824142456,
    0.4675840139389038,
    0.4678399860858917,
    0.4645119905471802,
    0.46672001481056213,
    0.46592000126838684,
    0.46777600049972534,
    0.4758079946041107,
    0.4670400023460388,
    0.46617600321769714
  ]
}