{
  "label": "s4n4g_gpt2_nid001269_g2",
  "num_cells": 8,
  "graph_mode": 1,
  "mode": "GRAPH",
  "mean_ms": 0.43809152007102964,
  "per_cell_ms": 0.054761440008878705,
  "p95_ms": 0.44751999378204343,
  "p99_ms": 0.45054048687219617,
  "miss_1ms": 0.0,
  "raw": [
    0.4376640021800995,
    0.4362879991531372,
    0.436383992433548,
    0.44064000248908997,
    0.4357759952545166,
    0.4408319890499115,
    0.43612799048423767,
    0.43536001443862915,
    0.43372800946235657,
    0.43427199125289917,
    0.43721601366996765,
    0.4387199878692627,
    0.44838398694992065,
    0.44361600279808044,
    0.43804800510406494,
    0.4423680007457733,
    0.43536001443862915,
    0.4339520037174225,
    0.438975989818573,
    0.4352000057697296,
    0.43587198853492737,
    0.4410240054130554,
    0.43862399458885193,
    0.4394879937171936,
    0.434143990278244,
    0.4519360065460205,
    0.4357759952545166,
    0.43644800782203674,
    0.43801599740982056,
    0.4381119906902313,
    0.43612799048423767,
    0.43427199125289917,
    0.43564799427986145,
    0.4426240026950836,
    0.4333440065383911,
    0.43587198853492737,
    0.44646400213241577,
    0.4366399943828583,
    0.4410240054130554,
    0.43353599309921265,
    0.43536001443862915,
    0.43510401248931885,
    0.4360960125923157,
    0.435808002948761,
    0.44019201397895813,
    0.4357120096683502,
    0.43238401412963867,
    0.4436799883842468,
    0.4490880072116852,
    0.43724799156188965
  ]
}