{
  "label": "mig32_4n_base_nid001537_g2",
  "num_cells": 8,
  "graph_mode": 1,
  "mode": "GRAPH",
  "mean_ms": 0.4682604795694351,
  "per_cell_ms": 0.05853255994617939,
  "p95_ms": 0.4748880058526993,
  "p99_ms": 0.4796854373812675,
  "miss_1ms": 0.0,
  "raw": [
    0.46649599075317383,
    0.46934399008750916,
    0.4692800045013428,
    0.4672960042953491,
    0.4672960042953491,
    0.4679360091686249,
    0.4684480130672455,
    0.46639999747276306,
    0.46774399280548096,
    0.4684160053730011,
    0.4687039852142334,
    0.4670400023460388,
    0.46716800332069397,
    0.4751040041446686,
    0.46774399280548096,
    0.46694400906562805,
    0.46860799193382263,
    0.4657599925994873,
    0.4661119878292084,
    0.46483200788497925,
    0.4668799936771393,
    0.4687359929084778,
    0.47017601132392883,
    0.4656960070133209,
    0.46748799085617065,
    0.4687039852142334,
    0.46700799465179443,
    0.46531200408935547,
    0.4668799936771393,
    0.46876800060272217,
    0.4684160053730011,
    0.4662399888038635,
    0.46720001101493835,
    0.46835198998451233,
    0.46748799085617065,
    0.4660800099372864,
    0.465472012758255,
    0.46806401014328003,
    0.46931201219558716,
    0.4676159918308258,
    0.47462400794029236,
    0.4684480130672455,
    0.4681920111179352,
    0.4753279983997345,
    0.46585598587989807,
    0.46592000126838684,
    0.4661119878292084,
    0.47180798649787903,
    0.4663040041923523,
    0.4838719964027405
  ]
}