{
  "label": "m2n_baseline_nid003040_g2",
  "num_cells": 8,
  "graph_mode": 1,
  "mode": "GRAPH",
  "mean_ms": 0.43458431839942935,
  "per_cell_ms": 0.05432303979992867,
  "p95_ms": 0.4382479876279831,
  "p99_ms": 0.44733888149261475,
  "miss_1ms": 0.0,
  "raw": [
    0.44787201285362244,
    0.43564799427986145,
    0.43593600392341614,
    0.43433600664138794,
    0.43507200479507446,
    0.4370560050010681,
    0.43516799807548523,
    0.43430399894714355,
    0.4349119961261749,
    0.42879998683929443,
    0.4374080002307892,
    0.4344959855079651,
    0.4338560104370117,
    0.43564799427986145,
    0.4347839951515198,
    0.4352000057697296,
    0.4338879883289337,
    0.4365440011024475,
    0.434688001871109,
    0.4325760006904602,
    0.43011200428009033,
    0.4352959990501404,
    0.43404799699783325,
    0.4344640076160431,
    0.43356800079345703,
    0.43427199125289917,
    0.43347200751304626,
    0.43167999386787415,
    0.43219199776649475,
    0.43219199776649475,
    0.4329279959201813,
    0.43196800351142883,
    0.4322879910469055,
    0.4329279959201813,
    0.4346559941768646,
    0.431551992893219,
    0.43116798996925354,
    0.43372800946235657,
    0.4331200122833252,
    0.435808002948761,
    0.4336000084877014,
    0.4338879883289337,
    0.43456000089645386,
    0.43238401412963867,
    0.43276798725128174,
    0.4357439875602722,
    0.4334079921245575,
    0.43798398971557617,
    0.4384639859199524,
    0.44678398966789246
  ]
}