{
  "label": "s4n4g_baseline_nid003952_g1",
  "num_cells": 8,
  "graph_mode": 1,
  "mode": "GRAPH",
  "mean_ms": 0.4322784012556076,
  "per_cell_ms": 0.05403480015695095,
  "p95_ms": 0.43635839968919754,
  "p99_ms": 0.43719231098890304,
  "miss_1ms": 0.0,
  "raw": [
    0.4344640076160431,
    0.43324801325798035,
    0.43321600556373596,
    0.4293439984321594,
    0.43539199233055115,
    0.43321600556373596,
    0.4333440065383911,
    0.42847999930381775,
    0.4347519874572754,
    0.4362879991531372,
    0.43238401412963867,
    0.42816001176834106,
    0.43459200859069824,
    0.4296320080757141,
    0.43382400274276733,
    0.4312959909439087,
    0.43513599038124084,
    0.42985600233078003,
    0.43113601207733154,
    0.43379199504852295,
    0.4334399998188019,
    0.42985600233078003,
    0.4338560104370117,
    0.4293760061264038,
    0.42662400007247925,
    0.42764800786972046,
    0.43190398812294006,
    0.42876800894737244,
    0.4341759979724884,
    0.4367679953575134,
    0.42982399463653564,
    0.43372800946235657,
    0.4338879883289337,
    0.4343680143356323,
    0.43139201402664185,
    0.42790400981903076,
    0.4336639940738678,
    0.43641600012779236,
    0.4301440119743347,
    0.43487998843193054,
    0.4339520037174225,
    0.4310719966888428,
    0.4315840005874634,
    0.4323199987411499,
    0.4302079975605011,
    0.4350079894065857,
    0.430431991815567,
    0.42819198966026306,
    0.4333760142326355,
    0.4375999867916107
  ]
}