{
  "label": "heavy_sm20",
  "num_cells": 20,
  "num_tx": 4,
  "num_rx": 4,
  "mcs": 2,
  "hbm_pct": 21.5,
  "stats": {
    "name": "heavy_sm20",
    "count": 100,
    "mean_ms": 16.719961270689964,
    "std_ms": 6.393829183750141,
    "p50_ms": 14.88155198097229,
    "p95_ms": 25.222446307539933,
    "p99_ms": 51.05305277585985,
    "min_ms": 14.765248000621796,
    "max_ms": 54.2999352812767,
    "jitter": 0.38240693744658977
  },
  "miss_1ms": 1.0,
  "raw": [
    15.68783986568451,
    37.35315203666687,
    51.020255982875824,
    15.691392064094543,
    15.544991970062256,
    14.903135895729065,
    14.889952063560486,
    14.793440043926239,
    14.848864138126373,
    14.845119893550873,
    14.879232108592987,
    14.945408046245575,
    14.88073581457138,
    19.935520112514496,
    15.304480016231537,
    14.88483202457428,
    14.86432009935379,
    14.909472107887268,
    14.810560047626495,
    14.926400125026703,
    14.946336090564728,
    14.899807929992676,
    14.861792027950287,
    14.94435203075409,
    27.765984058380127,
    54.2999352812767,
    15.034912049770355,
    14.90447986125946,
    14.999008178710938,
    14.881855964660645,
    14.866815984249115,
    14.896064043045044,
    14.83436805009842,
    14.84745591878891,
    14.944928109645844,
    14.826848030090332,
    25.088575899600983,
    15.708928048610687,
    14.826047956943512,
    17.860223948955536,
    14.787487983703613,
    14.934400022029877,
    14.805952072143555,
    14.800895988941193,
    14.80678391456604,
    14.86543995141983,
    14.794368088245392,
    15.710879981517792,
    23.7324481010437,
    14.86326390504837,
    14.918879866600037,
    14.805343985557556,
    14.809184074401855,
    14.895807981491089,
    14.807135939598083,
    14.842623949050903,
    14.871360063552856,
    14.8646399974823,
    14.890399992465973,
    19.851935863494873,
    15.749727964401245,
    14.841247975826263,
    14.825503945350647,
    14.893983960151672,
    14.837119996547699,
    14.795135974884033,
    14.780927956104279,
    17.52537614107132,
    14.787295877933502,
    14.765248000621796,
    15.35340803861618,
    17.2432319521904,
    14.890144050121307,
    14.86739206314087,
    14.888224005699158,
    14.881247997283936,
    14.778944075107574,
    14.814207971096039,
    14.82886403799057,
    14.809087932109833,
    14.80105596780777,
    14.887455940246582,
    39.42262351512909,
    16.218783915042877,
    14.798079788684845,
    15.009984076023102,
    14.767295956611633,
    14.84636801481247,
    14.865056037902832,
    14.819039940834045,
    14.870975971221924,
    14.79856014251709,
    14.930144011974335,
    15.071679949760437,
    20.575968086719513,
    14.81030386686325,
    14.842208087444305,
    14.945344090461731,
    14.925568163394928,
    14.816255986690521
  ]
}