{
  "label": "mig72_2n_base_nid008660_g1",
  "num_cells": 8,
  "graph_mode": 1,
  "mode": "GRAPH",
  "mean_ms": 0.46642240285873415,
  "per_cell_ms": 0.05830280035734177,
  "p95_ms": 0.46958559602499006,
  "p99_ms": 0.47066560745239255,
  "miss_1ms": 0.0,
  "raw": [
    0.4676800072193146,
    0.46880000829696655,
    0.46880000829696655,
    0.4711360037326813,
    0.46828800439834595,
    0.468639999628067,
    0.4663360118865967,
    0.4646399915218353,
    0.46508800983428955,
    0.46540799736976624,
    0.4663040041923523,
    0.4651840031147003,
    0.4633280038833618,
    0.46828800439834595,
    0.46806401014328003,
    0.4663679897785187,
    0.4644800126552582,
    0.4658240079879761,
    0.4686720073223114,
    0.468095988035202,
    0.46534401178359985,
    0.46588799357414246,
    0.4675840139389038,
    0.46639999747276306,
    0.464383989572525,
    0.4654400050640106,
    0.46560001373291016,
    0.46745601296424866,
    0.46483200788497925,
    0.46556800603866577,
    0.4665600061416626,
    0.4647040069103241,
    0.47017601132392883,
    0.4668799936771393,
    0.4657280147075653,
    0.4642559885978699,
    0.4647040069103241,
    0.46988800168037415,
    0.46646401286125183,
    0.4657599925994873,
    0.464352011680603,
    0.46588799357414246,
    0.469215989112854,
    0.46585598587989807,
    0.464383989572525,
    0.46534401178359985,
    0.466592013835907,
    0.46492800116539,
    0.4652479887008667,
    0.4662719964981079
  ]
}