{
  "label": "v2_baseline",
  "stats": {
    "name": "v2_baseline",
    "count": 100,
    "mean_ms": 2.08634431540966,
    "std_ms": 2.3227612920487903,
    "p50_ms": 1.1529120206832886,
    "p95_ms": 7.888403058052063,
    "p99_ms": 11.06356739997865,
    "min_ms": 0.8896639943122864,
    "max_ms": 13.450559616088867,
    "jitter": 1.1133163758699671
  },
  "miss_1ms": 0.62,
  "raw": [
    1.1951040029525757,
    0.9522240161895752,
    1.1940480470657349,
    0.950655996799469,
    1.1906559467315674,
    0.9175999760627747,
    7.7711358070373535,
    3.1634879112243652,
    7.98908805847168,
    3.339456081390381,
    2.7545599937438965,
    0.9413120150566101,
    1.1898880004882812,
    0.945472002029419,
    1.1606719493865967,
    0.9640960097312927,
    1.1920640468597412,
    0.9474560022354126,
    1.1908799409866333,
    0.9408959746360779,
    1.169119954109192,
    0.9431679844856262,
    1.194591999053955,
    0.8920639753341675,
    1.1294399499893188,
    0.8973119854927063,
    4.472832202911377,
    3.143807888031006,
    13.450559616088867,
    2.059295892715454,
    7.883103847503662,
    0.9418879747390747,
    1.18995201587677,
    0.9436799883842468,
    1.1987839937210083,
    0.9430400133132935,
    1.172160029411316,
    0.909824013710022,
    1.1806399822235107,
    0.9559360146522522,
    1.1921919584274292,
    0.9423999786376953,
    1.1405760049819946,
    0.8896639943122864,
    1.1327680349349976,
    0.8955199718475342,
    1.1452480554580688,
    1.7449920177459717,
    11.039456367492676,
    3.352832078933716,
    4.878015995025635,
    3.10150408744812,
    1.1492160558700562,
    0.9488000273704529,
    1.1724480390548706,
    0.9331200122833252,
    1.1958080530166626,
    0.9470400214195251,
    1.1452480554580688,
    0.8903359770774841,
    1.177567958831787,
    0.940671980381012,
    1.1341760158538818,
    0.9473599791526794,
    1.2111680507659912,
    0.9039679765701294,
    4.547455787658691,
    3.410048007965088,
    4.5893120765686035,
    3.0627520084381104,
    8.218463897705078,
    0.8993600010871887,
    1.1332160234451294,
    0.9534400105476379,
    1.2059520483016968,
    0.9691519737243652,
    1.156607985496521,
    0.8977280259132385,
    1.148800015449524,
    0.9065920114517212,
    1.1438720226287842,
    0.947488009929657,
    1.1579840183258057,
    0.9493439793586731,
    1.132159948348999,
    0.8944640159606934,
    1.146720051765442,
    3.6332480907440186,
    7.744927883148193,
    3.1622400283813477,
    8.204607963562012,
    3.2747199535369873,
    1.1636799573898315,
    0.9340479969978333,
    1.1700479984283447,
    0.9282240271568298,
    1.1696959733963013,
    0.9393919706344604,
    1.1819839477539062,
    0.9426559805870056
  ]
}