{
  "label": "s4n4g_resnet_nid003956_g2",
  "num_cells": 8,
  "graph_mode": 1,
  "mode": "GRAPH",
  "mean_ms": 0.4347097599506378,
  "per_cell_ms": 0.05433871999382973,
  "p95_ms": 0.4378144025802612,
  "p99_ms": 0.44095166951417925,
  "miss_1ms": 0.0,
  "raw": [
    0.4327999949455261,
    0.43484801054000854,
    0.4352000057697296,
    0.43379199504852295,
    0.4436799883842468,
    0.43433600664138794,
    0.43327999114990234,
    0.4336960017681122,
    0.4320000112056732,
    0.4354879856109619,
    0.4347839951515198,
    0.4336960017681122,
    0.4336960017681122,
    0.4343999922275543,
    0.43487998843193054,
    0.43296000361442566,
    0.4320639967918396,
    0.43379199504852295,
    0.4343999922275543,
    0.43382400274276733,
    0.43324801325798035,
    0.430400013923645,
    0.43481600284576416,
    0.4375680088996887,
    0.4349760115146637,
    0.43747198581695557,
    0.43721601366996765,
    0.4342400133609772,
    0.4365119934082031,
    0.4355520009994507,
    0.43747198581695557,
    0.4349760115146637,
    0.4349760115146637,
    0.4363200068473816,
    0.42713600397109985,
    0.43273600935935974,
    0.4334079921245575,
    0.436383992433548,
    0.43692800402641296,
    0.43350398540496826,
    0.4326080083847046,
    0.4381119906902313,
    0.4360640048980713,
    0.43241599202156067,
    0.4320319890975952,
    0.43801599740982056,
    0.43532800674438477,
    0.43612799048423767,
    0.43542400002479553,
    0.43590399622917175
  ]
}