{
  "label": "q32b2n_baseline_nid001640_g1",
  "num_cells": 8,
  "graph_mode": 1,
  "mode": "GRAPH",
  "mean_ms": 0.4360102391242981,
  "per_cell_ms": 0.05450127989053726,
  "p95_ms": 0.4401984065771103,
  "p99_ms": 0.4428243163228035,
  "miss_1ms": 0.0,
  "raw": [
    0.4407680034637451,
    0.43692800402641296,
    0.4405440092086792,
    0.4359999895095825,
    0.43324801325798035,
    0.43644800782203674,
    0.43462398648262024,
    0.43302398920059204,
    0.4333440065383911,
    0.4390079975128174,
    0.43699198961257935,
    0.43398401141166687,
    0.4365760087966919,
    0.43398401141166687,
    0.43564799427986145,
    0.4386560022830963,
    0.43539199233055115,
    0.434143990278244,
    0.4349119961261749,
    0.4371519982814789,
    0.43615999817848206,
    0.43644800782203674,
    0.434143990278244,
    0.435263991355896,
    0.4371199905872345,
    0.4357120096683502,
    0.4380800127983093,
    0.4330880045890808,
    0.43350398540496826,
    0.43673598766326904,
    0.43513599038124084,
    0.4347839951515198,
    0.4333440065383911,
    0.43459200859069824,
    0.43587198853492737,
    0.4344640076160431,
    0.4339199960231781,
    0.43487998843193054,
    0.43353599309921265,
    0.4357120096683502,
    0.4344640076160431,
    0.43590399622917175,
    0.4349119961261749,
    0.43379199504852295,
    0.4390079975128174,
    0.4384959936141968,
    0.4389120042324066,
    0.4447999894618988,
    0.4397760033607483,
    0.4365760087966919
  ]
}