{
  "label": "conc_thresh_2.0GB",
  "num_cells": 20,
  "num_tx": 4,
  "num_rx": 4,
  "mcs": 2,
  "concurrent": true,
  "hbm_pct": 56.3,
  "stats": {
    "mean_ms": 612.1841418457032,
    "p50_ms": 612.5896301269531,
    "p95_ms": 630.2629455566406,
    "p99_ms": 635.9302740478516,
    "jitter": 0.017549084242766883
  },
  "miss_1ms": 1.0,
  "raw": [
    621.2052612304688,
    624.27490234375,
    612.6922607421875,
    595.2286987304688,
    612.6865234375,
    592.346435546875,
    609.7476806640625,
    615.4447631835938,
    609.6892700195312,
    621.2921142578125,
    615.6029052734375,
    598.1035766601562,
    612.6002807617188,
    624.2557983398438,
    627.1729125976562,
    618.4147338867188,
    612.7696533203125,
    598.2025146484375,
    615.5311889648438,
    603.7452392578125,
    618.3732299804688,
    615.6300659179688,
    606.633544921875,
    600.9783935546875,
    606.9180908203125,
    632.9301147460938,
    606.7383422851562,
    604.0657348632812,
    615.63037109375,
    606.8143310546875,
    598.00390625,
    609.5618286132812,
    630.0125732421875,
    612.5517578125,
    624.25,
    612.5888671875,
    621.3427124023438,
    612.7374877929688,
    615.59716796875,
    598.2312622070312,
    630.0758666992188,
    606.7710571289062,
    627.064453125,
    612.5501708984375,
    603.8858032226562,
    601.0381469726562,
    606.813720703125,
    633.064697265625,
    641.6078491210938,
    598.1137084960938,
    609.7557983398438,
    612.5903930664062,
    630.130126953125,
    618.3104858398438,
    618.4915771484375,
    615.4232177734375,
    624.1954956054688,
    592.32177734375,
    618.3197021484375,
    621.3770141601562,
    621.2479248046875,
    600.96484375,
    615.490966796875,
    621.3198852539062,
    601.079833984375,
    618.3668212890625,
    612.7164916992188,
    612.6762084960938,
    601.0895385742188,
    618.4609985351562,
    598.1248168945312,
    606.9000854492188,
    598.065673828125,
    601.0842895507812,
    603.96533203125,
    612.5614013671875,
    630.0601806640625,
    598.0578002929688,
    609.7289428710938,
    615.5459594726562,
    621.2679443359375,
    609.8231201171875,
    635.8729248046875,
    600.9940185546875,
    609.6988525390625,
    609.8392944335938,
    606.6744995117188,
    603.966796875,
    621.2958984375,
    618.4124755859375,
    612.5106811523438,
    615.4326171875,
    589.2859497070312,
    615.4899291992188,
    632.7864990234375,
    600.9737548828125,
    592.3653564453125,
    600.9862670898438,
    606.8538818359375,
    603.8778686523438
  ]
}