{
  "label": "hthresh_hbm_0.1GB",
  "num_cells": 20,
  "num_tx": 4,
  "num_rx": 4,
  "mcs": 2,
  "hbm_pct": 23.6,
  "stats": {
    "name": "hthresh_hbm_0.1GB",
    "count": 100,
    "mean_ms": 57.14312132120133,
    "std_ms": 7.415826902586246,
    "p50_ms": 55.32625591754913,
    "p95_ms": 64.63867527246475,
    "p99_ms": 94.62590872764592,
    "min_ms": 54.08134388923645,
    "max_ms": 104.27769684791565,
    "jitter": 0.12977637082339102
  },
  "miss_1ms": 1.0,
  "raw": [
    55.66467237472534,
    56.653119802474976,
    57.49491214752197,
    55.89875245094299,
    55.06169629096985,
    55.55366396903992,
    54.94172739982605,
    55.93414378166199,
    56.2782084941864,
    54.925408601760864,
    55.45452809333801,
    55.07027220726013,
    55.18828845024109,
    91.91696095466614,
    62.32764768600464,
    54.5860161781311,
    54.86640024185181,
    54.42569637298584,
    55.09817576408386,
    54.7019202709198,
    54.958751916885376,
    55.34643220901489,
    55.190207958221436,
    55.30841565132141,
    56.819519996643066,
    58.27452778816223,
    54.10297608375549,
    54.840287923812866,
    58.2072639465332,
    54.345887899398804,
    55.59328007698059,
    55.1169273853302,
    55.33209586143494,
    55.31964826583862,
    56.02828812599182,
    55.21411204338074,
    57.490368366241455,
    55.474687814712524,
    54.48099207878113,
    54.81641626358032,
    54.08134388923645,
    55.53823924064636,
    55.075711727142334,
    54.97654438018799,
    57.10646367073059,
    55.32041597366333,
    54.83308815956116,
    66.61504054069519,
    69.87382411956787,
    55.43331217765808,
    54.840735912323,
    55.55798363685608,
    55.22691249847412,
    55.393855810165405,
    55.43161582946777,
    55.34771203994751,
    55.315711975097656,
    55.13734412193298,
    56.65334367752075,
    59.44745659828186,
    56.41852784156799,
    55.923872232437134,
    54.56153583526611,
    55.39126443862915,
    55.67724823951721,
    55.228479862213135,
    56.18089580535889,
    56.434688091278076,
    55.83379244804382,
    54.702815771102905,
    64.53465604782104,
    94.52841591835022,
    55.40940856933594,
    57.38905620574951,
    55.062175989151,
    54.33881592750549,
    54.823424100875854,
    55.192927837371826,
    54.94041609764099,
    55.27571225166321,
    55.7992639541626,
    54.610432147979736,
    56.49177646636963,
    56.3024959564209,
    55.09014391899109,
    55.20316815376282,
    55.420639514923096,
    54.97446346282959,
    54.46511960029602,
    57.2313916683197,
    54.62726378440857,
    55.899904012680054,
    54.483327865600586,
    54.83897662162781,
    104.27769684791565,
    54.386080265045166,
    55.53279972076416,
    54.85878372192383,
    55.52995181083679,
    54.930367946624756
  ]
}