{
  "label": "m2n_full_nid003040_g0",
  "num_cells": 8,
  "graph_mode": 1,
  "mode": "GRAPH",
  "mean_ms": 0.9346483182907105,
  "per_cell_ms": 0.11683103978633881,
  "p95_ms": 1.0413119673728943,
  "p99_ms": 1.065124487876892,
  "miss_1ms": 0.32,
  "raw": [
    0.9536640048027039,
    0.8518400192260742,
    0.8686720132827759,
    1.0092159509658813,
    0.9577599763870239,
    0.8689919710159302,
    0.8804799914360046,
    1.0151360034942627,
    0.9577280282974243,
    0.8683199882507324,
    0.9145600199699402,
    1.0239360332489014,
    0.8706560134887695,
    1.0841599702835083,
    0.8616319894790649,
    1.027359962463379,
    0.6935679912567139,
    0.8770239949226379,
    1.0119999647140503,
    0.9647679924964905,
    1.030176043510437,
    0.8882240056991577,
    0.9926720261573792,
    0.6988160014152527,
    1.014623999595642,
    0.8701120018959045,
    0.8853440284729004,
    1.0439039468765259,
    0.9657920002937317,
    0.8702719807624817,
    0.8943039774894714,
    1.0381439924240112,
    0.9264320135116577,
    0.9268159866333008,
    0.8666560053825378,
    1.0453120470046997,
    1.0272959470748901,
    0.8631680011749268,
    0.8695039749145508,
    1.0292479991912842,
    0.9624959826469421,
    0.8711040019989014,
    0.9516479969024658,
    1.027008056640625,
    1.0245120525360107,
    0.8806399703025818,
    0.8751040101051331,
    1.0137280225753784,
    0.9550399780273438,
    0.8628479838371277
  ]
}