{
  "label": "g40_thresh_1.0GB",
  "num_cells": 20,
  "num_tx": 4,
  "num_rx": 4,
  "mcs": 2,
  "hbm_pct": 51.5,
  "stats": {
    "name": "g40_thresh_1.0GB",
    "count": 100,
    "mean_ms": 337.4734327697754,
    "std_ms": 6.400750254806843,
    "p50_ms": 336.07003116607666,
    "p95_ms": 350.6307519435883,
    "p99_ms": 360.7094106769562,
    "min_ms": 322.95587253570557,
    "max_ms": 365.0181722640991,
    "jitter": 0.018966678953876166
  },
  "miss_1ms": 1.0,
  "raw": [
    338.8893756866455,
    343.3141803741455,
    344.6737232208252,
    341.84278202056885,
    334.55155086517334,
    337.3588800430298,
    333.1270360946655,
    334.4533100128174,
    334.5909128189087,
    335.95320987701416,
    338.9431686401367,
    341.7164144515991,
    334.6362237930298,
    341.7904634475708,
    337.4379825592041,
    330.2213125228882,
    344.7273292541504,
    333.12217712402344,
    333.1232624053955,
    330.20659351348877,
    336.0896635055542,
    335.99104022979736,
    338.90025520324707,
    335.991717338562,
    333.09868907928467,
    353.4400291442871,
    330.43868350982666,
    334.24412631988525,
    334.56160259246826,
    340.3048610687256,
    334.5735692977905,
    338.9354238510132,
    336.07200050354004,
    332.9915199279785,
    339.05836391448975,
    340.2586555480957,
    351.95196437835693,
    334.56860637664795,
    334.5486068725586,
    333.1119661331177,
    335.9788179397583,
    334.5592346191406,
    340.3332452774048,
    334.58595085144043,
    334.58671951293945,
    336.11356830596924,
    334.5478687286377,
    354.7950744628906,
    337.450403213501,
    339.01609802246094,
    331.6735095977783,
    336.05241775512695,
    330.18067264556885,
    335.94521617889404,
    337.43385791778564,
    340.3447046279907,
    338.88572883605957,
    333.07187271118164,
    337.44659423828125,
    337.43196868896484,
    350.5612144470215,
    334.5643253326416,
    340.32633876800537,
    330.19145488739014,
    336.0680618286133,
    330.13104152679443,
    338.8797798156738,
    324.4682865142822,
    330.2151985168457,
    338.85017585754395,
    360.6658878326416,
    343.26051235198975,
    322.95587253570557,
    334.50377464294434,
    335.98189067840576,
    337.407998085022,
    333.0798692703247,
    340.4329891204834,
    334.6271324157715,
    344.7066535949707,
    337.4311008453369,
    333.11472034454346,
    340.3359069824219,
    365.0181722640991,
    338.9197425842285,
    336.0536642074585,
    335.91795539855957,
    338.946816444397,
    328.7819538116455,
    343.2765407562256,
    337.40639877319336,
    331.6288642883301,
    331.73164558410645,
    346.22547245025635,
    347.6316795349121,
    337.5218563079834,
    336.12800216674805,
    337.38476943969727,
    333.19600009918213,
    334.56879901885986
  ]
}