{
  "label": "q32b4n_qwen32b_nid001761_g2",
  "num_cells": 8,
  "graph_mode": 1,
  "mode": "GRAPH",
  "mean_ms": 0.4378924804925919,
  "per_cell_ms": 0.054736560061573986,
  "p95_ms": 0.44932160824537276,
  "p99_ms": 0.4672070336341857,
  "miss_1ms": 0.0,
  "raw": [
    0.4327999949455261,
    0.4309439957141876,
    0.4386880099773407,
    0.4349440038204193,
    0.4355520009994507,
    0.43750399351119995,
    0.4375680088996887,
    0.43532800674438477,
    0.43584001064300537,
    0.4373759925365448,
    0.43881601095199585,
    0.43644800782203674,
    0.4832319915294647,
    0.4374080002307892,
    0.4330880045890808,
    0.42902401089668274,
    0.43644800782203674,
    0.4312640130519867,
    0.43647998571395874,
    0.42873600125312805,
    0.4355520009994507,
    0.4365440011024475,
    0.4367679953575134,
    0.4416640102863312,
    0.44969600439071655,
    0.44387200474739075,
    0.4342400133609772,
    0.42870399355888367,
    0.43718400597572327,
    0.44886401295661926,
    0.43856000900268555,
    0.43532800674438477,
    0.43321600556373596,
    0.4392319917678833,
    0.4384959936141968,
    0.43727999925613403,
    0.4344319999217987,
    0.4352959990501404,
    0.4375999867916107,
    0.43561598658561707,
    0.43612799048423767,
    0.4373759925365448,
    0.4410240054130554,
    0.4286080002784729,
    0.4461759924888611,
    0.43276798725128174,
    0.440095990896225,
    0.43747198581695557,
    0.45052799582481384,
    0.43881601095199585
  ]
}