{
  "label": "hthresh_hbm_1.0GB",
  "num_cells": 20,
  "num_tx": 4,
  "num_rx": 4,
  "mcs": 2,
  "hbm_pct": 25.7,
  "stats": {
    "name": "hthresh_hbm_1.0GB",
    "count": 100,
    "mean_ms": 275.27099387168886,
    "std_ms": 4.473657579877391,
    "p50_ms": 274.79833698272705,
    "p95_ms": 283.34271783828734,
    "p99_ms": 287.9682482528687,
    "min_ms": 265.07753467559814,
    "max_ms": 295.8714237213135,
    "jitter": 0.016251830666774436
  },
  "miss_1ms": 1.0,
  "raw": [
    277.6231384277344,
    270.7840986251831,
    295.8714237213135,
    275.29174518585205,
    273.02873706817627,
    271.94585514068604,
    271.9273281097412,
    271.9367380142212,
    282.1960325241089,
    274.2024984359741,
    269.5822067260742,
    274.10700702667236,
    267.28457260131836,
    278.83558464050293,
    283.43721771240234,
    282.2207365036011,
    278.80784130096436,
    269.67782497406006,
    266.2756156921387,
    273.0533752441406,
    274.23388862609863,
    270.80605030059814,
    274.2154903411865,
    275.38940811157227,
    277.6549119949341,
    287.88841819763184,
    270.82147121429443,
    276.49363136291504,
    270.7576313018799,
    274.1693458557129,
    273.0210247039795,
    283.35849475860596,
    275.33753776550293,
    276.48863887786865,
    270.8100814819336,
    271.89436626434326,
    270.76780891418457,
    283.34188747406006,
    271.88994884490967,
    271.86710357666016,
    276.45648097991943,
    274.179744720459,
    276.51871967315674,
    277.65465545654297,
    277.7261772155762,
    275.30620861053467,
    275.379487991333,
    275.3860788345337,
    274.30492877960205,
    275.38425731658936,
    265.07753467559814,
    280.98950481414795,
    277.6419200897217,
    274.1797742843628,
    276.46972846984863,
    276.49673652648926,
    275.37424182891846,
    269.69475078582764,
    276.51632022857666,
    275.40035343170166,
    275.38083362579346,
    276.44617557525635,
    274.2591018676758,
    271.90905570983887,
    276.48274993896484,
    273.0709447860718,
    274.262752532959,
    276.534143447876,
    277.638463973999,
    277.7202558517456,
    273.11046409606934,
    284.45081424713135,
    270.76934337615967,
    274.13446521759033,
    274.24620628356934,
    277.592830657959,
    277.59152030944824,
    273.0506258010864,
    278.75465869903564,
    274.14467334747314,
    273.0556802749634,
    281.07072162628174,
    278.7938861846924,
    271.9918403625488,
    269.63753509521484,
    274.2386884689331,
    278.6843204498291,
    269.604416847229,
    277.62700939178467,
    273.0385284423828,
    278.7935047149658,
    271.94496154785156,
    278.7920322418213,
    277.66032123565674,
    282.209698677063,
    271.8949136734009,
    276.46163272857666,
    270.74860668182373,
    273.07011127471924,
    270.79657554626465
  ]
}