{
  "label": "m4n_full_nid001760_g0",
  "num_cells": 8,
  "graph_mode": 1,
  "mode": "GRAPH",
  "mean_ms": 0.9240633606910705,
  "per_cell_ms": 0.11550792008638382,
  "p95_ms": 1.0418976187705993,
  "p99_ms": 1.0828326022624968,
  "miss_1ms": 0.26,
  "raw": [
    0.9544000029563904,
    0.884223997592926,
    0.6622080206871033,
    0.7011200189590454,
    0.9715840220451355,
    0.8727359771728516,
    0.9007359743118286,
    1.0395519733428955,
    0.9582399725914001,
    0.8857600092887878,
    0.8678079843521118,
    1.047711968421936,
    0.869983971118927,
    1.1165759563446045,
    0.9336959719657898,
    1.0224640369415283,
    0.958624005317688,
    0.8831040263175964,
    0.8729599714279175,
    1.037984013557434,
    0.9633920192718506,
    0.8654400110244751,
    0.888159990310669,
    1.0259840488433838,
    0.9533759951591492,
    0.884768009185791,
    0.8805760145187378,
    1.0400320291519165,
    0.9630079865455627,
    0.7958719730377197,
    0.8702080249786377,
    1.0332159996032715,
    1.0188159942626953,
    0.889631986618042,
    0.9263039827346802,
    1.0434240102767944,
    0.9659519791603088,
    0.9082239866256714,
    0.8728960156440735,
    1.0340800285339355,
    0.9675840139389038,
    0.8676480054855347,
    0.8734080195426941,
    1.0199040174484253,
    0.6974719762802124,
    0.793503999710083,
    0.861952006816864,
    1.036736011505127,
    0.9593279957771301,
    0.86080002784729
  ]
}