{
  "label": "g40_baseline",
  "num_cells": 20,
  "num_tx": 4,
  "num_rx": 4,
  "mcs": 2,
  "hbm_pct": 44.2,
  "stats": {
    "name": "g40_baseline",
    "count": 100,
    "mean_ms": 15.068392953276634,
    "std_ms": 0.8766527635415577,
    "p50_ms": 14.694736003875732,
    "p95_ms": 17.12666400074959,
    "p99_ms": 18.465849611759186,
    "min_ms": 14.616128027439117,
    "max_ms": 18.61411201953888,
    "jitter": 0.05817825207106302
  },
  "miss_1ms": 1.0,
  "raw": [
    16.841599941253662,
    18.464352011680603,
    18.61411201953888,
    15.087808072566986,
    14.718848049640656,
    14.716831982135773,
    14.8406400680542,
    14.744671821594238,
    14.734208106994629,
    14.712768018245697,
    14.728640019893646,
    14.7467520236969,
    14.667616069316864,
    17.27212792634964,
    15.131999909877777,
    14.694176077842712,
    14.699583947658539,
    14.677631974220276,
    14.696704089641571,
    14.687712013721466,
    14.692320048809052,
    14.85347205400467,
    14.681055963039398,
    14.65171205997467,
    15.879519939422607,
    16.66518384218216,
    14.693663954734802,
    14.682751953601837,
    14.668639957904816,
    14.69187206029892,
    14.69049608707428,
    14.683328092098236,
    14.699263989925385,
    14.694975972175598,
    14.723456025123596,
    14.711391925811768,
    17.119008004665375,
    15.475904047489166,
    14.711583971977234,
    14.714400053024292,
    14.716064035892487,
    14.736703932285309,
    14.641183912754059,
    14.640735983848572,
    14.682111918926239,
    14.643615961074829,
    14.640576004981995,
    15.466336071491241,
    16.822943925857544,
    17.913695871829987,
    14.652480006217957,
    14.663839995861053,
    14.678784012794495,
    14.678400039672852,
    14.682272017002106,
    14.672128081321716,
    14.78220796585083,
    14.75241607427597,
    14.642559945583344,
    16.69942396879196,
    15.591007947921753,
    14.662847876548767,
    14.652128040790558,
    14.658176004886627,
    14.643359959125519,
    14.64444786310196,
    14.667199909687042,
    14.658944070339203,
    14.674271941184998,
    14.66153609752655,
    15.228704035282135,
    17.08438390493393,
    14.69619208574295,
    14.7915198802948,
    14.645535945892334,
    14.754399955272675,
    14.687167942523956,
    14.767295956611633,
    14.668192028999329,
    14.652991890907288,
    14.68860810995102,
    14.640256106853485,
    16.44985592365265,
    15.861664056777954,
    14.690335988998413,
    14.677631974220276,
    14.694496035575867,
    14.73145604133606,
    14.800831973552704,
    14.691551923751831,
    14.935711920261383,
    14.654624044895172,
    14.649984002113342,
    14.95139193534851,
    17.309728026390076,
    14.697567999362946,
    14.64982408285141,
    14.616128027439117,
    14.66131192445755,
    14.624768018722534
  ]
}