{
  "label": "heavy_qwen72b",
  "num_cells": 20,
  "num_tx": 4,
  "num_rx": 4,
  "mcs": 2,
  "hbm_pct": 65.5,
  "stats": {
    "name": "heavy_qwen72b",
    "count": 100,
    "mean_ms": 22.042411839365958,
    "std_ms": 7.114373683365945,
    "p50_ms": 19.81415992975235,
    "p95_ms": 35.06186714172363,
    "p99_ms": 40.20706591129321,
    "min_ms": 16.590207934379578,
    "max_ms": 76.02704071998596,
    "jitter": 0.3227584048066941
  },
  "miss_1ms": 1.0,
  "raw": [
    19.464159905910492,
    19.73612803220749,
    20.828000128269196,
    19.542111992836,
    18.99209612607956,
    39.845247983932495,
    17.700863897800446,
    16.798976004123688,
    18.806623816490173,
    19.33107215166092,
    21.419167816638947,
    16.590207934379578,
    17.26124793291092,
    26.386399924755096,
    24.26988798379898,
    18.780256032943726,
    20.57676810026169,
    18.769792079925537,
    28.229439616203308,
    17.583711981773376,
    17.527071952819824,
    25.62236773967743,
    19.34297603368759,
    18.625088095664978,
    36.75161612033844,
    22.898176193237305,
    18.37523204088211,
    23.003104150295258,
    18.639455914497375,
    27.000159561634064,
    18.60595190525055,
    17.67795205116272,
    35.0453759431839,
    19.68319994211197,
    20.708863973617554,
    18.36127996444702,
    23.873279988765717,
    18.219264030456543,
    21.66041612625122,
    18.98467195034027,
    19.723136067390442,
    19.43644803762436,
    22.81529611349106,
    18.25520008802414,
    19.845503985881805,
    18.83782422542572,
    18.58515202999115,
    19.652832210063934,
    20.24288010597229,
    17.290367901325226,
    17.885247886180878,
    17.226208090782166,
    18.876896023750305,
    20.30646401643753,
    19.085343956947327,
    20.43318384885788,
    20.736288011074066,
    21.023072242736816,
    23.486143827438354,
    35.37519991397858,
    22.826304256916046,
    20.968383729457855,
    19.254239976406097,
    18.901791989803314,
    20.8548800945282,
    20.464768052101135,
    20.720352172851562,
    23.70579183101654,
    19.46227204799652,
    18.087775886058807,
    20.34636813402176,
    28.13206374645233,
    34.06998419761658,
    76.02704071998596,
    21.188640356063843,
    22.71558392047882,
    18.870848059654236,
    27.958015501499176,
    23.44700789451599,
    24.25167989730835,
    21.720640182495117,
    21.295743942260742,
    24.766016125679016,
    19.782815873622894,
    20.06406396627426,
    26.639071881771088,
    19.651840031147003,
    21.72358399629593,
    20.426144063472748,
    36.92399996519089,
    26.267999827861786,
    18.553376019001007,
    17.815680027008057,
    19.700735986232758,
    23.547359824180603,
    19.41718417406082,
    19.13081604242325,
    18.644831955432892,
    17.502719938755035,
    17.776415944099426
  ]
}