{
  "label": "q32b4n_qwen32b_nid001761_g1",
  "num_cells": 8,
  "graph_mode": 1,
  "mode": "GRAPH",
  "mean_ms": 0.43579455971717834,
  "per_cell_ms": 0.05447431996464729,
  "p95_ms": 0.4415471971035004,
  "p99_ms": 0.4467020836472511,
  "miss_1ms": 0.0,
  "raw": [
    0.43427199125289917,
    0.4367679953575134,
    0.437824010848999,
    0.4360640048980713,
    0.44435200095176697,
    0.43513599038124084,
    0.434688001871109,
    0.43542400002479553,
    0.43536001443862915,
    0.4362240135669708,
    0.4367679953575134,
    0.4346559941768646,
    0.43462398648262024,
    0.43641600012779236,
    0.43727999925613403,
    0.43433600664138794,
    0.4345279932022095,
    0.4360960125923157,
    0.43587198853492737,
    0.4347839951515198,
    0.4349119961261749,
    0.4294399917125702,
    0.43612799048423767,
    0.4344319999217987,
    0.4285759925842285,
    0.43510401248931885,
    0.43590399622917175,
    0.4334079921245575,
    0.443231999874115,
    0.43484801054000854,
    0.4336960017681122,
    0.43456000089645386,
    0.4354560077190399,
    0.43568000197410583,
    0.4394879937171936,
    0.4331839978694916,
    0.4344959855079651,
    0.43587198853492737,
    0.43564799427986145,
    0.43481600284576416,
    0.43401598930358887,
    0.43769600987434387,
    0.44896000623703003,
    0.43507200479507446,
    0.43536001443862915,
    0.4352000057697296,
    0.4360640048980713,
    0.43561598658561707,
    0.4352000057697296,
    0.43619200587272644
  ]
}