{
  "label": "s4n4g_gpt2_nid003956_g2",
  "num_cells": 8,
  "graph_mode": 1,
  "mode": "GRAPH",
  "mean_ms": 0.4333248001337051,
  "per_cell_ms": 0.05416560001671314,
  "p95_ms": 0.43711680471897124,
  "p99_ms": 0.4383299309015274,
  "miss_1ms": 0.0,
  "raw": [
    0.435263991355896,
    0.43539199233055115,
    0.4363200068473816,
    0.4343680143356323,
    0.4318400025367737,
    0.43382400274276733,
    0.4376640021800995,
    0.4349119961261749,
    0.4350399971008301,
    0.4349119961261749,
    0.4336000084877014,
    0.43539199233055115,
    0.434688001871109,
    0.43350398540496826,
    0.4344959855079651,
    0.4320319890975952,
    0.4344319999217987,
    0.43164798617362976,
    0.4280639886856079,
    0.4322560131549835,
    0.43187201023101807,
    0.4336319863796234,
    0.4341759979724884,
    0.4328959882259369,
    0.43273600935935974,
    0.4344640076160431,
    0.434112012386322,
    0.43241599202156067,
    0.4249280095100403,
    0.43379199504852295,
    0.437824010848999,
    0.4325439929962158,
    0.4314559996128082,
    0.4336960017681122,
    0.4328959882259369,
    0.43881601095199585,
    0.42505601048469543,
    0.4338879883289337,
    0.43404799699783325,
    0.43248000741004944,
    0.43187201023101807,
    0.43644800782203674,
    0.43296000361442566,
    0.434688001871109,
    0.4280959963798523,
    0.43536001443862915,
    0.43375998735427856,
    0.4320639967918396,
    0.43088001012802124,
    0.43273600935935974
  ]
}