{
  "label": "eval_B_gpt2",
  "num_cells": 8,
  "graph_mode": 1,
  "mode": "GRAPH",
  "mean_ms": 0.5248166418075562,
  "per_cell_ms": 0.06560208022594452,
  "p95_ms": 0.7129760205745695,
  "p99_ms": 0.7704329651594162,
  "miss_1ms": 0.0,
  "raw": [
    0.5019519925117493,
    0.5166720151901245,
    0.4965119957923889,
    0.4973120093345642,
    0.5204160213470459,
    0.4982079863548279,
    0.5055999755859375,
    0.5199040174484253,
    0.49990400671958923,
    0.49929600954055786,
    0.5178560018539429,
    0.5017600059509277,
    0.5092800259590149,
    0.501471996307373,
    0.5039359927177429,
    0.6916800141334534,
    0.5092480182647705,
    0.5079039931297302,
    0.7597759962081909,
    0.5152320265769958,
    0.5051199793815613,
    0.730400025844574,
    0.5114880204200745,
    0.5047039985656738,
    0.5801600217819214,
    0.4997439980506897,
    0.5241600275039673,
    0.5061119794845581,
    0.49804800748825073,
    0.5161600112915039,
    0.5019840002059937,
    0.5001279711723328,
    0.49663999676704407,
    0.5040640234947205,
    0.5016639828681946,
    0.5003839731216431,
    0.50108802318573,
    0.4973439872264862,
    0.5043839812278748,
    0.49699199199676514,
    0.49983999133110046,
    0.4970560073852539,
    0.49622398614883423,
    0.5036479830741882,
    0.49987199902534485,
    0.5018879771232605,
    0.4976640045642853,
    0.506496012210846,
    0.502784013748169,
    0.780672013759613
  ]
}