{
  "label": "m4n_full_nid001757_g2",
  "num_cells": 8,
  "graph_mode": 1,
  "mode": "GRAPH",
  "mean_ms": 2.288927358388901,
  "per_cell_ms": 0.2861159197986126,
  "p95_ms": 4.2658816933631885,
  "p99_ms": 4.5392258787155155,
  "miss_1ms": 0.96,
  "raw": [
    2.2019200325012207,
    1.379423975944519,
    1.3762240409851074,
    1.3785279989242554,
    1.6569600105285645,
    1.208191990852356,
    0.959231972694397,
    2.6789441108703613,
    2.7471680641174316,
    3.729696035385132,
    3.973439931869507,
    2.2052159309387207,
    2.2240960597991943,
    1.3265279531478882,
    1.4439680576324463,
    1.4664640426635742,
    1.2774399518966675,
    2.9724481105804443,
    3.763295888900757,
    3.9599359035491943,
    2.205375909805298,
    1.166208028793335,
    2.7468159198760986,
    3.8801920413970947,
    4.5444159507751465,
    2.186271905899048,
    2.181920051574707,
    1.198367953300476,
    1.403167963027954,
    1.4815360307693481,
    1.7827839851379395,
    1.2860159873962402,
    0.9102399945259094,
    2.646559953689575,
    2.7566399574279785,
    3.8880319595336914,
    4.5338239669799805,
    2.676287889480591,
    1.4919040203094482,
    2.5064640045166016,
    1.6303679943084717,
    1.375264048576355,
    1.2660160064697266,
    1.4591679573059082,
    1.621664047241211,
    1.0421760082244873,
    2.959968090057373,
    4.505152225494385,
    3.9639999866485596,
    3.2204480171203613
  ]
}