{
  "label": "s1n4g_baseline_nid001285_g2",
  "num_cells": 8,
  "graph_mode": 1,
  "mode": "GRAPH",
  "mean_ms": 0.588496001958847,
  "per_cell_ms": 0.07356200024485587,
  "p95_ms": 0.5513279974460602,
  "p99_ms": 1.643533431291576,
  "miss_1ms": 0.02,
  "raw": [
    0.5445759892463684,
    0.5543040037155151,
    0.5475199818611145,
    0.5488319993019104,
    0.5506880283355713,
    0.5516160130500793,
    0.543936014175415,
    0.5503360033035278,
    0.5433599948883057,
    0.5446720123291016,
    0.5446079969406128,
    0.5417600274085999,
    0.5460799932479858,
    0.5443519949913025,
    0.548799991607666,
    0.5416640043258667,
    0.5428799986839294,
    0.5449600219726562,
    0.5454400181770325,
    0.5404800176620483,
    0.5431039929389954,
    0.5509759783744812,
    0.5432000160217285,
    0.542527973651886,
    0.5440000295639038,
    0.5482239723205566,
    0.5448319911956787,
    0.543008029460907,
    0.5422080159187317,
    0.5499839782714844,
    0.5451520085334778,
    0.5434880256652832,
    0.5405120253562927,
    0.544704020023346,
    0.5479999780654907,
    0.546720027923584,
    0.5455679893493652,
    0.5450559854507446,
    0.5481280088424683,
    0.5435839891433716,
    0.5432639718055725,
    0.5493119955062866,
    0.5448960065841675,
    0.5431680083274841,
    0.5435839891433716,
    0.5465279817581177,
    0.5464640259742737,
    0.5428799986839294,
    0.550815999507904,
    2.6900479793548584
  ]
}