{
  "label": "g40_sm100",
  "num_cells": 20,
  "num_tx": 4,
  "num_rx": 4,
  "mcs": 2,
  "hbm_pct": 44.2,
  "stats": {
    "name": "g40_sm100",
    "count": 100,
    "mean_ms": 16.473856957554815,
    "std_ms": 6.344525409259889,
    "p50_ms": 14.706991970539093,
    "p95_ms": 29.182236629724496,
    "p99_ms": 42.64859545826919,
    "min_ms": 14.624031782150269,
    "max_ms": 56.61504024267197,
    "jitter": 0.38512689685279355
  },
  "miss_1ms": 1.0,
  "raw": [
    16.209215998649597,
    29.043199837207794,
    41.854272067546844,
    14.660991966724396,
    14.679903984069824,
    14.659615933895111,
    14.670367956161499,
    14.80272001028061,
    14.678719937801361,
    14.714687883853912,
    14.678624093532562,
    14.665823936462402,
    14.730240046977997,
    18.148000121116638,
    15.175711929798126,
    14.658623993396759,
    14.650335967540741,
    14.65641587972641,
    14.711616039276123,
    14.711456000804901,
    14.660160064697266,
    14.689248085021973,
    14.706399977207184,
    14.701824069023132,
    15.847423911094666,
    16.672639966011047,
    14.703136146068573,
    14.62796801328659,
    17.48393589258194,
    14.722208023071289,
    14.695903956890106,
    14.66073602437973,
    14.744191825389862,
    14.63155198097229,
    14.696928024291992,
    14.80979198217392,
    17.05651205778122,
    15.393344044685364,
    14.63481593132019,
    14.749440014362335,
    14.718239963054657,
    14.687647938728333,
    14.63270390033722,
    14.71212786436081,
    14.644160032272339,
    14.745023965835571,
    14.707583963871002,
    15.51743996143341,
    16.924544095993042,
    14.624031782150269,
    14.635648012161255,
    14.645856022834778,
    14.684672057628632,
    14.64633595943451,
    14.748416066169739,
    14.640735924243927,
    14.773056149482727,
    17.513504028320312,
    14.682495951652527,
    56.61504024267197,
    31.82393568754196,
    14.705344080924988,
    14.645376086235046,
    14.705600082874298,
    14.630784034729004,
    14.792127966880798,
    14.69510406255722,
    14.64633595943451,
    14.920959949493408,
    14.652543902397156,
    15.251551926136017,
    17.09142404794693,
    14.737248003482819,
    14.634624004364014,
    14.713184118270874,
    14.684607982635498,
    14.655872106552124,
    14.691744029521942,
    14.675808131694794,
    14.72649598121643,
    14.772800207138062,
    14.73366391658783,
    42.507520258426666,
    37.325087904930115,
    14.68476802110672,
    14.698143899440765,
    14.743552088737488,
    14.646080017089844,
    14.690271973609924,
    14.751519918441772,
    14.776127934455872,
    14.669599950313568,
    14.699743926525116,
    15.00460797548294,
    17.5869117975235,
    14.8367360830307,
    14.85395210981369,
    14.742400050163269,
    14.797344028949738,
    14.636224091053009
  ]
}