{
  "label": "resnet_bs64",
  "stats": {
    "name": "resnet_bs64",
    "count": 100,
    "mean_ms": 3.295016955137253,
    "std_ms": 3.0664775174981043,
    "p50_ms": 2.277567982673645,
    "p95_ms": 9.073422670364378,
    "p99_ms": 14.796488370895402,
    "min_ms": 1.0845119953155518,
    "max_ms": 17.99065589904785,
    "jitter": 0.9306408917614724
  },
  "miss_1ms": 1.0,
  "raw": [
    9.053312301635742,
    2.5874240398406982,
    1.7134079933166504,
    2.9106240272521973,
    2.3751039505004883,
    1.268064022064209,
    1.4955519437789917,
    1.1241919994354248,
    2.381216049194336,
    2.5724799633026123,
    14.522080421447754,
    3.640415906906128,
    6.628640174865723,
    3.755232095718384,
    1.4977600574493408,
    1.1751359701156616,
    1.4591360092163086,
    2.607424020767212,
    2.0785601139068604,
    1.3506879806518555,
    1.4710719585418701,
    1.3143999576568604,
    2.832063913345337,
    2.109503984451294,
    7.175551891326904,
    3.3762879371643066,
    7.24015998840332,
    5.071167945861816,
    2.636768102645874,
    1.49126398563385,
    1.4716800451278687,
    1.5345280170440674,
    1.3687039613723755,
    2.3865280151367188,
    1.7021440267562866,
    1.4771840572357178,
    1.5637760162353516,
    1.2857919931411743,
    2.889120101928711,
    3.018496036529541,
    1.6048640012741089,
    1.32806396484375,
    17.99065589904785,
    2.7499840259552,
    8.743231773376465,
    11.303199768066406,
    2.7385599613189697,
    1.1628799438476562,
    1.6788159608840942,
    1.0845119953155518,
    1.247871994972229,
    2.8644800186157227,
    2.4458560943603516,
    1.3627519607543945,
    1.4685440063476562,
    1.3107839822769165,
    3.0400640964508057,
    2.2191998958587646,
    2.255295991897583,
    4.249855995178223,
    9.455519676208496,
    3.7099521160125732,
    8.47935962677002,
    3.732991933822632,
    3.0113279819488525,
    3.0136640071868896,
    1.8503999710083008,
    1.3502399921417236,
    1.6102080345153809,
    2.915872097015381,
    2.2350399494171143,
    1.7761919498443604,
    2.889024019241333,
    2.148063898086548,
    2.4120640754699707,
    1.7062079906463623,
    1.490880012512207,
    3.1890881061553955,
    14.7642240524292,
    4.805408000946045,
    6.494304180145264,
    4.10752010345459,
    2.643968105316162,
    1.5497280359268188,
    1.7082560062408447,
    2.7467200756073,
    2.299839973449707,
    1.3781440258026123,
    1.7153600454330444,
    1.3240959644317627,
    2.2464959621429443,
    1.5739519596099854,
    1.6315840482711792,
    1.196671962738037,
    1.7299200296401978,
    3.6133439540863037,
    8.294879913330078,
    4.585055828094482,
    8.267487525939941,
    1.3865280151367188
  ]
}