{
  "label": "bora_C_nid008353_g3",
  "config": "C",
  "mean_ms": 0.5966681575775147,
  "p99_ms": 0.9719548428058621,
  "miss_1ms": 0.02,
  "raw": [
    0.5580800175666809,
    0.5439040064811707,
    0.5879039764404297,
    0.5452160239219666,
    0.5527359843254089,
    0.7542399764060974,
    0.5463359951972961,
    0.5512959957122803,
    0.551584005355835,
    0.5463680028915405,
    0.5507839918136597,
    0.5507519841194153,
    0.57014399766922,
    0.5553600192070007,
    0.609279990196228,
    0.5547839999198914,
    0.5658559799194336,
    0.6034240126609802,
    0.5547199845314026,
    0.6675199866294861,
    0.5355200171470642,
    0.5470719933509827,
    0.540992021560669,
    0.5461440086364746,
    0.548799991607666,
    1.0567679405212402,
    0.605567991733551,
    0.6106560230255127,
    0.5821120142936707,
    0.7827519774436951,
    0.6200960278511047,
    0.5591999888420105,
    0.5492159724235535,
    0.6585599780082703,
    0.883679986000061,
    0.6110720038414001,
    0.642911970615387,
    0.585856020450592,
    0.5678719878196716,
    0.5682560205459595,
    0.5771520137786865,
    0.569599986076355,
    0.5621119737625122,
    0.5999360084533691,
    0.5614719986915588,
    0.5803520083427429,
    0.5600640177726746,
    0.5665919780731201,
    0.5520960092544556,
    0.5806400179862976
  ]
}