{
  "label": "mig32_4n_base_nid001540_g3",
  "num_cells": 8,
  "graph_mode": 1,
  "mode": "GRAPH",
  "mean_ms": 0.46710079967975615,
  "per_cell_ms": 0.05838759995996952,
  "p95_ms": 0.46950719952583314,
  "p99_ms": 0.4736966478824615,
  "miss_1ms": 0.0,
  "raw": [
    0.4659520089626312,
    0.4678399860858917,
    0.4678399860858917,
    0.46931201219558716,
    0.46620801091194153,
    0.46700799465179443,
    0.46720001101493835,
    0.46639999747276306,
    0.46617600321769714,
    0.46774399280548096,
    0.46806401014328003,
    0.46620801091194153,
    0.47040000557899475,
    0.4676479995250702,
    0.4678719937801361,
    0.4675520062446594,
    0.4673280119895935,
    0.4679679870605469,
    0.46876800060272217,
    0.4694719910621643,
    0.46588799357414246,
    0.46825599670410156,
    0.4682239890098572,
    0.4660159945487976,
    0.465503990650177,
    0.466048002243042,
    0.4684799909591675,
    0.46694400906562805,
    0.46585598587989807,
    0.46460801362991333,
    0.46588799357414246,
    0.4655359983444214,
    0.4649919867515564,
    0.4658240079879761,
    0.46588799357414246,
    0.4654400050640106,
    0.4681920111179352,
    0.4695360064506531,
    0.4673919975757599,
    0.46454399824142456,
    0.4640960097312927,
    0.46700799465179443,
    0.4682239890098572,
    0.4650239944458008,
    0.465503990650177,
    0.4673280119895935,
    0.46803200244903564,
    0.4662399888038635,
    0.4647040069103241,
    0.4768640100955963
  ]
}