{
  "label": "resnet_bs1",
  "stats": {
    "name": "resnet_bs1",
    "count": 100,
    "mean_ms": 2.119740470647812,
    "std_ms": 2.5703547736067134,
    "p50_ms": 1.1038079857826233,
    "p95_ms": 7.983414602279663,
    "p99_ms": 12.631806573867806,
    "min_ms": 0.8304640054702759,
    "max_ms": 14.21571159362793,
    "jitter": 1.2125799404212863
  },
  "miss_1ms": 0.63,
  "raw": [
    1.1117759943008423,
    1.8843200206756592,
    6.440351963043213,
    2.8130879402160645,
    7.764063835144043,
    4.004032135009766,
    1.123744010925293,
    0.9251199960708618,
    1.1138240098953247,
    0.8929280042648315,
    1.1162240505218506,
    0.9008640050888062,
    1.1118719577789307,
    0.8892800211906433,
    1.1421120166778564,
    0.8883200287818909,
    1.1285120248794556,
    0.8783680200576782,
    1.0987199544906616,
    0.8749759793281555,
    1.1314879655838013,
    1.8874239921569824,
    7.994783878326416,
    7.75654411315918,
    7.0024638175964355,
    3.2401280403137207,
    1.1337920427322388,
    0.8847360014915466,
    1.121343970298767,
    0.9370560050010681,
    1.0616320371627808,
    0.8601599931716919,
    1.1310080289840698,
    0.8629119992256165,
    1.1135040521621704,
    0.8339840173721313,
    1.116320013999939,
    0.8935999870300293,
    1.1267199516296387,
    0.9032639861106873,
    1.0929919481277466,
    1.712224006652832,
    12.61580753326416,
    2.983232021331787,
    7.709727764129639,
    0.8888639807701111,
    1.1263999938964844,
    0.9006400108337402,
    1.1251200437545776,
    0.8903999924659729,
    1.0767680406570435,
    0.9158400297164917,
    1.1358400583267212,
    0.9284480214118958,
    1.1177279949188232,
    0.8914880156517029,
    1.0698879957199097,
    0.8857600092887878,
    1.0857280492782593,
    0.8496959805488586,
    4.528223991394043,
    3.294879913330078,
    8.115872383117676,
    5.489727973937988,
    8.213215827941895,
    0.9090880155563354,
    1.1225279569625854,
    0.8943679928779602,
    1.1253759860992432,
    0.8908479809761047,
    1.1687040328979492,
    0.9146239757537842,
    1.1047359704971313,
    0.8799039721488953,
    1.0941439867019653,
    0.8784000277519226,
    1.099776029586792,
    0.8975359797477722,
    1.1153919696807861,
    0.8422399759292603,
    3.4989120960235596,
    3.3255040645599365,
    7.982816219329834,
    1.012895941734314,
    14.21571159362793,
    0.8831679821014404,
    1.1211199760437012,
    0.9304959774017334,
    1.0554879903793335,
    0.8304640054702759,
    1.1297279596328735,
    0.8862400054931641,
    1.1028800010681152,
    0.8967679738998413,
    1.1381440162658691,
    0.851967990398407,
    1.05948805809021,
    0.8520960211753845,
    1.0587519407272339,
    1.463871955871582
  ]
}