{
  "label": "mig32_1n_base_nid001533_g0",
  "num_cells": 8,
  "graph_mode": 1,
  "mode": "GRAPH",
  "mean_ms": 0.5963059210777283,
  "per_cell_ms": 0.07453824013471604,
  "p95_ms": 0.6041903853416443,
  "p99_ms": 0.6061459231376648,
  "miss_1ms": 0.0,
  "raw": [
    0.59552001953125,
    0.6004800200462341,
    0.5963519811630249,
    0.5963199734687805,
    0.607807993888855,
    0.5979200005531311,
    0.604416012763977,
    0.5946559906005859,
    0.5989760160446167,
    0.5947520136833191,
    0.5949119925498962,
    0.593280017375946,
    0.5916799902915955,
    0.5943040251731873,
    0.5960959792137146,
    0.5936319828033447,
    0.593887984752655,
    0.6043199896812439,
    0.5950080156326294,
    0.5959360003471375,
    0.5940160155296326,
    0.5962240099906921,
    0.594976007938385,
    0.5946239829063416,
    0.5925120115280151,
    0.5937920212745667,
    0.5981119871139526,
    0.5928639769554138,
    0.5921599864959717,
    0.5934720039367676,
    0.5980160236358643,
    0.5952320098876953,
    0.5914559960365295,
    0.5949119925498962,
    0.6011520028114319,
    0.594976007938385,
    0.5911359786987305,
    0.5952640175819397,
    0.6039040088653564,
    0.5943040251731873,
    0.5906879901885986,
    0.5926079750061035,
    0.599839985370636,
    0.5956799983978271,
    0.6040319800376892,
    0.5967360138893127,
    0.6022080183029175,
    0.5932480096817017,
    0.6036159992218018,
    0.593280017375946
  ]
}