{
  "label": "bora_A_nid008353_g1",
  "config": "A",
  "mean_ms": 0.4741727995872498,
  "p99_ms": 0.4772518381476402,
  "miss_1ms": 0.0,
  "raw": [
    0.47433599829673767,
    0.47603198885917664,
    0.4764479994773865,
    0.47596800327301025,
    0.46726399660110474,
    0.47567999362945557,
    0.47673600912094116,
    0.474592000246048,
    0.4750080108642578,
    0.4750399887561798,
    0.47465598583221436,
    0.4769600033760071,
    0.4747200012207031,
    0.47542399168014526,
    0.47542399168014526,
    0.4745280146598816,
    0.4678719937801361,
    0.4718720018863678,
    0.47516798973083496,
    0.47516798973083496,
    0.47577598690986633,
    0.4774399995803833,
    0.4747200012207031,
    0.4731520116329193,
    0.4737600088119507,
    0.47462400794029236,
    0.4752640128135681,
    0.4752640128135681,
    0.4673919975757599,
    0.4753279983997345,
    0.47523200511932373,
    0.4728640019893646,
    0.4743039906024933,
    0.47513601183891296,
    0.47705599665641785,
    0.4737280011177063,
    0.47305598855018616,
    0.47417598962783813,
    0.4732480049133301,
    0.4744639992713928,
    0.47177600860595703,
    0.47356799244880676,
    0.4695039987564087,
    0.47523200511932373,
    0.4749760031700134,
    0.4748159945011139,
    0.4723840057849884,
    0.473471999168396,
    0.47411200404167175,
    0.47391998767852783
  ]
}